Total, Raycast, Update_cache, Inflation, PointCloudNumber, CacheNumber, InflationNumber, PointCloudPayloadBytes, PointCloudPointStep
0.0291923, 0.0169487, 0.0122416, 0.00698456, 5917, 43109, 402087, 118340, 20
0.0792158, 0.0400426, 0.0391719, 0.0189393, 18454, 125357, 1.03504e+06, 590528, 32
0.0550189, 0.0329343, 0.0220819, 0.0050196, 18603, 126595, 442554, 595296, 32
0.0171322, 0.0116642, 0.00546636, 0.000640215, 5917, 43740, 40959, 118340, 20
0.016692, 0.0111584, 0.00553196, 0.000691162, 5890, 43822, 47847, 117800, 20
0.0168044, 0.0121641, 0.00463898, 0, 5901, 43062, 0, 118020, 20
0.0246765, 0.0150633, 0.00961124, 0.00245071, 7378, 52464, 154365, 147560, 20
0.0213561, 0.0133883, 0.00796643, 0.00190012, 8117, 43406, 115866, 162340, 20
0.0188144, 0.0118722, 0.0069408, 0.00161574, 8326, 40164, 99999, 166520, 20
0.0220802, 0.0127952, 0.00928307, 0.00296547, 9391, 45150, 164943, 187820, 20
0.0583498, 0.0321063, 0.0262412, 0.00892634, 19650, 113874, 533328, 393000, 20
0.0565141, 0.0321558, 0.0243569, 0.00755745, 21669, 112029, 465309, 693408, 32
0.0208419, 0.0136136, 0.00722664, 0.00178807, 14735, 39465, 131856, 294700, 20
0.0166041, 0.0112035, 0.00539882, 0.00138222, 18209, 34810, 89421, 364180, 20
0.0492082, 0.0259232, 0.0232828, 0.00763506, 40585, 88007, 422874, 1.29872e+06, 32
0.038486, 0.0229693, 0.0155148, 0.00353013, 48039, 83412, 233577, 1.53725e+06, 32
0.0381206, 0.0236812, 0.0144361, 0.00262277, 47794, 83651, 182163, 955880, 20
0.0381538, 0.0220969, 0.0160553, 0.00109747, 47901, 83745, 44403, 958020, 20
0.0420128, 0.0291848, 0.0128265, 0.00138197, 41306, 78652, 77367, 1.32179e+06, 32
0.029699, 0.0205843, 0.00911334, 0.00010237, 41182, 78119, 3321, 823640, 20
0.0321234, 0.0219859, 0.0101361, 0.000116461, 41174, 78490, 3321, 823480, 20
0.0365755, 0.0248771, 0.0116957, 0.000918446, 41167, 77737, 54735, 823340, 20
0.0424125, 0.0262131, 0.0161971, 0.00336059, 40094, 96809, 196185, 801880, 20
0.0472014, 0.028602, 0.0185977, 0.00394405, 29362, 103345, 232224, 587240, 20
0.0513332, 0.0328575, 0.0184738, 0.00463057, 32894, 102209, 284376, 657880, 20
0.0506279, 0.029385, 0.0212404, 0.00473982, 29188, 103070, 292740, 583760, 20
0.0570113, 0.0388044, 0.0182042, 0.003309, 34331, 104959, 228657, 1.09859e+06, 32
0.039285, 0.0244443, 0.0148388, 0.00166099, 25823, 90999, 100860, 516460, 20
0.0390915, 0.0250658, 0.0140235, 0.00137685, 25867, 92119, 77859, 517340, 20
0.0396907, 0.0258062, 0.0138825, 0.000839901, 25834, 91895, 38622, 516680, 20
0.0419201, 0.0284492, 0.013469, 0.000925267, 29237, 97079, 44280, 935584, 32
0.0524617, 0.0326553, 0.0198042, 0.00513219, 32742, 117049, 346614, 1.04774e+06, 32
0.0417791, 0.0260469, 0.0157304, 0.00213884, 25466, 103600, 147231, 814912, 32
0.0366465, 0.0235525, 0.0130926, 0.00147396, 25550, 107035, 118572, 817600, 32
0.0314985, 0.0224797, 0.00901742, 0.000573724, 25508, 106611, 42312, 816256, 32
0.0380033, 0.0251476, 0.0128541, 0.00199684, 38230, 116758, 183762, 1.22336e+06, 32
0.0346415, 0.0205034, 0.0141364, 0.00445691, 37555, 93281, 456699, 1.20176e+06, 32
0.0263419, 0.0157726, 0.0105678, 0.00226908, 33782, 79789, 213282, 1.08102e+06, 32
0.0301228, 0.020562, 0.00955912, 0.00146119, 33416, 79375, 128535, 1.06931e+06, 32
0.0210716, 0.0135512, 0.00751791, 0.000957209, 24745, 70061, 83394, 494900, 20
0.0246712, 0.0163818, 0.00828729, 0.000970941, 32793, 79155, 82533, 1.04938e+06, 32
0.0296037, 0.019855, 0.00974663, 0.00217818, 65395, 76918, 192864, 2.09264e+06, 32
0.0235426, 0.0142122, 0.00932847, 0.00156917, 46807, 74232, 144525, 1.49782e+06, 32
0.0365844, 0.021306, 0.0152768, 0.00486387, 46175, 94047, 447966, 1.4776e+06, 32
0.0489598, 0.0250065, 0.023951, 0.00720189, 32318, 112812, 725700, 1.03418e+06, 32
0.0363448, 0.0211062, 0.0152373, 0.00291199, 26924, 110197, 289296, 861568, 32
0.0322304, 0.0213065, 0.0109219, 0.00152973, 14173, 91062, 121647, 283460, 20
0.0235857, 0.0160013, 0.00758223, 0.00086427, 14282, 91165, 87084, 285640, 20
0.025343, 0.0154977, 0.00984346, 0.00101401, 14126, 90530, 70233, 282520, 20
0.0106222, 0.00713695, 0.00348417, 0.000297883, 8104, 32322, 23124, 162080, 20
0.0230147, 0.0140153, 0.00899801, 0.000618786, 14127, 90436, 38130, 282540, 20
0.0266852, 0.0171106, 0.00957246, 0.000494889, 14127, 90206, 28536, 282540, 20
0.0252258, 0.0164087, 0.00881517, 0.000277508, 14147, 91390, 12915, 282940, 20
0.0364478, 0.0225605, 0.0138845, 0.00180921, 31907, 111040, 152028, 1.02102e+06, 32
0.0452798, 0.0247369, 0.02054, 0.00675252, 32818, 101827, 556083, 1.05018e+06, 32
0.0323311, 0.0185586, 0.0137712, 0.00391284, 31234, 88947, 344031, 624680, 20
0.0291096, 0.0182427, 0.0108652, 0.00206006, 26449, 82472, 171954, 528980, 20
0.0349293, 0.0225583, 0.0123695, 0.00224418, 34953, 89299, 194955, 1.1185e+06, 32
0.0300329, 0.0186443, 0.0113871, 0.00152124, 31681, 84471, 129642, 1.01379e+06, 32
0.0140994, 0.00874725, 0.00535052, 0.00136229, 21651, 39415, 98031, 433020, 20
0.0320326, 0.0220456, 0.009985, 0.00205526, 29053, 80621, 175152, 581060, 20
0.0302266, 0.0165375, 0.0136872, 0.0037013, 33759, 83796, 316479, 675180, 20
0.0367293, 0.0232474, 0.0134796, 0.00317357, 44309, 89514, 288435, 1.41789e+06, 32
0.0295647, 0.019663, 0.00990013, 0.00122842, 40724, 84865, 95694, 814480, 20
0.0300573, 0.0190093, 0.0110464, 0.00136129, 29272, 81474, 113406, 936704, 32
0.0211507, 0.0139718, 0.00717649, 0.000336931, 21573, 73582, 18942, 431460, 20
0.00637214, 0.00453962, 0.00183135, 0.000124119, 15572, 17933, 9225, 311440, 20
0.0221717, 0.0155068, 0.00666247, 6.5304e-05, 21576, 74081, 2214, 431520, 20
0.030654, 0.0216601, 0.00899199, 0.000516008, 29238, 81259, 31980, 935616, 32
0.00861431, 0.00691864, 0.00169397, 0.000130642, 15572, 17986, 11316, 311440, 20
0.0186436, 0.0130463, 0.00559529, 3.514e-06, 21598, 74009, 123, 431960, 20
0.0185942, 0.0121718, 0.00642069, 0.000175406, 21594, 73622, 8241, 431880, 20
0.0191722, 0.0127989, 0.00637157, 0.000371877, 21549, 74461, 21525, 430980, 20
0.030826, 0.019937, 0.0108874, 0.00185895, 35796, 85253, 151659, 1.14547e+06, 32
0.0369915, 0.0210336, 0.0159564, 0.00396295, 27461, 98985, 395814, 878752, 32
0.0303893, 0.0183345, 0.0120524, 0.00184475, 23694, 92599, 175029, 758208, 32
0.0214163, 0.0133975, 0.0080168, 0.000581219, 11264, 82613, 37269, 225280, 20
0.0215449, 0.012724, 0.00881984, 0.00120482, 13343, 85031, 106395, 266860, 20
0.0224733, 0.0135184, 0.00895392, 0.00109963, 18800, 90362, 91020, 376000, 20
0.0329836, 0.0206524, 0.01233, 0.00189969, 28112, 98491, 141819, 899584, 32
0.0366109, 0.024192, 0.0124171, 0.00200396, 30554, 96751, 154857, 977728, 32
0.0279191, 0.0181537, 0.00976407, 0.00165472, 36341, 85955, 146247, 726820, 20
0.0291162, 0.0192547, 0.00985875, 0.00145152, 42252, 81681, 131610, 1.35206e+06, 32
0.0220911, 0.0146916, 0.00739646, 0.000722535, 36116, 73831, 52152, 722320, 20
0.0268021, 0.0176171, 0.00918175, 0.00080523, 38339, 75050, 54366, 1.22685e+06, 32
0.0118811, 0.00943452, 0.00244467, 0.000194078, 26131, 22121, 12792, 522620, 20
0.0215008, 0.0146633, 0.00683548, 0.000278066, 38487, 74979, 16974, 1.23158e+06, 32
0.00910156, 0.00651058, 0.00258997, 0.000359254, 32371, 24107, 31980, 647420, 20
0.0250249, 0.0166791, 0.0083443, 0.00113943, 43295, 76797, 92742, 1.38544e+06, 32
0.0339645, 0.0194835, 0.0144795, 0.00394643, 33597, 83728, 337143, 1.0751e+06, 32
0.0259036, 0.0160916, 0.0098099, 0.00195034, 20397, 75736, 189789, 407940, 20
0.0315653, 0.0208571, 0.0107061, 0.00167603, 26101, 81916, 158547, 835232, 32
0.0239525, 0.0157164, 0.00823427, 0.000888729, 17656, 75088, 67527, 353120, 20
0.0239925, 0.0155034, 0.00848766, 0.0008992, 23473, 77115, 75276, 751136, 32
0.0282269, 0.0189208, 0.00930449, 0.00140563, 30401, 82057, 141327, 972832, 32
0.0299593, 0.0179581, 0.011982, 0.00254052, 19734, 76578, 279702, 631488, 32
0.0268807, 0.0181006, 0.00877784, 0.00137543, 17803, 74816, 140220, 569696, 32
0.0253992, 0.0185192, 0.00687693, 0.000812584, 16020, 72498, 83517, 512640, 32
0.020772, 0.0147273, 0.00604303, 0.000463167, 10391, 67057, 37515, 207820, 20
0.0213868, 0.0156763, 0.00570841, 0.000348813, 10406, 67326, 25461, 208120, 20
0.00773787, 0.00558763, 0.00214886, 3.0545e-05, 4394, 25581, 1230, 87880, 20
0.0329934, 0.0216318, 0.0113596, 0.00219872, 23358, 76801, 190281, 747456, 32
0.0256368, 0.0169299, 0.00870529, 0.00148259, 24420, 75237, 133824, 488400, 20
0.0275181, 0.0183132, 0.00920293, 0.00149105, 29310, 82795, 142434, 586200, 20
0.0277627, 0.0186892, 0.00907105, 0.00156064, 34223, 79465, 181302, 1.09514e+06, 32
0.0200491, 0.0134041, 0.00664365, 0.000595315, 22515, 68637, 47355, 450300, 20
0.0213761, 0.0150951, 0.00627917, 0.000398323, 22542, 68768, 26568, 450840, 20
0.0282428, 0.0192429, 0.00899812, 0.00123504, 40417, 85240, 115005, 1.29334e+06, 32
0.0353528, 0.0237995, 0.0115513, 0.00250583, 34865, 80636, 209961, 1.11568e+06, 32
0.0296054, 0.0188323, 0.0107718, 0.00215862, 29848, 70940, 187944, 955136, 32
0.0246085, 0.0161796, 0.00842715, 0.00133633, 31453, 69680, 106149, 629060, 20
0.0291271, 0.0189778, 0.0101483, 0.0021522, 39398, 73976, 181179, 787960, 20
0.0301576, 0.0173534, 0.0128018, 0.00458987, 60610, 58150, 402456, 1.93952e+06, 32
0.0372385, 0.0200512, 0.0171853, 0.00576347, 30638, 71864, 534435, 980416, 32
0.0343367, 0.022287, 0.0120477, 0.00254549, 31658, 74555, 237513, 1.01306e+06, 32
0.025792, 0.0164406, 0.00934964, 0.0017202, 22217, 71678, 143541, 444340, 20
0.0253258, 0.0165948, 0.00872909, 0.00104572, 21968, 71895, 87699, 439360, 20
0.0359075, 0.0212209, 0.0146849, 0.00331322, 26285, 86163, 294462, 841120, 32
0.0306115, 0.0187566, 0.0118531, 0.00218477, 20847, 83350, 193971, 416940, 20
0.0315977, 0.0191792, 0.0124168, 0.00314331, 24604, 91836, 275151, 492080, 20
0.0336763, 0.0203876, 0.0132872, 0.00227476, 30155, 85825, 229395, 964960, 32
0.0215147, 0.0133752, 0.00813779, 0.000895636, 20631, 76572, 75645, 412620, 20
0.0224512, 0.0135794, 0.00886994, 0.00123475, 28720, 80435, 116358, 574400, 20
0.0261194, 0.0164577, 0.00966025, 0.00181338, 38584, 80697, 171831, 771680, 20
0.0296984, 0.0172679, 0.0124288, 0.00289638, 41026, 74209, 260760, 820520, 20
0.0308061, 0.0184813, 0.0123234, 0.00300722, 50347, 83895, 261498, 1.00694e+06, 20
0.037855, 0.0223763, 0.0154768, 0.00550427, 50289, 72932, 509097, 1.60925e+06, 32
0.015001, 0.00884242, 0.00615627, 0.00162348, 21483, 36676, 135177, 429660, 20
0.0308677, 0.0196139, 0.0112524, 0.00244437, 38564, 75445, 192987, 1.23405e+06, 32
0.0342993, 0.0223488, 0.011949, 0.00246428, 38618, 77845, 198030, 1.23578e+06, 32
0.0447644, 0.0239743, 0.0207888, 0.00689371, 24601, 87270, 542307, 787232, 32
0.0377532, 0.0220623, 0.0156887, 0.00368315, 17200, 82672, 299751, 344000, 20
0.0134241, 0.00861598, 0.00480658, 0.00163447, 20503, 23750, 150306, 410060, 20
0.0368117, 0.0212289, 0.0155811, 0.00502086, 32901, 75213, 396675, 1.05283e+06, 32
0.0147515, 0.00948615, 0.00526416, 0.00118395, 23648, 35192, 108855, 472960, 20
0.02948, 0.0205371, 0.00894088, 0.000820583, 32975, 75807, 77490, 1.0552e+06, 32
0.0565956, 0.0411798, 0.0154124, 0.00350379, 46807, 71821, 287328, 1.49782e+06, 32
0.0234794, 0.0154677, 0.00801031, 0.00120495, 36007, 66640, 105657, 1.15222e+06, 32
0.0223581, 0.0153988, 0.00695764, 0.00101274, 46130, 68586, 97170, 922600, 20
0.0276631, 0.0169551, 0.0107059, 0.00213001, 36794, 66691, 167403, 1.17741e+06, 32
0.0327983, 0.0192374, 0.0135593, 0.0044744, 61074, 71752, 398643, 1.95437e+06, 32
0.031311, 0.0177966, 0.0135128, 0.00509321, 58282, 65169, 410697, 1.86502e+06, 32
0.0185978, 0.0113239, 0.00727235, 0.00244887, 32520, 38521, 211560, 650400, 20
0.0338032, 0.0220105, 0.0117911, 0.00287223, 49030, 73423, 266541, 1.56896e+06, 32
0.0261926, 0.0168047, 0.00938693, 0.00123471, 32921, 65310, 87576, 658420, 20
0.0269163, 0.0176811, 0.00923386, 0.00119382, 35207, 65700, 86223, 704140, 20
0.035994, 0.0225604, 0.013432, 0.00330764, 51456, 75513, 250551, 1.64659e+06, 32
0.0503287, 0.0283021, 0.0220251, 0.00746903, 33323, 95863, 550425, 1.06634e+06, 32
0.0444939, 0.0287283, 0.015764, 0.00372444, 34439, 96094, 318324, 1.10205e+06, 32
0.045059, 0.0286035, 0.0164538, 0.00366427, 24089, 95198, 285729, 770848, 32
0.0362578, 0.022122, 0.0141346, 0.00201021, 19419, 88893, 147846, 621408, 32
0.0447266, 0.0268397, 0.0178852, 0.00480911, 23812, 105968, 346122, 761984, 32
0.0499737, 0.0267129, 0.0232587, 0.00848829, 22126, 103949, 635541, 708032, 32
0.036216, 0.0207842, 0.0154301, 0.00327471, 18753, 98798, 279702, 375060, 20
0.0383497, 0.0244087, 0.0139399, 0.00194141, 21567, 102300, 146862, 690144, 32
0.0475274, 0.0274376, 0.0200882, 0.00478399, 23567, 102653, 347598, 754144, 32
0.0365965, 0.0221961, 0.014399, 0.00224237, 17648, 95708, 169248, 352960, 20
0.0364944, 0.0231413, 0.0133516, 0.00157576, 19537, 93682, 124353, 625184, 32
0.0417349, 0.0262254, 0.015508, 0.00220108, 26780, 102384, 163344, 856960, 32
0.0154892, 0.00983434, 0.00565366, 0.00127855, 10748, 35180, 93972, 214960, 20
0.0359585, 0.0209099, 0.0150473, 0.00339519, 22423, 97261, 254118, 448460, 20
0.0437583, 0.0257479, 0.0180085, 0.00419238, 19655, 97831, 349566, 628960, 32
0.0399455, 0.0267948, 0.0131492, 0.000802664, 19621, 97488, 49569, 627872, 32
0.0318365, 0.0213947, 0.0104404, 0.00105918, 12470, 89408, 76260, 249400, 20
0.0306844, 0.0206686, 0.0100145, 0.000745629, 12427, 88596, 49692, 248540, 20
0.0285813, 0.0175665, 0.0110132, 0.00180443, 18359, 88709, 147846, 367180, 20
0.0346998, 0.022847, 0.0118508, 0.00186619, 16009, 99283, 124107, 320180, 20
0.0317638, 0.0187617, 0.0130004, 0.00219735, 17809, 91489, 164082, 356180, 20
0.0396676, 0.0222531, 0.0174123, 0.00502565, 30343, 82089, 440955, 970976, 32
0.0343099, 0.0220344, 0.0122736, 0.0027514, 31542, 78372, 235545, 1.00934e+06, 32
0.0383942, 0.0227942, 0.0155978, 0.00409819, 37381, 90691, 370230, 1.19619e+06, 32
0.0335735, 0.0235005, 0.0100703, 0.00172556, 24459, 79398, 146124, 489180, 20
0.0259434, 0.0181957, 0.00774579, 0.000374829, 24482, 79682, 20418, 489640, 20
0.0336468, 0.0207579, 0.0128868, 0.00332634, 25758, 85590, 352395, 824256, 32
0.0265427, 0.0161988, 0.0103419, 0.00209084, 23218, 75706, 170724, 464360, 20
0.0306903, 0.0185522, 0.012136, 0.00255651, 26702, 77460, 211806, 534040, 20
0.0344707, 0.0201417, 0.0143274, 0.0036167, 33802, 86983, 376749, 1.08166e+06, 32
0.0344841, 0.0226062, 0.0118759, 0.00196519, 32241, 88281, 191634, 1.03171e+06, 32
0.0266297, 0.0182917, 0.00833641, 0.00090572, 20819, 75408, 73431, 416380, 20
0.0240771, 0.0169022, 0.00717318, 0.000368584, 20820, 76159, 22509, 416400, 20
0.0227063, 0.015007, 0.00769786, 0.000510728, 20861, 76652, 31242, 417220, 20
0.0263065, 0.0182771, 0.00802725, 0.000646468, 26516, 81387, 48954, 848512, 32
0.0278079, 0.018649, 0.00915727, 0.00148948, 33296, 85411, 158055, 1.06547e+06, 32
0.0329693, 0.0197203, 0.0132471, 0.00323346, 28397, 87460, 295446, 908704, 32
0.0465535, 0.0252749, 0.0212771, 0.00677935, 44437, 112945, 536649, 1.42198e+06, 32
0.0431786, 0.0249967, 0.0181799, 0.00593525, 47649, 90382, 594213, 1.52477e+06, 32
0.026232, 0.018527, 0.00770353, 0.000624431, 35485, 77888, 42189, 709700, 20
0.0343492, 0.0215216, 0.0128259, 0.00296299, 49710, 83527, 282531, 1.59072e+06, 32
0.0297501, 0.0189001, 0.0108479, 0.00242646, 38558, 74821, 219063, 1.23386e+06, 32
0.0258879, 0.0167855, 0.00910037, 0.0012981, 36882, 72340, 110700, 1.18022e+06, 32
0.0203808, 0.0146166, 0.00576215, 0.000569981, 26284, 62140, 47109, 525680, 20
0.0203163, 0.0139423, 0.00637264, 0.000505112, 26335, 61841, 37638, 526700, 20
0.0306184, 0.0186446, 0.0119724, 0.00305233, 52664, 76518, 264819, 1.68525e+06, 32
0.0297487, 0.0170381, 0.0127092, 0.00425876, 42251, 74089, 401103, 845020, 20
0.0318034, 0.0173712, 0.0144311, 0.00522839, 38178, 65068, 460512, 763560, 20
0.0396405, 0.0228527, 0.0167866, 0.0058184, 52616, 87984, 495321, 1.05232e+06, 20
0.039284, 0.02335, 0.0159324, 0.00430547, 44574, 90870, 357684, 891480, 20
0.0383595, 0.0230128, 0.0153456, 0.00461226, 40733, 79619, 375642, 1.30346e+06, 32
0.0267723, 0.0173376, 0.0094327, 0.0022127, 35023, 65709, 176997, 700460, 20
0.0395219, 0.0227114, 0.0168087, 0.0056596, 48903, 76911, 438249, 1.5649e+06, 32
0.0429348, 0.0243946, 0.0185377, 0.00625986, 44518, 79157, 517338, 1.42458e+06, 32
0.0398712, 0.0263605, 0.0135075, 0.00251023, 38961, 76015, 204180, 1.24675e+06, 32
0.0320368, 0.0207475, 0.0112876, 0.00155443, 38994, 72375, 127920, 1.24781e+06, 32
0.0125631, 0.00844579, 0.00411575, 0.000484137, 23418, 36575, 40098, 468360, 20
0.0213099, 0.0143116, 0.00699707, 0.000385354, 29449, 66626, 19680, 588980, 20
0.0268543, 0.018128, 0.00872455, 0.000610668, 38935, 72192, 37515, 1.24592e+06, 32
0.0266917, 0.0187892, 0.00790004, 0.000535965, 38955, 71909, 35301, 1.24656e+06, 32
0.0250561, 0.0179441, 0.00711023, 0.000138043, 38965, 72266, 6150, 1.24688e+06, 32
0.0130827, 0.0100041, 0.00307707, 4.591e-06, 23430, 36884, 123, 468600, 20
0.0218451, 0.0139079, 0.00793612, 0.000865295, 34838, 70428, 60147, 696760, 20
0.0341326, 0.0211466, 0.012984, 0.00338312, 42457, 85490, 295815, 1.35862e+06, 32
0.0359982, 0.0216397, 0.0143567, 0.00475643, 37685, 75486, 435789, 1.20592e+06, 32
0.0291343, 0.0200804, 0.00905211, 0.00155979, 35857, 73347, 145878, 717140, 20
0.0268479, 0.0187005, 0.00814508, 0.00112394, 35811, 72595, 93357, 716220, 20
0.0261775, 0.0180769, 0.00809902, 0.000905477, 35537, 72212, 70233, 1.13718e+06, 32
0.0303478, 0.0191853, 0.0111606, 0.00373009, 63546, 65131, 338004, 2.03347e+06, 32
0.0297492, 0.0193332, 0.0104143, 0.00305457, 59817, 67176, 262113, 1.91414e+06, 32
0.0325844, 0.0206823, 0.0118999, 0.00373723, 37799, 74537, 369246, 755980, 20
0.0326128, 0.0200112, 0.0125996, 0.00328364, 39793, 85623, 325089, 1.27338e+06, 32
0.0194469, 0.0122064, 0.00723833, 0.00112939, 23839, 68869, 92619, 476780, 20
0.0183887, 0.0114681, 0.00691934, 0.000833367, 20895, 65248, 65682, 417900, 20
0.0170577, 0.0110369, 0.00601975, 0.000399446, 20916, 65541, 22386, 418320, 20
0.0284583, 0.0201397, 0.0083167, 0.00122675, 28685, 72656, 99138, 573700, 20
0.0249843, 0.0146597, 0.0103228, 0.00252301, 29972, 75344, 197784, 599440, 20
0.0288783, 0.0161456, 0.0127306, 0.00545663, 52382, 62421, 546366, 1.67622e+06, 32
0.0222924, 0.0145911, 0.00769956, 0.0014998, 41180, 59536, 154119, 1.31776e+06, 32
0.0192363, 0.0125079, 0.00672669, 0.00130157, 37927, 53414, 116358, 758540, 20
0.0337356, 0.0185811, 0.015153, 0.00594106, 58674, 75592, 517953, 1.87757e+06, 32
0.0253803, 0.016313, 0.00906564, 0.00184551, 53189, 71817, 167772, 1.06378e+06, 20
0.0296072, 0.0187875, 0.0108184, 0.00234545, 52381, 74123, 225213, 1.67619e+06, 32
0.0431052, 0.0230698, 0.0200336, 0.00722773, 34614, 86745, 607866, 1.10765e+06, 32
0.0349959, 0.0212969, 0.013697, 0.0025446, 31356, 86480, 233946, 1.00339e+06, 32
0.0330964, 0.0215754, 0.0115194, 0.00164632, 28634, 82130, 141204, 916288, 32
0.0401078, 0.0235068, 0.016599, 0.00500379, 23164, 90465, 425457, 741248, 32
0.0265883, 0.0177989, 0.00878779, 0.000203505, 17162, 83478, 8241, 343240, 20
0.0320138, 0.020581, 0.0114315, 0.00187021, 21543, 86763, 169002, 689376, 32
0.0221788, 0.0149162, 0.00726047, 0.000173883, 10573, 76044, 7995, 211460, 20
0.0227642, 0.0153895, 0.00737323, 0.000498792, 10573, 75617, 30012, 211460, 20
0.0260654, 0.018431, 0.00763321, 0.000373719, 10579, 76248, 19065, 211580, 20
0.0271138, 0.0172251, 0.00988729, 0.00191479, 24438, 80869, 152766, 488760, 20
0.0265108, 0.0170457, 0.0094636, 0.00173029, 25883, 72712, 133824, 517660, 20
0.0311306, 0.0213583, 0.00977073, 0.00152709, 31325, 78802, 111315, 1.0024e+06, 32
0.028186, 0.0202006, 0.00798397, 0.000881591, 27903, 74154, 59040, 558060, 20
0.0285357, 0.0201559, 0.00837808, 0.000637399, 28246, 76716, 39237, 903872, 32
0.0283462, 0.0194527, 0.00889208, 0.0013163, 33782, 77168, 98277, 675640, 20
0.0360898, 0.0213626, 0.0147257, 0.00462749, 45133, 71932, 382161, 1.44426e+06, 32
0.0176917, 0.0110158, 0.00667431, 0.00285161, 58197, 28827, 231240, 1.16394e+06, 20
0.0273448, 0.016954, 0.0103893, 0.00256512, 61659, 60928, 198645, 1.23318e+06, 20
0.0343865, 0.0194441, 0.0149408, 0.00612151, 61162, 63011, 527547, 1.95718e+06, 32
0.0272516, 0.0168757, 0.0103744, 0.00348215, 45808, 56548, 299259, 916160, 20
0.0322154, 0.0202696, 0.011944, 0.00392625, 51028, 64378, 297168, 1.02056e+06, 20
0.0405064, 0.0278497, 0.0126549, 0.00353386, 41225, 65259, 257685, 1.3192e+06, 32
0.0337233, 0.0225995, 0.0111219, 0.00219994, 46744, 65455, 178965, 1.49581e+06, 32
0.044266, 0.0257062, 0.0185578, 0.00690923, 31533, 80257, 588309, 1.00906e+06, 32
0.034977, 0.0222272, 0.0127479, 0.00318289, 29717, 78807, 259653, 594340, 20
0.0383778, 0.024285, 0.0140913, 0.00335998, 40618, 83022, 299013, 1.29978e+06, 32
0.0253745, 0.0162288, 0.00914362, 0.0014234, 18253, 70224, 106764, 365060, 20
0.0222356, 0.0144387, 0.00779544, 0.0010135, 16178, 68270, 75645, 323560, 20
0.0235415, 0.0156837, 0.00785555, 0.000807776, 16230, 67828, 55473, 324600, 20
0.0227987, 0.0144853, 0.00831163, 0.00091591, 18978, 69591, 58179, 379560, 20
0.0250552, 0.0163532, 0.00870019, 0.00154386, 31280, 71698, 114882, 625600, 20
0.0279521, 0.0171897, 0.0107606, 0.00332577, 43521, 69692, 267894, 870420, 20
0.0267757, 0.0159109, 0.0108633, 0.00393128, 48153, 62331, 358791, 963060, 20
0.0294119, 0.0171891, 0.0122213, 0.0040937, 37062, 66169, 328533, 741240, 20
0.0339323, 0.020692, 0.0132381, 0.00340479, 34652, 76890, 286836, 1.10886e+06, 32
0.0327777, 0.0228223, 0.00995347, 0.00168418, 34757, 77186, 138744, 1.11222e+06, 32
0.0228654, 0.0158649, 0.00699808, 0.000716299, 19446, 63117, 45510, 388920, 20
0.0272168, 0.0183283, 0.00888623, 0.00103877, 32963, 74447, 86469, 1.05482e+06, 32
0.0302187, 0.0205456, 0.00967136, 0.00183151, 50208, 81056, 153873, 1.60666e+06, 32
0.0249505, 0.0149514, 0.00999764, 0.00286996, 43342, 68577, 228903, 866840, 20
0.0302408, 0.0183995, 0.0118403, 0.0033752, 49853, 75912, 308115, 997060, 20
0.0352881, 0.0214978, 0.0137883, 0.00424124, 24128, 74663, 378840, 772096, 32
0.034418, 0.0210361, 0.0133797, 0.00224452, 22744, 73423, 182163, 727808, 32
0.0267063, 0.018317, 0.00838718, 0.00132741, 14518, 66586, 102582, 290360, 20
0.0239646, 0.016143, 0.00782009, 0.00108259, 14605, 67051, 77982, 292100, 20
0.0264191, 0.0189241, 0.00749393, 0.000637945, 14383, 65501, 42681, 287660, 20
0.00926598, 0.00687515, 0.00239003, 8.8337e-05, 8387, 26705, 3690, 167740, 20
0.0213093, 0.0140869, 0.00722078, 0.000947749, 18422, 69389, 71340, 368440, 20
0.0251939, 0.016296, 0.00889654, 0.00181951, 24500, 73653, 136161, 490000, 20
0.028429, 0.0179391, 0.0104884, 0.00213321, 23773, 77332, 141573, 475460, 20
0.0382622, 0.0213608, 0.0168995, 0.00613817, 28017, 78102, 507744, 896544, 32
0.0406539, 0.0249212, 0.0157309, 0.0043122, 33151, 89339, 344769, 1.06083e+06, 32
0.0358745, 0.0224449, 0.0134276, 0.0035154, 32013, 86877, 299751, 640260, 20
0.0376292, 0.021981, 0.0156453, 0.00330157, 37241, 90714, 265557, 1.19171e+06, 32
0.0400676, 0.0289272, 0.0111388, 0.00160526, 30704, 83952, 133209, 982528, 32
0.0155634, 0.0102881, 0.00527367, 0.000843724, 22257, 33230, 57810, 445140, 20
0.0373103, 0.0235896, 0.0137193, 0.00196149, 39042, 88479, 142311, 780840, 20
0.0467823, 0.0275649, 0.019215, 0.00625887, 37659, 88871, 472812, 1.20509e+06, 32
0.0435033, 0.0272862, 0.016215, 0.00350599, 31731, 88935, 260145, 1.01539e+06, 32
0.0411426, 0.0251408, 0.0160001, 0.00290916, 27177, 91331, 206640, 869664, 32
0.0268142, 0.0162724, 0.0105394, 0.00115617, 14506, 75784, 72201, 290120, 20
0.0361829, 0.0212583, 0.0149229, 0.001354, 24956, 87124, 78228, 798592, 32
0.0343612, 0.0216189, 0.0127377, 0.00203538, 26074, 88445, 134931, 521480, 20
0.0384354, 0.0241746, 0.0142589, 0.00352819, 23363, 82335, 256455, 467260, 20
0.0425672, 0.0258439, 0.0167215, 0.00583333, 40722, 82275, 490770, 1.3031e+06, 32
0.0476173, 0.027242, 0.0203734, 0.00766056, 37344, 86996, 613770, 1.19501e+06, 32
0.0410715, 0.0264239, 0.0146458, 0.0030297, 37406, 86957, 268140, 1.19699e+06, 32
0.033358, 0.0242159, 0.00914007, 0.00076231, 25066, 76811, 45633, 501320, 20
0.0355799, 0.0246509, 0.0109276, 0.00176486, 37081, 87054, 142803, 1.18659e+06, 32
0.0363298, 0.0226846, 0.0136432, 0.0035202, 31285, 82352, 271584, 1.00112e+06, 32
0.0595141, 0.0398801, 0.0196313, 0.00675991, 27994, 86439, 401349, 559880, 20
0.0430302, 0.024883, 0.0181454, 0.00614978, 33902, 95333, 450795, 678040, 20
0.0402677, 0.0218373, 0.0184289, 0.00636394, 18351, 94875, 446367, 367020, 20
0.03519, 0.0208089, 0.0143789, 0.00365163, 13535, 89894, 278472, 270700, 20
0.0468757, 0.0291285, 0.0177452, 0.00365171, 22744, 99998, 276258, 727808, 32
0.0327313, 0.0193688, 0.0133614, 0.00235334, 10333, 85751, 152397, 206660, 20
0.0332543, 0.0205159, 0.0127368, 0.00162772, 10157, 84121, 98769, 203140, 20
0.0470471, 0.027659, 0.019386, 0.0039244, 21423, 100820, 316602, 685536, 32
0.0357815, 0.0219986, 0.0137807, 0.00203645, 16489, 90096, 131364, 329780, 20
0.0331403, 0.0214173, 0.0117211, 0.00170996, 18403, 92964, 138375, 368060, 20
0.0331679, 0.0215623, 0.0116039, 0.00189964, 18342, 90961, 145878, 366840, 20
0.0395861, 0.0263037, 0.013281, 0.00178475, 24147, 100893, 157809, 772704, 32
0.0325569, 0.0217809, 0.0107744, 0.00124905, 19475, 93846, 102213, 623200, 32
0.0345606, 0.0235559, 0.0110024, 0.00181493, 32349, 101916, 186468, 1.03517e+06, 32
0.0316566, 0.0202683, 0.0113865, 0.00210235, 17880, 95552, 208239, 572160, 32
0.0270263, 0.0170396, 0.00998484, 0.00157975, 12624, 88744, 138990, 252480, 20
0.0281541, 0.0179633, 0.0101885, 0.00142355, 13193, 86784, 116235, 263860, 20
0.0311765, 0.0213158, 0.00985858, 0.00156115, 19653, 94851, 156210, 628896, 32
0.0355526, 0.024506, 0.0110443, 0.00103253, 16951, 88776, 84132, 542432, 32
0.00738976, 0.00498495, 0.00240341, 0.000236828, 6229, 24564, 19803, 124580, 20
0.0284399, 0.0193048, 0.00913305, 0.000905198, 15900, 90012, 78474, 318000, 20
0.0261888, 0.0165974, 0.00958967, 0.000832448, 14467, 91933, 61131, 289340, 20
0.0256808, 0.0164045, 0.00927506, 0.00114261, 17581, 86126, 91512, 351620, 20
0.0287485, 0.0175015, 0.0112455, 0.00262944, 39186, 88807, 212913, 783720, 20
0.0368762, 0.0230843, 0.0137902, 0.00337886, 40137, 98087, 296799, 802740, 20
0.0320994, 0.0194032, 0.0126945, 0.00198046, 30383, 91500, 145017, 607660, 20
0.0308265, 0.0186515, 0.0121732, 0.00215359, 33740, 93803, 144771, 674800, 20
0.041914, 0.0252394, 0.0166721, 0.00337765, 38664, 98404, 256332, 1.23725e+06, 32
0.038786, 0.024513, 0.0142714, 0.00137229, 38679, 98644, 91758, 1.23773e+06, 32
0.0325391, 0.020594, 0.0119431, 0.000964473, 35083, 94881, 65559, 701660, 20
0.0452578, 0.024728, 0.0205273, 0.00610908, 31390, 94302, 562971, 1.00448e+06, 32
0.0385932, 0.0222397, 0.0163518, 0.00345736, 26529, 97956, 354240, 848928, 32
0.0241368, 0.0159972, 0.00813729, 0.000329834, 18206, 87587, 17466, 364120, 20
0.0384872, 0.0228051, 0.0156804, 0.00253584, 31026, 104447, 227673, 992832, 32
0.0359277, 0.0206511, 0.0152746, 0.00537906, 41168, 84686, 577239, 1.31738e+06, 32
0.0272853, 0.0172828, 0.0100011, 0.00180794, 36816, 78909, 204426, 1.17811e+06, 32
0.025894, 0.0159862, 0.00990607, 0.00117257, 36881, 78703, 111192, 1.18019e+06, 32
0.0323323, 0.0209785, 0.0113519, 0.00264842, 39512, 81277, 271092, 1.26438e+06, 32
0.0387532, 0.0212745, 0.0174767, 0.00573855, 34891, 85373, 572811, 1.11651e+06, 32
0.0371866, 0.0248337, 0.0123512, 0.00239236, 33265, 85885, 221892, 1.06448e+06, 32
0.0343479, 0.0258888, 0.0084571, 0.000754967, 29017, 79940, 49446, 580340, 20
0.0285745, 0.0187088, 0.00986375, 0.00122694, 31502, 82429, 114636, 1.00806e+06, 32
0.0226374, 0.014818, 0.00781765, 0.00097924, 26834, 78104, 83517, 536680, 20
0.0419763, 0.0249635, 0.0170109, 0.0046467, 36537, 100356, 457929, 1.16918e+06, 32
0.031413, 0.0187816, 0.0126298, 0.00270115, 38903, 90697, 286590, 1.2449e+06, 32
0.0240884, 0.0154882, 0.00859904, 0.00109409, 30279, 80817, 99753, 605580, 20
0.0226144, 0.0136029, 0.00901074, 0.000798429, 28801, 78704, 69249, 576020, 20
0.0264002, 0.0174922, 0.00890608, 0.000868045, 34518, 82632, 79335, 1.10458e+06, 32
0.00978676, 0.00743507, 0.0023502, 5.059e-05, 22820, 27859, 2460, 456400, 20
0.0282813, 0.0213655, 0.00691312, 0.000297605, 28835, 78556, 16728, 576700, 20
0.026949, 0.0184305, 0.00851714, 0.000727449, 34750, 84117, 53013, 695000, 20
0.0256145, 0.0156987, 0.00991488, 0.00104344, 30350, 86105, 84132, 607000, 20
0.0367779, 0.0228421, 0.013934, 0.00285417, 38566, 98153, 227304, 1.23411e+06, 32
0.0347964, 0.0236166, 0.0111773, 0.00229817, 38184, 80014, 208116, 1.22189e+06, 32
0.033295, 0.0220747, 0.0112182, 0.00210854, 50459, 84474, 230256, 1.61469e+06, 32
0.0312393, 0.0204627, 0.0107749, 0.00235474, 33814, 83400, 298398, 1.08205e+06, 32
0.0234722, 0.0155765, 0.00789415, 0.000440025, 33814, 83488, 28044, 1.08205e+06, 32
0.0301625, 0.0197285, 0.0104325, 0.00259645, 57908, 84041, 307500, 1.85306e+06, 32
0.0293853, 0.0210016, 0.00838211, 0.00198999, 60286, 84032, 210207, 1.92915e+06, 32
0.024215, 0.0175182, 0.0066951, 0.00113317, 52574, 78785, 109716, 1.05148e+06, 20
0.0295772, 0.0203271, 0.00924873, 0.00144925, 45649, 76653, 153750, 1.46077e+06, 32
0.027981, 0.018067, 0.00991154, 0.0015846, 41736, 74929, 170478, 1.33555e+06, 32
0.0262127, 0.0165824, 0.00962783, 0.00126408, 49799, 81514, 133209, 1.59357e+06, 32
0.0206542, 0.0137552, 0.0068975, 0.000750654, 42673, 76962, 67896, 853460, 20
0.0259154, 0.0161615, 0.00975236, 0.00195682, 60475, 88834, 221154, 1.2095e+06, 20
0.0310981, 0.0187536, 0.0123426, 0.00216405, 40393, 80833, 206394, 1.29258e+06, 32
0.0327993, 0.0214332, 0.011364, 0.00162975, 35536, 88265, 157194, 710720, 20
0.0373434, 0.0225079, 0.0148333, 0.00251754, 36687, 107699, 243663, 1.17398e+06, 32
0.0419396, 0.0291681, 0.0127685, 0.00163463, 32913, 104178, 143910, 1.05322e+06, 32
0.0234498, 0.0144428, 0.00900579, 0.000756366, 16579, 84188, 54858, 331580, 20
0.0269963, 0.0181332, 0.00886117, 0.000593709, 16495, 83780, 39237, 329900, 20
0.012772, 0.00946861, 0.00330171, 0.000187175, 10448, 32293, 13161, 208960, 20
0.0422961, 0.0274923, 0.0148017, 0.00175102, 27964, 117487, 145509, 894848, 32
0.0377866, 0.0257056, 0.0120797, 0.00118433, 22330, 118339, 101598, 714560, 32
0.0324857, 0.0211237, 0.01136, 0.00109773, 13424, 111389, 73800, 268480, 20
0.0327251, 0.0219592, 0.0107642, 0.00117791, 15970, 122583, 95694, 319400, 20
