map,run,mode,experiment_profile,filter_profile,success,run_valid,monitor_type,monitor_flight_cpu_pct,live_cloud_enabled,preflight_ready,preflight_cloud_messages,preflight_odom_messages,goal_messages,position_command_messages,trajectory_flag2_messages,trajectory_flag3_messages,guard_stop_detected,guard_stop_time_s,shadow_safe_candidates,shadow_unsafe_candidates,shadow_skipped_candidates,shadow_validated_candidates,shadow_geometric_unsafe,shadow_map_race,shadow_other_indeterminate,shadow_unsafe_exp,shadow_unsafe_appended_backup,shadow_unsafe_carry_backup,shadow_unsafe_stitch,shadow_validation_ms_mean,shadow_validation_ms_max,shadow_contact_events_with_epoch,shadow_contacts_with_prior_unsafe,shadow_contacts_without_prior_unsafe,shadow_geometric_unsafe_followed_by_contact,shadow_geometric_unsafe_not_followed_by_contact,shadow_nearest_prediction_error_s,shadow_correlated_segments,first_position_command_s,first_trajectory_flag2_s,first_trajectory_flag3_s,max_position_command_gap_s,first_motion_s,start_pose_error_m,start_pose_valid,odom_gap_limit_s,max_odom_gap_s,odom_gap_valid,mission_time_s,waypoints_reached,n_waypoints,collisions,min_clearance_m,static_pcd_enabled,static_pcd_point_count,static_pcd_collisions,static_pcd_min_distance_m,static_pcd_clearance_m,static_pcd_contact_r015,static_pcd_contact_r020,static_pcd_contact_r025,static_pcd_episodes_r015,static_pcd_episodes_r020,static_pcd_episodes_r025,contact_event_count,first_contact_kind,first_contact_time_s,first_contact_distance_m,first_contact_x,first_contact_y,first_contact_z,first_contact_speed_mps,first_contact_nearest_x,first_contact_nearest_y,first_contact_nearest_z,forensics_json,samples,clearance_samples,final_x,final_y,final_z,min_x,max_x,min_y,max_y,path_length_m,max_speed_mps,closest_final_goal_distance_m,observed_open_time_s,observed_open_x,observed_open_y,observed_close_time_s,observed_close_x,observed_close_y,trap_collisions,trap_min_surface_distance_m,trap_clearance_m,trap_x,trap_y,trigger_x,trigger_y,trigger_mismatch_deg,trap_count,trap_spacing_m,trap_start_offset_m,trap_first_distance_m,trap_last_distance_m,trigger_speed_mps,trap_input_time_s,trap_kept_time_s,trap_keep_delay_s,input_body_relative_deg,input_velocity_relative_deg,kept_body_relative_deg,kept_velocity_relative_deg,trigger_trap_distance_m,trigger_trap_body_relative_deg,trigger_trap_velocity_relative_deg,trigger_trap_angular_radius_deg,trigger_predicted_x,trigger_predicted_y,trigger_trap_nudge_deg,trigger_trap_nudge_lateral_m,event,valid_spawn,invalid_reasons,spawn_time_s,spawn_wall_time_s,trigger_evaluation_time_s,trigger_evaluation_wall_time_s,side,trigger_threshold_x,trigger_z,trigger_yaw_deg,trigger_velocity_yaw_deg,trigger_cruise_duration_s,trigger_cruise_qualified,min_trigger_speed_mps,min_cruise_s,max_trigger_abs_y_m,max_trigger_velocity_yaw_deg,trigger_abs_y_diagnostic_ok,trigger_velocity_yaw_diagnostic_ok,wall_x,blocker_x,blocker_y,wall_y_min,wall_y_max,short_endpoint_y,short_endpoint_x,long_endpoint_y,long_endpoint_x,short_endpoint_inner_edge_deg,long_endpoint_inner_edge_deg,barrier_frame,local_blocker_forward_m,local_short_endpoint_forward_m,local_short_endpoint_lateral_m,local_long_endpoint_forward_m,local_long_endpoint_lateral_m,wall_radius_m,wall_height_m,wall_cylinder_count,wall_center_spacing_m,wall_point_count,horizon_m,intensity,matched_prefix,filter_half_angle_deg,filter_stall_v,filter_stall_t,filter_resume_v,filter_resume_t,filter_velocity_yaw_update_v,filter_frames,filter_published_frames,filter_rate_limited_frames,filter_max_publish_hz,filter_publish_duty_pct,filter_input_points,filter_kept_points,filter_kept_pct,filter_armed,filter_armed_duty_pct,filter_open,filter_open_duty_pct,filter_open_point_duty_pct,filter_recovery_active,filter_open_burst_s,filter_open_cooldown_s,filter_near_field_radius_m,filter_near_field_speed_gain_s,filter_near_field_max_radius_m,filter_max_effective_near_field_radius_m,filter_arm_transitions,filter_open_transitions,filter_close_transitions,filter_first_transition_time_s,filter_first_arm_time_s,filter_first_stall_candidate_time_s,filter_first_open_stall_start_time_s,filter_first_open_time_s,filter_first_open_delay_s,filter_first_close_time_s,filter_first_open_duration_s,filter_stall_candidate_count,filter_max_stall_candidate_duration_s,filter_min_armed_closed_speed_mps,filter_replan_guard_en,filter_replan_guard_bounded,filter_replan_guard_active,filter_replan_guard_burst_s,filter_replan_guard_cooldown_s,filter_replan_fail_streak_open,filter_replan_ok_streak_close,filter_replan_guard_open,filter_replan_guard_open_transitions,filter_replan_guard_close_transitions,filter_replan_guard_open_duty_pct,filter_replan_status_count,filter_replan_fail_count,filter_max_replan_fail_streak,filter_first_replan_guard_open_time_s,recovery_triggered,recovery_reclosed,recovery_spawn_after_arm,recovery_open_after_spawn,recovery_open_during_hold,recovery_success,mission_driver_phase,mission_driver_start_delay_s,mission_driver_approach_radius_m,mission_driver_hold_low_speed_s,mission_driver_low_speed_v,mission_driver_approach_start_time_s,mission_driver_approach_start_wall_time_s,mission_driver_approach_start_speed_mps,mission_driver_hold_start_time_s,mission_driver_hold_start_wall_time_s,mission_driver_hold_start_speed_mps,mission_driver_hold_start_distance_m,mission_driver_release_time_s,mission_driver_release_wall_time_s,mission_driver_release_speed_mps,mission_driver_release_low_speed_duration_s,pts_mean,total_ms_mean,raycast_ms_mean,update_ms_mean,inflation_ms_mean,kept_pct,fsm_cpu_pct,filter_cpu_pct,monitor_cpu_pct,perf_row_start,perf_row_end,input_distance_m,kept_distance_m
seed1,1,adaptive,,strict-burst,True,True,,,,,,,,,,,,,,,,,,,,,,,,,,,,,,,,,,,,,,,,,,,64.03,5,5,0,0.446,True,241490,0,0.492,0.292,,,,,,,0,,,,,,,,,,,../../tmp/adaptive_replan060_cap5_strict_v7_seed1_10_n5_20260822_artifacts/seed1_run1_adaptive.json,6402,5210,1.15,-0.897,1.232,-26.399,24.073,-24.135,24.836,226.617,7.0,0.0,1787401975.145272,1.156,-0.671,1787401975.754585,2.748,1.135,0,,,,,,,,,,,,,,,,,,,,,,,,,,,,,,,,,,,,,,,,,,,,,,,,,,,,,,,,,,,,,,,,,,,,,,,,,,60.0,0.6,1.2,1.5,2.0,1.5,536,304,232,5.0,56.716,8180890,3199384,39.108,True,50.56,False,22.575,22.811,False,0.6,1.4,1.5,0.2,3.0,2.896876,1,0,0,1787402005.299361,1787402005.299361,1787402005.599155,,,,,,28,1.109401,0.0,True,True,False,0.6,1.4,3,15,False,25,25,22.575,416,258,11,1787401975.14431,,,,,,,,,,,,,,,,,,,,,,,10299.541516245486,12.958324476534296,7.73169963898917,5.225003104693141,1.4366347328519855,39.108,85.79502830897447,10.04944568370776,21.43255615438047,1,278,,
seed1,2,adaptive,,strict-burst,True,True,,,,,,,,,,,,,,,,,,,,,,,,,,,,,,,,,,,,,,,,,,,78.27,5,5,0,0.379,True,241490,0,0.489,0.289,,,,,,,0,,,,,,,,,,,../../tmp/adaptive_replan060_cap5_strict_v7_seed1_10_n5_20260822_artifacts/seed1_run2_adaptive.json,7826,6390,1.191,-0.869,1.688,-24.322,24.025,-24.173,25.497,226.614,7.0,0.0,1787402049.927543,1.425,-0.619,1787402050.558694,2.613,1.106,0,,,,,,,,,,,,,,,,,,,,,,,,,,,,,,,,,,,,,,,,,,,,,,,,,,,,,,,,,,,,,,,,,,,,,,,,,,60.0,0.6,1.2,1.5,2.0,1.5,571,335,236,5.0,58.669,9054850,3666550,40.493,False,0.0,False,19.264,18.77,False,0.6,1.4,1.5,0.2,3.0,2.90003,0,0,0,,,,,,,,,0,0.0,,True,True,False,0.6,1.4,3,15,False,25,25,19.264,374,244,11,1787402049.925592,,,,,,,,,,,,,,,,,,,,,,,10607.47213114754,12.622160426229508,7.68759344262295,4.933012068852459,1.3254789114754097,40.493,71.15664470691321,10.763394038794726,,0,305,,
seed1,3,adaptive,,strict-burst,True,True,,,,,,,,,,,,,,,,,,,,,,,,,,,,,,,,,,,,,,,,,,,59.03,5,5,0,0.432,True,241490,0,0.474,0.274,,,,,,,0,,,,,,,,,,,../../tmp/adaptive_replan060_cap5_strict_v7_seed1_10_n5_20260822_artifacts/seed1_run3_adaptive.json,5903,4390,0.998,-0.968,1.019,-24.695,24.025,-25.585,26.641,223.49,6.999,0.0,1787402138.017872,2.437,0.827,1787402138.672369,3.807,2.306,0,,,,,,,,,,,,,,,,,,,,,,,,,,,,,,,,,,,,,,,,,,,,,,,,,,,,,,,,,,,,,,,,,,,,,,,,,,60.0,0.6,1.2,1.5,2.0,1.5,492,289,203,5.0,58.74,7459759,3073726,41.204,False,0.0,False,21.138,20.906,False,0.6,1.4,1.5,0.2,3.0,2.899768,0,0,0,,,,,,,,,0,0.0,,True,True,False,0.6,1.4,3,15,False,23,23,21.138,409,262,10,1787402138.016828,,,,,,,,,,,,,,,,,,,,,,,10446.756653992396,13.41374494296578,8.028251634980988,5.384006235741444,1.5789598935361215,41.204,92.33032823043922,10.381572973471634,22.272522220148822,0,263,,
seed1,4,adaptive,,strict-burst,True,True,,,,,,,,,,,,,,,,,,,,,,,,,,,,,,,,,,,,,,,,,,,66.21,5,5,0,0.325,True,241490,0,0.444,0.244,,,,,,,0,,,,,,,,,,,../../tmp/adaptive_replan060_cap5_strict_v7_seed1_10_n5_20260822_artifacts/seed1_run4_adaptive.json,6620,5018,0.781,-1.238,1.754,-24.577,24.025,-24.787,25.403,229.965,7.0,0.0,1787402207.431632,1.857,0.317,1787402208.222716,3.758,2.83,0,,,,,,,,,,,,,,,,,,,,,,,,,,,,,,,,,,,,,,,,,,,,,,,,,,,,,,,,,,,,,,,,,,,,,,,,,,60.0,0.6,1.2,1.5,2.0,1.5,532,308,224,5.0,57.895,8056265,3110447,38.609,True,63.91,False,21.053,20.725,False,0.6,1.4,1.5,0.2,3.0,2.899359,1,0,0,1787402226.665334,1787402226.665334,1787402226.985553,,,,,,35,1.040133,0.0,True,True,False,0.6,1.4,3,15,False,24,24,21.053,376,224,12,1787402207.428803,,,,,,,,,,,,,,,,,,,,,,,9770.829181494662,13.39010099644128,8.149009252669039,5.239513736654804,1.454992,38.609,77.90741803109516,10.458797272045294,23.0501320618633,0,281,,
seed1,5,adaptive,,strict-burst,True,True,,,,,,,,,,,,,,,,,,,,,,,,,,,,,,,,,,,,,,,,,,,60.93,5,5,0,0.344,True,241490,0,0.42,0.22,,,,,,,0,,,,,,,,,,,../../tmp/adaptive_replan060_cap5_strict_v7_seed1_10_n5_20260822_artifacts/seed1_run5_adaptive.json,6092,4630,1.187,-0.895,1.358,-24.581,24.025,-25.556,26.007,224.221,7.0,0.0,1787402284.163912,1.625,0.101,1787402284.877863,3.797,2.302,0,,,,,,,,,,,,,,,,,,,,,,,,,,,,,,,,,,,,,,,,,,,,,,,,,,,,,,,,,,,,,,,,,,,,,,,,,,60.0,0.6,1.2,1.5,2.0,1.5,531,290,241,5.0,54.614,8307277,3216840,38.723,False,0.0,False,19.962,20.43,False,0.6,1.4,1.5,0.2,3.0,2.899312,0,0,0,,,,,,,,,0,0.0,,True,True,False,0.6,1.4,3,15,False,25,25,19.962,387,252,11,1787402284.148151,,,,,,,,,,,,,,,,,,,,,,,10741.884615384615,13.484364961538462,8.140080653846153,5.342492611538462,1.5423778038461537,38.723,86.42144680142687,10.432857248217369,,0,260,,
seed2,1,adaptive,,strict-burst,True,True,,,,,,,,,,,,,,,,,,,,,,,,,,,,,,,,,,,,,,,,,,,55.26,5,5,0,0.421,True,241490,0,0.501,0.301,,,,,,,0,,,,,,,,,,,../../tmp/adaptive_replan060_cap5_strict_v7_seed1_10_n5_20260822_artifacts/seed2_run1_adaptive.json,5520,4370,0.986,-0.855,1.732,-25.013,24.025,-25.306,24.727,222.373,7.001,0.0,1787402355.132034,3.162,3.295,1787402355.831084,4.011,4.194,0,,,,,,,,,,,,,,,,,,,,,,,,,,,,,,,,,,,,,,,,,,,,,,,,,,,,,,,,,,,,,,,,,,,,,,,,,,60.0,0.6,1.2,1.5,2.0,1.5,522,290,232,5.0,55.556,8312159,3149193,37.887,True,56.513,False,22.989,23.415,False,0.6,1.4,1.5,0.2,3.0,2.898187,1,0,0,1787402377.362817,1787402377.362817,1787402377.672556,,,,,,25,0.480271,0.0,True,True,False,0.6,1.4,3,15,False,23,23,22.989,368,248,11,1787402355.130991,,,,,,,,,,,,,,,,,,,,,,,10511.480916030534,14.281437709923665,8.527748702290078,5.752027900763359,1.6573744007633588,37.887,94.0948638831156,10.408877472576588,25.16694445480006,0,262,,
seed2,2,adaptive,,strict-burst,True,True,,,,,,,,,,,,,,,,,,,,,,,,,,,,,,,,,,,,,,,,,,,57.52,5,5,0,0.413,True,241490,0,0.511,0.311,,,,,,,0,,,,,,,,,,,../../tmp/adaptive_replan060_cap5_strict_v7_seed1_10_n5_20260822_artifacts/seed2_run2_adaptive.json,5735,4638,0.588,-1.341,1.63,-25.017,24.078,-25.361,24.379,221.727,7.0,0.0,1787402420.577784,3.551,3.753,1787402421.189955,3.985,4.237,0,,,,,,,,,,,,,,,,,,,,,,,,,,,,,,,,,,,,,,,,,,,,,,,,,,,,,,,,,,,,,,,,,,,,,,,,,,60.0,0.6,1.2,1.5,2.0,1.5,467,272,195,5.0,58.244,6946809,2800531,40.314,False,0.0,False,25.054,25.687,False,0.6,1.4,1.5,0.2,3.0,2.899687,0,0,0,,,,,,,,,0,0.0,,True,True,False,0.6,1.4,3,15,False,26,26,25.054,350,260,14,1787402420.576976,,,,,,,,,,,,,,,,,,,,,,,10129.282258064517,14.383858427419355,8.517151572580644,5.865232782258064,1.716324931451613,40.314,91.92172853803818,9.903967511880618,25.70310743312534,0,248,,
seed2,3,adaptive,,strict-burst,True,True,,,,,,,,,,,,,,,,,,,,,,,,,,,,,,,,,,,,,,,,,,,64.08,5,5,0,0.401,True,241490,0,0.491,0.291,,,,,,,0,,,,,,,,,,,../../tmp/adaptive_replan060_cap5_strict_v7_seed1_10_n5_20260822_artifacts/seed2_run3_adaptive.json,6405,5270,0.901,-1.178,1.972,-24.922,24.025,-25.052,24.338,220.516,7.0,0.0,1787402488.026397,3.163,3.295,1787402488.640836,4.087,4.33,0,,,,,,,,,,,,,,,,,,,,,,,,,,,,,,,,,,,,,,,,,,,,,,,,,,,,,,,,,,,,,,,,,,,,,,,,,,60.0,0.6,1.2,1.5,2.0,1.5,512,290,222,5.0,56.641,7637902,2944531,38.552,False,0.0,False,22.461,23.89,False,0.6,1.4,1.5,0.2,3.0,2.898784,0,0,0,,,,,,,,,0,0.0,,True,True,False,0.6,1.4,3,15,False,26,26,22.461,366,240,13,1787402488.025388,,,,,,,,,,,,,,,,,,,,,,,9831.409266409266,13.275091544401544,7.947875212355211,5.325418146718146,1.5482801660231662,38.552,77.51312826022446,10.548612781754125,23.990575792136227,0,259,,
seed2,4,adaptive,,strict-burst,True,True,,,,,,,,,,,,,,,,,,,,,,,,,,,,,,,,,,,,,,,,,,,58.26,5,5,0,0.472,True,241490,0,0.598,0.398,,,,,,,0,,,,,,,,,,,../../tmp/adaptive_replan060_cap5_strict_v7_seed1_10_n5_20260822_artifacts/seed2_run4_adaptive.json,5816,4750,1.044,-1.02,1.748,-24.539,24.025,-25.183,24.381,222.814,7.001,0.0,1787402562.33788,2.827,2.943,1787402563.012353,4.104,4.322,0,,,,,,,,,,,,,,,,,,,,,,,,,,,,,,,,,,,,,,,,,,,,,,,,,,,,,,,,,,,,,,,,,,,,,,,,,,60.0,0.6,1.2,1.5,2.0,1.5,516,283,233,5.0,54.845,8064706,2957573,36.673,True,26.938,False,21.899,22.978,False,0.6,1.4,1.5,0.2,3.0,2.899658,1,0,0,1787402603.705981,1787402603.705981,1787402604.126107,,,,,,13,0.70003,0.0,True,True,False,0.6,1.4,3,15,False,24,24,21.899,375,257,10,1787402562.335922,,,,,,,,,,,,,,,,,,,,,,,10291.529411764706,14.273802862745098,8.709702274509803,5.5624849411764705,1.6415196901960785,36.673,95.93789338967404,9.872537489406826,,0,255,,
seed2,5,adaptive,,strict-burst,True,True,,,,,,,,,,,,,,,,,,,,,,,,,,,,,,,,,,,,,,,,,,,67.21,5,5,0,0.421,True,241490,0,0.519,0.319,,,,,,,0,,,,,,,,,,,../../tmp/adaptive_replan060_cap5_strict_v7_seed1_10_n5_20260822_artifacts/seed2_run5_adaptive.json,6713,5470,1.457,0.313,1.759,-25.924,24.32,-25.022,24.135,221.83,7.001,0.0,1787402630.547858,3.384,3.537,1787402631.301467,4.439,4.709,0,,,,,,,,,,,,,,,,,,,,,,,,,,,,,,,,,,,,,,,,,,,,,,,,,,,,,,,,,,,,,,,,,,,,,,,,,,60.0,0.6,1.2,1.5,2.0,1.5,489,285,204,5.0,58.282,7370771,2923954,39.67,False,0.0,False,21.063,22.019,False,0.6,1.4,1.5,0.2,3.0,2.896351,0,0,0,,,,,,,,,0,0.0,,True,True,False,0.6,1.4,3,15,False,24,24,21.063,368,228,13,1787402630.547037,,,,,,,,,,,,,,,,,,,,,,,10008.3046875,13.520287734375001,8.1667997265625,5.351935546875,1.5645928671875,39.67,76.21162863413258,10.335803736991512,,0,256,,
seed3,1,adaptive,,strict-burst,True,True,,,,,,,,,,,,,,,,,,,,,,,,,,,,,,,,,,,,,,,,,,,78.25,5,5,0,0.458,True,444850,0,0.549,0.349,,,,,,,0,,,,,,,,,,,../../tmp/adaptive_replan060_cap5_strict_v7_seed1_10_n5_20260822_artifacts/seed3_run1_adaptive.json,7823,6661,0.663,-1.327,1.895,-26.736,24.025,-24.639,26.755,223.284,7.0,0.0,1787402707.802853,2.923,3.277,1787402708.446507,3.842,4.349,0,,,,,,,,,,,,,,,,,,,,,,,,,,,,,,,,,,,,,,,,,,,,,,,,,,,,,,,,,,,,,,,,,,,,,,,,,,60.0,0.6,1.2,1.5,2.0,1.5,493,318,175,5.0,64.503,10460951,4504569,43.061,True,24.544,False,16.227,17.445,False,0.6,1.4,1.5,0.2,3.0,2.899638,1,0,0,1787402763.628505,1787402763.628505,1787402763.838446,,,,,,17,0.659673,0.0,True,True,False,0.6,1.4,3,15,False,29,29,16.227,280,212,11,1787402707.802014,,,,,,,,,,,,,,,,,,,,,,,13114.09225092251,14.09374143911439,8.886244870848708,5.205727601476015,1.6291723468634687,43.061,63.13493970444647,11.136851787116505,27.295394387796307,0,271,,
seed3,2,adaptive,,strict-burst,True,True,,,,,,,,,,,,,,,,,,,,,,,,,,,,,,,,,,,,,,,,,,,81.91,5,5,0,0.447,True,444850,0,0.496,0.296,,,,,,,0,,,,,,,,,,,../../tmp/adaptive_replan060_cap5_strict_v7_seed1_10_n5_20260822_artifacts/seed3_run2_adaptive.json,8189,6919,0.595,-1.375,2.223,-25.176,24.025,-24.822,24.254,223.303,7.0,0.0,1787402796.332114,2.61,2.91,1787402797.037782,3.844,4.351,0,,,,,,,,,,,,,,,,,,,,,,,,,,,,,,,,,,,,,,,,,,,,,,,,,,,,,,,,,,,,,,,,,,,,,,,,,,60.0,0.6,1.2,1.5,2.0,1.5,515,320,195,5.0,62.136,11210661,4627192,41.275,False,0.0,False,19.223,19.923,False,0.6,1.4,1.5,0.2,3.0,2.89877,0,0,0,,,,,,,,,0,0.0,,True,True,False,0.6,1.4,3,15,False,30,30,19.223,319,212,12,1787402796.331062,,,,,,,,,,,,,,,,,,,,,,,13946.252631578947,15.420342245614034,9.52957,5.888851578947369,1.7849017228070176,41.275,62.617041713809385,11.189690846393935,25.949145871632627,0,285,,
seed3,3,adaptive,,strict-burst,True,True,,,,,,,,,,,,,,,,,,,,,,,,,,,,,,,,,,,,,,,,,,,65.73,5,5,0,0.425,True,444850,0,0.518,0.318,,,,,,,0,,,,,,,,,,,../../tmp/adaptive_replan060_cap5_strict_v7_seed1_10_n5_20260822_artifacts/seed3_run3_adaptive.json,6572,5431,0.495,-1.384,1.473,-24.195,24.025,-24.169,27.085,223.549,7.0,0.0,1787402888.701238,2.52,2.805,1787402889.326134,4.535,5.133,0,,,,,,,,,,,,,,,,,,,,,,,,,,,,,,,,,,,,,,,,,,,,,,,,,,,,,,,,,,,,,,,,,,,,,,,,,,60.0,0.6,1.2,1.5,2.0,1.5,449,296,153,5.0,65.924,9596143,4345501,45.284,True,1.782,False,22.717,23.474,False,0.6,1.4,1.5,0.2,3.0,2.898936,1,0,0,1787402953.529256,1787402953.529256,1787402953.989311,,,,,,1,0.510192,0.0,True,True,False,0.6,1.4,3,15,False,27,27,22.717,349,244,12,1787402888.699214,,,,,,,,,,,,,,,,,,,,,,,14173.471042471043,15.94281108108108,9.640793667953668,6.3003427413127415,2.024446891891892,45.284,83.35660443024668,10.899509111667053,25.165626465257763,0,259,,
seed3,4,adaptive,,strict-burst,True,True,,,,,,,,,,,,,,,,,,,,,,,,,,,,,,,,,,,,,,,,,,,70.61,5,5,0,0.426,True,444850,0,0.437,0.237,,,,,,,0,,,,,,,,,,,../../tmp/adaptive_replan060_cap5_strict_v7_seed1_10_n5_20260822_artifacts/seed3_run4_adaptive.json,7059,6095,0.682,-1.31,1.89,-24.47,24.025,-25.074,27.643,223.638,7.0,0.0,1787402964.881401,3.011,3.381,1787402965.703804,3.826,4.326,0,,,,,,,,,,,,,,,,,,,,,,,,,,,,,,,,,,,,,,,,,,,,,,,,,,,,,,,,,,,,,,,,,,,,,,,,,,60.0,0.6,1.2,1.5,2.0,1.5,434,277,157,5.0,63.825,9586422,4130608,43.088,False,0.0,False,21.198,22.172,False,0.6,1.4,1.5,0.2,3.0,2.898279,0,0,0,,,,,,,,,0,0.0,,True,True,False,0.6,1.4,3,15,False,28,28,21.198,305,213,11,1787402964.880499,,,,,,,,,,,,,,,,,,,,,,,14290.329166666666,15.074487125,9.226621708333333,5.846179958333334,1.8784737083333332,43.088,68.90432783382761,10.862644658854999,23.017852681204836,0,240,,
seed3,5,adaptive,,strict-burst,True,True,,,,,,,,,,,,,,,,,,,,,,,,,,,,,,,,,,,,,,,,,,,79.44,5,5,0,0.394,True,444850,0,0.424,0.224,,,,,,,0,,,,,,,,,,,../../tmp/adaptive_replan060_cap5_strict_v7_seed1_10_n5_20260822_artifacts/seed3_run5_adaptive.json,7942,6919,1.468,0.298,1.685,-27.383,24.025,-25.833,26.827,225.939,7.0,0.0,1787403045.311339,2.654,2.963,1787403046.117383,3.84,4.335,0,,,,,,,,,,,,,,,,,,,,,,,,,,,,,,,,,,,,,,,,,,,,,,,,,,,,,,,,,,,,,,,,,,,,,,,,,,60.0,0.6,1.2,1.5,2.0,1.5,471,311,160,5.0,66.03,10623538,4749137,44.704,True,56.051,False,17.41,17.062,False,0.6,1.4,1.5,0.2,3.0,2.898863,1,0,0,1787403078.124362,1787403078.124362,1787403078.714435,,,,,,33,1.059933,0.0,True,True,False,0.6,1.4,3,15,False,29,29,17.41,332,214,11,1787403045.310577,,,,,,,,,,,,,,,,,,,,,,,14563.103703703704,14.76083751851852,9.267941296296296,5.491263,1.7335072555555555,44.704,63.99028966294169,11.220520165266418,21.062051182304096,0,270,,
seed4,1,adaptive,,strict-burst,True,True,,,,,,,,,,,,,,,,,,,,,,,,,,,,,,,,,,,,,,,,,,,79.45,5,5,0,0.367,True,444850,0,0.422,0.222,,,,,,,0,,,,,,,,,,,../../tmp/adaptive_replan060_cap5_strict_v7_seed1_10_n5_20260822_artifacts/seed4_run1_adaptive.json,7944,6840,-0.674,-1.333,1.891,-24.025,24.025,-24.419,26.242,228.66,7.0,0.0,1787403134.561899,1.127,1.431,1787403135.428552,3.12,3.993,0,,,,,,,,,,,,,,,,,,,,,,,,,,,,,,,,,,,,,,,,,,,,,,,,,,,,,,,,,,,,,,,,,,,,,,,,,,60.0,0.6,1.2,1.5,2.0,1.5,527,328,199,5.0,62.239,12387377,5694675,45.972,True,72.296,False,24.858,24.46,True,0.6,1.4,1.5,0.2,3.0,2.896456,1,1,0,1787403151.57954,1787403151.57954,1787403151.779468,1787403205.138978,1787403206.348582,1.209604,,,36,1.209604,0.0,True,True,False,0.6,1.4,3,15,False,28,28,21.442,365,240,10,1787403134.560527,,,,,,,,,,,,,,,,,,,,,,,15710.768060836503,15.44699505703422,9.428319885931558,6.0170123574144485,1.9069601939163499,45.972,67.22940597964943,11.172670290214185,24.46859424360934,0,263,,
seed4,2,adaptive,,strict-burst,True,True,,,,,,,,,,,,,,,,,,,,,,,,,,,,,,,,,,,,,,,,,,,83.72,5,5,0,0.359,True,444850,0,0.458,0.258,,,,,,,0,,,,,,,,,,,../../tmp/adaptive_replan060_cap5_strict_v7_seed1_10_n5_20260822_artifacts/seed4_run2_adaptive.json,8369,7620,1.144,-0.906,1.829,-24.767,24.025,-26.437,24.526,231.69,7.0,0.0,1787403224.023454,2.203,3.326,1787403224.717183,2.203,3.326,0,,,,,,,,,,,,,,,,,,,,,,,,,,,,,,,,,,,,,,,,,,,,,,,,,,,,,,,,,,,,,,,,,,,,,,,,,,60.0,0.6,1.2,1.5,2.0,1.5,639,378,261,5.0,59.155,16818030,7540668,44.837,True,32.864,True,28.951,28.23,True,0.6,1.4,1.5,0.2,3.0,2.898889,1,1,0,1787403278.528722,1787403278.528722,1787403279.928977,1787403279.928977,1787403281.13869,1.209713,,,1,1.209713,0.0,True,True,False,0.6,1.4,3,15,False,28,28,18.153,395,239,10,1787403224.022501,,,,,,,,,,,,,,,,,,,,,,,18182.742372881356,15.899110915254237,9.678884779661017,6.218511491525424,1.843255413559322,44.837,69.97655144487526,11.492957846869187,23.21121730949054,0,295,,
seed4,3,adaptive,,strict-burst,True,True,,,,,,,,,,,,,,,,,,,,,,,,,,,,,,,,,,,,,,,,,,,77.08,5,5,0,0.4,True,444850,0,0.469,0.269,,,,,,,0,,,,,,,,,,,../../tmp/adaptive_replan060_cap5_strict_v7_seed1_10_n5_20260822_artifacts/seed4_run3_adaptive.json,7705,6958,1.144,-0.893,1.034,-24.47,24.025,-24.552,26.192,231.476,7.0,0.0,1787403317.400009,1.921,3.016,1787403318.054504,3.137,3.993,0,,,,,,,,,,,,,,,,,,,,,,,,,,,,,,,,,,,,,,,,,,,,,,,,,,,,,,,,,,,,,,,,,,,,,,,,,,60.0,0.6,1.2,1.5,2.0,1.5,572,348,224,5.0,60.839,14273901,6376422,44.672,True,30.944,False,20.979,20.23,False,0.6,1.4,1.5,0.2,3.0,2.897737,1,0,0,1787403370.243858,1787403370.243858,1787403370.844217,,,,,,13,1.179584,0.0,True,True,False,0.6,1.4,3,15,False,29,29,20.979,383,228,12,1787403317.399129,,,,,,,,,,,,,,,,,,,,,,,16726.9359430605,14.90352896797153,9.11743049822064,5.784442526690392,1.8279978149466192,44.672,72.79108767717413,11.304320857183917,,0,281,,
seed4,4,adaptive,,strict-burst,True,True,,,,,,,,,,,,,,,,,,,,,,,,,,,,,,,,,,,,,,,,,,,108.3,5,5,0,0.393,True,444850,0,0.467,0.267,,,,,,,0,,,,,,,,,,,../../tmp/adaptive_replan060_cap5_strict_v7_seed1_10_n5_20260822_artifacts/seed4_run4_adaptive.json,10806,9775,0.971,-1.11,2.08,-25.755,24.025,-24.524,25.565,237.914,6.999,0.0,1787403405.1088,2.334,3.342,1787403405.780216,3.674,4.376,0,,,,,,,,,,,,,,,,,,,,,,,,,,,,,,,,,,,,,,,,,,,,,,,,,,,,,,,,,,,,,,,,,,,,,,,,,,60.0,0.6,1.2,1.5,2.0,1.5,688,450,238,5.0,65.407,18120504,8594334,47.429,True,17.151,False,14.535,12.843,False,0.6,1.4,1.5,0.2,3.0,2.898383,1,0,0,1787403493.708986,1787403493.708986,1787403493.72813,,,,,,11,1.08977,0.0,True,True,False,0.6,1.4,3,15,False,28,28,14.535,393,241,12,1787403405.107688,,,,,,,,,,,,,,,,,,,,,,,17049.434131736525,13.629382514970061,8.717379071856287,4.9103014371257485,1.4306181047904192,47.429,55.128050056515,12.014114665558196,27.635289035008178,0,334,,
seed4,5,adaptive,,strict-burst,True,True,,,,,,,,,,,,,,,,,,,,,,,,,,,,,,,,,,,,,,,,,,,75.46,5,5,0,0.397,True,444850,0,0.464,0.264,,,,,,,0,,,,,,,,,,,../../tmp/adaptive_replan060_cap5_strict_v7_seed1_10_n5_20260822_artifacts/seed4_run5_adaptive.json,7544,6609,1.066,-0.978,1.471,-24.38,24.025,-24.656,25.693,225.985,7.0,0.0,1787403523.166519,1.882,2.964,1787403524.022144,3.227,4.055,0,,,,,,,,,,,,,,,,,,,,,,,,,,,,,,,,,,,,,,,,,,,,,,,,,,,,,,,,,,,,,,,,,,,,,,,,,,60.0,0.6,1.2,1.5,2.0,1.5,537,326,211,5.0,60.708,13134210,5655179,43.057,True,18.622,False,18.622,18.292,False,0.6,1.4,1.5,0.2,3.0,2.898944,1,0,0,1787403585.978712,1787403585.978712,1787403586.048711,,,,,,8,1.060007,0.0,True,True,False,0.6,1.4,3,15,False,27,27,18.622,361,212,12,1787403523.164223,,,,,,,,,,,,,,,,,,,,,,,15815.875471698113,15.466036452830188,9.552004566037736,5.912312,1.845150475471698,43.057,69.82536548063825,11.49319699318827,22.521732840171083,0,265,,
seed5,1,adaptive,,strict-burst,True,True,,,,,,,,,,,,,,,,,,,,,,,,,,,,,,,,,,,,,,,,,,,68.16,5,5,0,0.413,True,635500,0,0.491,0.291,,,,,,,0,,,,,,,,,,,../../tmp/adaptive_replan060_cap5_strict_v7_seed1_10_n5_20260822_artifacts/seed5_run1_adaptive.json,6815,5470,0.901,-1.002,1.954,-25.172,24.025,-26.212,25.285,228.185,7.001,0.228,1787403608.600668,3.114,3.131,1787403609.222524,4.724,4.39,0,,,,,,,,,,,,,,,,,,,,,,,,,,,,,,,,,,,,,,,,,,,,,,,,,,,,,,,,,,,,,,,,,,,,,,,,,,60.0,0.6,1.2,1.5,2.0,1.5,537,321,216,5.0,59.777,14967527,6307370,42.14,False,0.0,False,21.788,21.835,False,0.6,1.4,1.5,0.2,3.0,2.899331,0,0,0,,,,,,,,,0,0.0,,True,True,False,0.6,1.4,3,15,False,26,26,21.788,392,246,14,1787403608.599677,,,,,,,,,,,,,,,,,,,,,,,18042.97701149425,18.205161072796937,10.96787969348659,7.235589808429118,2.394588478927203,42.14,83.02744382074083,11.329830788441726,24.588773047243865,0,261,,
seed5,2,adaptive,,strict-burst,True,True,,,,,,,,,,,,,,,,,,,,,,,,,,,,,,,,,,,,,,,,,,,75.21,5,5,0,0.214,True,635500,0,0.3,0.1,,,,,,,0,,,,,,,,,,,../../tmp/adaptive_replan060_cap5_strict_v7_seed1_10_n5_20260822_artifacts/seed5_run2_adaptive.json,7520,6210,0.918,-1.134,1.567,-24.574,24.025,-24.96,26.128,228.678,7.001,0.0,1787403686.880718,2.832,2.831,1787403687.566911,4.913,4.509,0,,,,,,,,,,,,,,,,,,,,,,,,,,,,,,,,,,,,,,,,,,,,,,,,,,,,,,,,,,,,,,,,,,,,,,,,,,60.0,0.6,1.2,1.5,2.0,1.5,477,315,162,5.0,66.038,12846676,5824139,45.336,True,15.514,False,23.061,23.164,False,0.6,1.4,1.5,0.2,3.0,2.899294,1,0,0,1787403750.736061,1787403750.736061,1787403750.866186,,,,,,9,0.619748,0.0,True,True,False,0.6,1.4,3,15,False,30,30,23.061,340,224,9,1787403686.879864,,,,,,,,,,,,,,,,,,,,,,,16462.58870967742,16.37923495967742,9.765724435483872,6.611851814516129,2.190336157258064,45.336,66.26393274918607,11.247851531714833,,0,248,,
seed5,3,adaptive,,strict-burst,True,True,,,,,,,,,,,,,,,,,,,,,,,,,,,,,,,,,,,,,,,,,,,78.58,5,5,0,0.377,True,635500,0,0.456,0.256,,,,,,,0,,,,,,,,,,,../../tmp/adaptive_replan060_cap5_strict_v7_seed1_10_n5_20260822_artifacts/seed5_run3_adaptive.json,7857,6610,0.983,-1.088,2.184,-23.975,24.025,-27.389,24.662,227.823,7.0,0.0,1787403772.202713,1.525,1.507,1787403772.855129,4.367,4.525,0,,,,,,,,,,,,,,,,,,,,,,,,,,,,,,,,,,,,,,,,,,,,,,,,,,,,,,,,,,,,,,,,,,,,,,,,,,60.0,0.6,1.2,1.5,2.0,1.5,499,327,172,5.0,65.531,13937382,6597665,47.338,False,0.0,False,20.842,20.625,False,0.6,1.4,1.5,0.2,3.0,2.898645,0,0,0,,,,,,,,,0,0.0,,True,True,False,0.6,1.4,3,15,False,27,27,20.842,329,225,11,1787403772.198386,,,,,,,,,,,,,,,,,,,,,,,18546.925196850392,16.37423381889764,9.931408661417322,6.441069842519685,2.1598815629921257,47.338,64.72308942079968,11.437060853892778,25.69838206057687,0,254,,
seed5,4,adaptive,,strict-burst,True,True,,,,,,,,,,,,,,,,,,,,,,,,,,,,,,,,,,,,,,,,,,,73.01,5,5,0,0.419,True,635500,0,0.483,0.283,,,,,,,0,,,,,,,,,,,../../tmp/adaptive_replan060_cap5_strict_v7_seed1_10_n5_20260822_artifacts/seed5_run4_adaptive.json,7300,5850,0.99,-1.125,1.662,-25.735,24.025,-24.907,24.533,228.718,7.0,0.0,1787403860.709851,3.301,3.333,1787403861.401712,4.833,4.352,0,,,,,,,,,,,,,,,,,,,,,,,,,,,,,,,,,,,,,,,,,,,,,,,,,,,,,,,,,,,,,,,,,,,,,,,,,,60.0,0.6,1.2,1.5,2.0,1.5,546,334,212,5.0,61.172,15597990,6776286,43.443,True,65.568,False,21.062,21.771,False,0.6,1.4,1.5,0.2,3.0,2.896696,1,0,0,1787403885.55399,1787403885.55399,1787403885.76424,,,,,,34,0.979556,0.0,True,True,False,0.6,1.4,3,15,False,27,27,21.062,383,249,14,1787403860.708501,,,,,,,,,,,,,,,,,,,,,,,17721.19379844961,16.651243294573643,10.008199806201551,6.641481744186047,2.2248748565891474,43.443,77.52122099232689,11.133964673448613,25.346855987173864,0,258,,
seed5,5,adaptive,,strict-burst,True,True,,,,,,,,,,,,,,,,,,,,,,,,,,,,,,,,,,,,,,,,,,,87.28,5,5,0,0.39,True,635500,0,0.511,0.311,,,,,,,0,,,,,,,,,,,../../tmp/adaptive_replan060_cap5_strict_v7_seed1_10_n5_20260822_artifacts/seed5_run5_adaptive.json,8727,7500,1.304,-0.651,1.837,-25.426,24.364,-25.814,25.342,227.585,7.0,0.0,1787403944.078156,2.832,2.831,1787403944.760567,4.814,4.33,0,,,,,,,,,,,,,,,,,,,,,,,,,,,,,,,,,,,,,,,,,,,,,,,,,,,,,,,,,,,,,,,,,,,,,,,,,,60.0,0.6,1.2,1.5,2.0,1.5,546,347,199,5.0,63.553,14345701,5941296,41.415,False,0.0,False,16.3,17.521,False,0.6,1.4,1.5,0.2,3.0,2.898129,0,0,0,,,,,,,,,0,0.0,,True,True,False,0.6,1.4,3,15,False,28,28,16.3,325,214,9,1787403944.076796,,,,,,,,,,,,,,,,,,,,,,,15789.0,15.558582828282828,9.726374511784512,5.830473535353535,1.8333706161616161,41.415,56.497511378986665,12.087980060826824,,0,297,,
seed6,1,adaptive,,strict-burst,True,True,,,,,,,,,,,,,,,,,,,,,,,,,,,,,,,,,,,,,,,,,,,100.38,5,5,0,0.324,True,635500,0,0.326,0.126,,,,,,,0,,,,,,,,,,,../../tmp/adaptive_replan060_cap5_strict_v7_seed1_10_n5_20260822_artifacts/seed6_run1_adaptive.json,10037,9004,0.703,-1.271,1.895,-24.867,24.025,-25.027,27.502,235.053,7.0,0.0,1787404041.352084,2.374,3.191,1787404041.960247,4.074,4.788,0,,,,,,,,,,,,,,,,,,,,,,,,,,,,,,,,,,,,,,,,,,,,,,,,,,,,,,,,,,,,,,,,,,,,,,,,,,60.0,0.6,1.2,1.5,2.0,1.5,575,381,194,5.0,66.261,16952044,8467079,49.947,True,48.696,False,27.826,25.269,True,0.6,1.4,1.5,0.2,3.0,2.898184,1,1,0,1787404090.329641,1787404090.329641,1787404092.04974,1787404094.249848,1787404095.449928,1.20008,,,2,1.20008,0.0,True,True,False,0.6,1.4,3,15,False,27,27,16.0,341,193,11,1787404041.350617,,,,,,,,,,,,,,,,,,,,,,,20154.43956043956,16.846168424908427,10.467490695970696,6.377001315018315,2.0608694871794873,49.947,52.674571456806504,12.260952738856803,23.07427274594513,0,273,,
seed6,2,adaptive,,strict-burst,True,True,,,,,,,,,,,,,,,,,,,,,,,,,,,,,,,,,,,,,,,,,,,93.18,5,5,0,0.366,True,635500,0,0.46,0.26,,,,,,,0,,,,,,,,,,,../../tmp/adaptive_replan060_cap5_strict_v7_seed1_10_n5_20260822_artifacts/seed6_run2_adaptive.json,9318,7810,0.635,-1.327,1.818,-26.606,24.324,-26.589,25.599,231.3,7.102,0.0,1787404152.016428,2.698,3.721,1787404152.730864,3.676,4.899,0,,,,,,,,,,,,,,,,,,,,,,,,,,,,,,,,,,,,,,,,,,,,,,,,,,,,,,,,,,,,,,,,,,,,,,,,,,60.0,0.6,1.2,1.5,2.0,1.5,497,345,152,5.0,69.416,13614571,6524665,47.924,False,0.0,False,15.292,16.237,False,0.6,1.4,1.5,0.2,3.0,2.904457,0,0,0,,,,,,,,,0,0.0,,True,True,False,0.6,1.4,3,15,False,26,26,15.292,305,196,11,1787404152.015156,,,,,,,,,,,,,,,,,,,,,,,17016.985559566787,14.328264368231046,8.892558231046932,5.433998729241877,1.8046753610108304,47.924,53.340154470251235,11.619206670753345,,0,277,,
seed6,3,adaptive,,strict-burst,True,True,,,,,,,,,,,,,,,,,,,,,,,,,,,,,,,,,,,,,,,,,,,96.77,5,5,0,0.393,True,635500,0,0.447,0.247,,,,,,,0,,,,,,,,,,,../../tmp/adaptive_replan060_cap5_strict_v7_seed1_10_n5_20260822_artifacts/seed6_run3_adaptive.json,9676,8690,0.675,-1.327,1.815,-26.203,24.025,-24.659,29.612,229.309,7.0,0.0,1787404255.263376,2.519,2.663,1787404255.998768,3.156,4.262,0,,,,,,,,,,,,,,,,,,,,,,,,,,,,,,,,,,,,,,,,,,,,,,,,,,,,,,,,,,,,,,,,,,,,,,,,,,60.0,0.6,1.2,1.5,2.0,1.5,566,363,203,5.0,64.134,15702472,7099099,45.21,False,0.0,False,17.845,18.077,False,0.6,1.4,1.5,0.2,3.0,2.899586,0,0,0,,,,,,,,,0,0.0,,True,True,False,0.6,1.4,3,15,False,32,32,17.845,335,215,9,1787404255.259614,,,,,,,,,,,,,,,,,,,,,,,17383.957894736843,15.004354,9.364265578947368,5.638378140350877,1.8439510315789474,45.21,56.35843582612475,11.784815895227347,24.60074045109463,0,285,,
seed6,4,adaptive,,strict-burst,True,True,,,,,,,,,,,,,,,,,,,,,,,,,,,,,,,,,,,,,,,,,,,81.55,5,5,0,0.41,True,635500,0,0.472,0.272,,,,,,,0,,,,,,,,,,,../../tmp/adaptive_replan060_cap5_strict_v7_seed1_10_n5_20260822_artifacts/seed6_run4_adaptive.json,8154,7375,0.83,-1.148,1.896,-24.236,24.025,-26.633,26.898,230.699,7.0,0.0,1787404362.554815,2.728,3.177,1787404363.206269,3.654,5.043,0,,,,,,,,,,,,,,,,,,,,,,,,,,,,,,,,,,,,,,,,,,,,,,,,,,,,,,,,,,,,,,,,,,,,,,,,,,60.0,0.6,1.2,1.5,2.0,1.5,550,352,198,5.0,64.0,15649497,7243358,46.285,False,0.0,False,18.727,19.061,False,0.6,1.4,1.5,0.2,3.0,2.899741,0,0,0,,,,,,,,,0,0.0,,True,True,False,0.6,1.4,3,15,False,24,24,18.727,405,216,12,1787404362.553847,,,,,,,,,,,,,,,,,,,,,,,18554.185185185186,16.124144592592593,9.872156222222221,6.2501838148148146,2.1186714185185185,46.285,65.47045337153004,11.831897447230936,24.212969237724664,0,270,,
seed6,5,adaptive,,strict-burst,True,True,,,,,,,,,,,,,,,,,,,,,,,,,,,,,,,,,,,,,,,,,,,91.5,5,5,0,0.35,True,635500,0,0.464,0.264,,,,,,,0,,,,,,,,,,,../../tmp/adaptive_replan060_cap5_strict_v7_seed1_10_n5_20260822_artifacts/seed6_run5_adaptive.json,9149,7548,0.859,-1.152,1.885,-24.39,24.025,-27.797,26.739,231.754,7.0,0.0,1787404454.890586,2.602,2.852,1787404455.795573,3.158,4.246,0,,,,,,,,,,,,,,,,,,,,,,,,,,,,,,,,,,,,,,,,,,,,,,,,,,,,,,,,,,,,,,,,,,,,,,,,,,60.0,0.6,1.2,1.5,2.0,1.5,517,349,168,5.0,67.505,14312828,6641730,46.404,False,0.0,False,16.634,15.948,False,0.6,1.4,1.5,0.2,3.0,2.900007,0,0,0,,,,,,,,,0,0.0,,True,True,False,0.6,1.4,3,15,False,27,27,16.634,313,196,10,1787404454.887411,,,,,,,,,,,,,,,,,,,,,,,17225.119133574008,14.887957725631768,9.346011371841154,5.540250216606498,1.826887703971119,46.404,54.914974246727695,11.837952157345775,24.007211913939287,0,277,,
seed7,1,adaptive,,strict-burst,True,True,,,,,,,,,,,,,,,,,,,,,,,,,,,,,,,,,,,,,,,,,,,105.07,5,5,0,0.408,True,838860,0,0.493,0.293,,,,,,,0,,,,,,,,,,,../../tmp/adaptive_replan060_cap5_strict_v7_seed1_10_n5_20260822_artifacts/seed7_run1_adaptive.json,10506,9440,1.057,-1.053,2.093,-26.478,23.96,-25.573,25.658,241.794,7.001,0.133,1787404558.739869,3.947,4.164,1787404559.69684,7.417,7.565,0,,,,,,,,,,,,,,,,,,,,,,,,,,,,,,,,,,,,,,,,,,,,,,,,,,,,,,,,,,,,,,,,,,,,,,,,,,60.0,0.6,1.2,1.5,2.0,1.5,607,413,194,5.0,68.04,22535683,11056877,49.064,True,75.783,False,17.133,17.367,False,0.6,1.4,1.5,0.2,3.0,2.900097,1,1,1,1787404580.438133,1787404580.438133,1787404581.098282,1787404613.158549,1787404614.368695,1.210146,1787404630.338634,15.969939,47,1.210146,0.0,True,True,False,0.6,1.4,3,15,False,26,26,13.015,336,199,9,1787404558.738127,,,,,,,,,,,,,,,,,,,,,,,22974.22426470588,15.307254044117647,9.478076801470587,5.827449375,2.043826106617647,49.064,49.30952085635104,12.435095792261606,26.160320923839688,0,272,,
seed7,2,adaptive,,strict-burst,True,True,,,,,,,,,,,,,,,,,,,,,,,,,,,,,,,,,,,,,,,,,,,107.59,5,5,0,0.388,True,838860,0,0.475,0.275,,,,,,,0,,,,,,,,,,,../../tmp/adaptive_replan060_cap5_strict_v7_seed1_10_n5_20260822_artifacts/seed7_run2_adaptive.json,10758,10016,0.709,-1.307,1.705,-24.387,24.025,-25.206,26.973,238.895,7.004,0.0,1787404677.408427,8.246,10.107,1787404673.47406,4.631,5.259,0,,,,,,,,,,,,,,,,,,,,,,,,,,,,,,,,,,,,,,,,,,,,,,,,,,,,,,,,,,,,,,,,,,,,,,,,,,60.0,0.6,1.2,1.5,2.0,1.5,621,423,198,5.0,68.116,23964545,12525419,52.266,True,71.659,False,24.96,25.168,False,0.6,1.4,1.5,0.2,3.0,2.899345,1,1,1,1787404700.945717,1787404700.945717,1787404701.155486,1787404712.465927,1787404713.67543,1.209503,1787404768.535709,54.860279,18,1.209503,0.0,True,True,False,0.6,1.4,3,15,False,24,24,12.56,362,183,10,1787404672.865562,,,,,,,,,,,,,,,,,,,,,,,25301.322463768116,16.747668550724637,10.376384855072462,6.36948902173913,2.206372365942029,52.266,48.90719109957293,12.458844016241338,26.962867964055356,0,276,,
seed7,3,adaptive,,strict-burst,True,True,,,,,,,,,,,,,,,,,,,,,,,,,,,,,,,,,,,,,,,,,,,105.51,5,5,0,0.371,True,838860,0,0.484,0.284,,,,,,,0,,,,,,,,,,,../../tmp/adaptive_replan060_cap5_strict_v7_seed1_10_n5_20260822_artifacts/seed7_run3_adaptive.json,10550,9680,0.892,-1.153,2.315,-25.8,24.048,-27.6,25.924,234.714,6.998,0.0,1787404799.318486,9.105,5.715,1787404799.961958,10.811,7.478,0,,,,,,,,,,,,,,,,,,,,,,,,,,,,,,,,,,,,,,,,,,,,,,,,,,,,,,,,,,,,,,,,,,,,,,,,,,60.0,0.6,1.2,1.5,2.0,1.5,634,426,208,5.0,67.192,23274987,12485157,53.642,True,91.483,True,36.435,37.057,True,0.6,1.4,1.5,0.2,3.0,2.896046,1,2,1,1787404796.431045,1787404796.431045,1787404797.040635,1787404801.351307,1787404802.560985,1.209678,1787404859.751493,57.190508,7,1.209678,0.0,True,True,False,0.6,1.4,3,15,False,27,27,15.931,332,182,11,1787404799.317745,,,,,,,,,,,,,,,,,,,,,,,25865.100746268658,18.621274253731343,11.60363880597015,7.0157548843283575,2.3630212201492538,53.642,48.430268381980106,12.024070899829374,26.01043578577566,0,268,,
seed7,4,adaptive,,strict-burst,True,True,,,,,,,,,,,,,,,,,,,,,,,,,,,,,,,,,,,,,,,,,,,97.67,5,5,0,0.401,True,838860,0,0.482,0.282,,,,,,,0,,,,,,,,,,,../../tmp/adaptive_replan060_cap5_strict_v7_seed1_10_n5_20260822_artifacts/seed7_run4_adaptive.json,9766,8970,0.813,-1.218,1.995,-26.2,23.29,-26.75,25.763,233.169,6.999,0.0,1787404906.48908,3.677,4.153,1787404907.146058,4.624,5.148,0,,,,,,,,,,,,,,,,,,,,,,,,,,,,,,,,,,,,,,,,,,,,,,,,,,,,,,,,,,,,,,,,,,,,,,,,,,60.0,0.6,1.2,1.5,2.0,1.5,613,417,196,5.0,68.026,22515874,10713544,47.582,False,0.0,False,12.887,12.733,False,0.6,1.4,1.5,0.2,3.0,2.899008,0,0,0,,,,,,,,,0,0.0,,True,True,False,0.6,1.4,3,15,False,25,25,12.887,323,203,11,1787404906.488099,,,,,,,,,,,,,,,,,,,,,,,22711.577049180327,14.967770590163935,9.521164459016394,5.445023442622951,1.8860337934426228,47.582,53.8760932495272,12.39586896519957,26.78155811839735,0,305,,
seed7,5,adaptive,,strict-burst,True,True,,,,,,,,,,,,,,,,,,,,,,,,,,,,,,,,,,,,,,,,,,,102.53,5,5,0,0.406,True,838860,0,0.412,0.212,,,,,,,0,,,,,,,,,,,../../tmp/adaptive_replan060_cap5_strict_v7_seed1_10_n5_20260822_artifacts/seed7_run5_adaptive.json,10252,9380,1.002,-1.116,2.083,-27.13,24.241,-24.291,24.677,241.442,7.0,0.0,1787405021.419066,9.798,11.443,1787405015.713447,4.715,5.338,0,,,,,,,,,,,,,,,,,,,,,,,,,,,,,,,,,,,,,,,,,,,,,,,,,,,,,,,,,,,,,,,,,,,,,,,,,,60.0,0.6,1.2,1.5,2.0,1.5,644,429,215,5.0,66.615,25701580,13188035,51.312,True,56.988,True,24.534,25.819,True,0.6,1.4,1.5,0.2,3.0,2.89697,1,1,0,1787405057.427337,1787405057.427337,1787405058.026731,1787405072.057347,1787405073.26738,1.210032,,,10,1.210032,0.0,True,True,False,0.6,1.4,3,15,False,26,26,12.422,406,207,10,1787405014.918215,,,,,,,,,,,,,,,,,,,,,,,26871.660516605167,16.679732730627308,10.2357226199262,6.442484590405904,2.342022774907749,51.312,55.033421486730255,12.86211353256936,26.087702200998248,0,271,,
seed8,1,adaptive,,strict-burst,True,True,,,,,,,,,,,,,,,,,,,,,,,,,,,,,,,,,,,,,,,,,,,89.54,5,5,0,0.42,True,838860,0,0.502,0.302,,,,,,,0,,,,,,,,,,,../../tmp/adaptive_replan060_cap5_strict_v7_seed1_10_n5_20260822_artifacts/seed8_run1_adaptive.json,8954,7920,1.302,-0.724,1.708,-29.931,24.025,-25.654,26.394,233.176,7.0,0.0,1787405128.524359,2.587,2.925,1787405129.18819,2.491,3.899,0,,,,,,,,,,,,,,,,,,,,,,,,,,,,,,,,,,,,,,,,,,,,,,,,,,,,,,,,,,,,,,,,,,,,,,,,,,60.0,0.6,1.2,1.5,2.0,1.5,602,391,211,5.0,64.95,21109415,10540976,49.935,True,68.106,True,31.063,31.0,True,0.6,1.4,1.5,0.2,3.0,2.897425,1,1,0,1787405155.660469,1787405155.660469,1787405156.560681,1787405167.43068,1787405168.640802,1.210122,,,8,1.210122,0.0,True,True,True,0.6,1.4,3,15,True,29,28,19.435,332,209,13,1787405128.521153,,,,,,,,,,,,,,,,,,,,,,,22900.222627737225,16.803894379562045,10.30708091240876,6.495196605839416,2.2489205145985403,49.935,58.09648502733528,11.898708843721028,27.619840770856328,0,274,,
seed8,2,adaptive,,strict-burst,True,True,,,,,,,,,,,,,,,,,,,,,,,,,,,,,,,,,,,,,,,,,,,95.63,5,5,0,0.414,True,838860,0,0.477,0.277,,,,,,,0,,,,,,,,,,,../../tmp/adaptive_replan060_cap5_strict_v7_seed1_10_n5_20260822_artifacts/seed8_run2_adaptive.json,9562,8470,1.393,-0.496,1.78,-27.163,24.025,-25.393,27.364,243.963,7.0,0.0,1787405228.052793,2.643,3.27,1787405229.092456,3.686,5.233,0,,,,,,,,,,,,,,,,,,,,,,,,,,,,,,,,,,,,,,,,,,,,,,,,,,,,,,,,,,,,,,,,,,,,,,,,,,60.0,0.6,1.2,1.5,2.0,1.5,635,419,216,5.0,65.984,22170118,10959300,49.433,True,73.543,False,26.772,26.554,True,0.6,1.4,1.5,0.2,3.0,2.898464,1,1,0,1787405251.301488,1787405251.301488,1787405252.310718,1787405276.100736,1787405277.310589,1.209853,,,16,1.209853,0.0,True,True,False,0.6,1.4,3,15,False,26,26,14.488,360,199,8,1787405228.050823,,,,,,,,,,,,,,,,,,,,,,,23004.620689655174,16.925020862068965,10.420219413793104,6.503013827586207,2.2228835655172414,49.433,54.621527799403786,13.06737143290786,27.655575570166572,0,290,,
seed8,3,adaptive,,strict-burst,True,True,,,,,,,,,,,,,,,,,,,,,,,,,,,,,,,,,,,,,,,,,,,86.36,5,5,0,0.314,True,838860,0,0.387,0.187,,,,,,,0,,,,,,,,,,,../../tmp/adaptive_replan060_cap5_strict_v7_seed1_10_n5_20260822_artifacts/seed8_run3_adaptive.json,8634,7546,0.754,-1.236,2.149,-27.314,24.025,-24.418,24.435,229.857,7.0,0.0,1787405334.478085,2.455,3.103,1787405335.226457,4.291,6.028,0,,,,,,,,,,,,,,,,,,,,,,,,,,,,,,,,,,,,,,,,,,,,,,,,,,,,,,,,,,,,,,,,,,,,,,,,,,60.0,0.6,1.2,1.5,2.0,1.5,467,333,134,5.0,71.306,15289860,7368053,48.189,False,0.0,False,20.128,20.421,False,0.6,1.4,1.5,0.2,3.0,2.896594,0,0,0,,,,,,,,,0,0.0,,True,True,False,0.6,1.4,3,15,False,29,29,20.128,300,189,12,1787405334.477148,,,,,,,,,,,,,,,,,,,,,,,19882.23161764706,19.326816139705883,12.066938125,7.258015036764705,2.561067757352941,48.189,61.49663155335114,12.804005609554668,26.62052822761861,0,272,,
seed8,4,adaptive,,strict-burst,True,True,,,,,,,,,,,,,,,,,,,,,,,,,,,,,,,,,,,,,,,,,,,97.66,5,5,0,0.401,True,838860,0,0.441,0.241,,,,,,,0,,,,,,,,,,,../../tmp/adaptive_replan060_cap5_strict_v7_seed1_10_n5_20260822_artifacts/seed8_run4_adaptive.json,9765,8493,0.998,-1.05,1.77,-27.393,24.196,-24.622,24.726,231.066,7.001,0.0,1787405432.05214,2.701,1.234,1787405433.674228,3.132,1.339,0,,,,,,,,,,,,,,,,,,,,,,,,,,,,,,,,,,,,,,,,,,,,,,,,,,,,,,,,,,,,,,,,,,,,,,,,,,60.0,0.6,1.2,1.5,2.0,1.5,578,402,176,5.0,69.55,19299416,10144840,52.566,True,94.637,True,36.505,37.877,True,0.6,1.4,1.5,0.2,3.0,2.89924,1,2,1,1787405433.757723,1787405433.757723,1787405433.798112,1787405456.119167,1787405457.319575,1.200408,1787405459.559187,2.239612,24,1.20055,0.0,True,True,False,0.6,1.4,3,15,False,32,32,19.896,350,232,9,1787405432.051349,,,,,,,,,,,,,,,,,,,,,,,22856.534246575342,18.799660102739725,11.60124616438356,7.196632191780822,2.3300902260273975,52.566,58.24349461044479,11.956840218933616,26.1632016911389,0,292,,
seed8,5,adaptive,,strict-burst,True,True,,,,,,,,,,,,,,,,,,,,,,,,,,,,,,,,,,,,,,,,,,,92.65,5,5,0,0.366,True,838860,0,0.382,0.182,,,,,,,0,,,,,,,,,,,../../tmp/adaptive_replan060_cap5_strict_v7_seed1_10_n5_20260822_artifacts/seed8_run5_adaptive.json,9263,8360,0.987,-0.952,1.405,-27.142,23.999,-26.544,24.626,229.503,7.0,0.0,1787405541.199218,4.977,7.054,1787405539.553663,3.636,5.603,0,,,,,,,,,,,,,,,,,,,,,,,,,,,,,,,,,,,,,,,,,,,,,,,,,,,,,,,,,,,,,,,,,,,,,,,,,,60.0,0.6,1.2,1.5,2.0,1.5,527,366,161,5.0,69.45,18071577,8532805,47.217,False,0.0,False,16.319,16.994,False,0.6,1.4,1.5,0.2,3.0,2.899886,0,0,0,,,,,,,,,0,0.0,,True,True,False,0.6,1.4,3,15,False,30,30,16.319,316,186,13,1787405538.815466,,,,,,,,,,,,,,,,,,,,,,,19804.940520446096,16.003166356877323,9.92182219330855,6.079700185873606,2.1073987026022305,47.217,52.929542889801134,12.165794527838697,,0,269,,
seed9,1,adaptive,,strict-burst,True,True,,,,,,,,,,,,,,,,,,,,,,,,,,,,,,,,,,,,,,,,,,,103.05,5,5,0,0.408,True,1042220,0,0.484,0.284,,,,,,,0,,,,,,,,,,,../../tmp/adaptive_replan060_cap5_strict_v7_seed1_10_n5_20260822_artifacts/seed9_run1_adaptive.json,10304,9840,1.097,-0.971,1.589,-24.764,24.117,-27.029,24.123,235.614,6.994,0.628,1787405644.136626,3.335,5.079,1787405642.820142,2.653,4.595,0,,,,,,,,,,,,,,,,,,,,,,,,,,,,,,,,,,,,,,,,,,,,,,,,,,,,,,,,,,,,,,,,,,,,,,,,,,60.0,0.6,1.2,1.5,2.0,1.5,610,415,195,5.0,68.033,25820152,13056657,50.568,True,94.262,False,17.049,16.811,False,0.6,1.4,1.5,0.2,3.0,2.893653,1,1,1,1787405643.497684,1787405643.497684,1787405643.717494,1787405655.788302,1787405656.998284,1.209982,1787405673.559078,16.560794,56,1.209982,0.0,True,True,False,0.6,1.4,3,15,False,27,27,13.77,359,204,8,1787405642.023035,,,,,,,,,,,,,,,,,,,,,,,28865.97328244275,15.820935687022901,9.72650503816794,6.092786106870229,2.306604458015267,50.568,50.933792585294995,12.843398905429503,,0,262,,
seed9,2,adaptive,,strict-burst,True,True,,,,,,,,,,,,,,,,,,,,,,,,,,,,,,,,,,,,,,,,,,,116.85,5,5,0,0.37,True,1042220,0,0.426,0.226,,,,,,,0,,,,,,,,,,,../../tmp/adaptive_replan060_cap5_strict_v7_seed1_10_n5_20260822_artifacts/seed9_run2_adaptive.json,11684,11019,0.75,-1.241,1.855,-25.773,24.025,-26.524,25.229,247.405,7.0,0.0,1787405755.214209,1.882,2.605,1787405755.884973,2.681,4.346,0,,,,,,,,,,,,,,,,,,,,,,,,,,,,,,,,,,,,,,,,,,,,,,,,,,,,,,,,,,,,,,,,,,,,,,,,,,60.0,0.6,1.2,1.5,2.0,1.5,665,460,205,5.0,69.173,28034288,15120357,53.935,True,69.474,False,29.624,30.752,True,0.6,1.4,1.5,0.2,3.0,2.898935,1,2,1,1787405786.72723,1787405786.72723,1787405787.247334,1787405797.317549,1787405798.517627,1.200079,1787405845.209146,46.691519,13,1.200079,0.0,True,True,False,0.6,1.4,3,15,False,25,25,12.632,390,190,10,1787405755.213329,,,,,,,,,,,,,,,,,,,,,,,29752.200657894737,17.033577138157895,10.821434967105263,6.210363092105264,2.1979497828947365,53.935,47.50832139452922,12.473518928418896,27.618081046846076,0,304,,
seed9,3,adaptive,,strict-burst,True,True,,,,,,,,,,,,,,,,,,,,,,,,,,,,,,,,,,,,,,,,,,,127.59,5,5,0,0.383,True,1042220,0,0.411,0.211,,,,,,,0,,,,,,,,,,,../../tmp/adaptive_replan060_cap5_strict_v7_seed1_10_n5_20260822_artifacts/seed9_run3_adaptive.json,12758,12196,0.694,-1.28,1.693,-25.624,24.025,-27.286,25.037,246.901,6.999,0.0,1787405883.416267,3.149,1.601,1787405884.164781,5.284,3.542,0,,,,,,,,,,,,,,,,,,,,,,,,,,,,,,,,,,,,,,,,,,,,,,,,,,,,,,,,,,,,,,,,,,,,,,,,,,60.0,0.6,1.2,1.5,2.0,1.5,756,521,235,5.0,68.915,34079823,18047134,52.955,True,83.862,False,19.444,20.315,True,0.6,1.4,1.5,0.2,3.0,2.891262,1,3,2,1787405901.393492,1787405901.393492,1787405902.303814,1787405959.075358,1787405960.285483,1.210124,1787405962.545801,2.260318,52,1.210124,0.0,True,True,False,0.6,1.4,3,15,False,21,21,10.053,417,182,10,1787405883.413497,,,,,,,,,,,,,,,,,,,,,,,30025.993265993267,15.01705744107744,9.34797909090909,5.667400427609428,2.0941919259259256,52.955,45.957850172057256,13.355104291502444,28.05657401671328,0,297,,
seed9,4,adaptive,,strict-burst,True,True,,,,,,,,,,,,,,,,,,,,,,,,,,,,,,,,,,,,,,,,,,,129.33,5,5,0,0.379,True,1042220,0,0.437,0.237,,,,,,,0,,,,,,,,,,,../../tmp/adaptive_replan060_cap5_strict_v7_seed1_10_n5_20260822_artifacts/seed9_run4_adaptive.json,12932,12288,1.104,-0.979,2.146,-25.123,24.025,-26.188,24.929,249.065,7.0,0.0,1787406021.877947,1.512,2.32,1787406022.554344,1.972,3.489,0,,,,,,,,,,,,,,,,,,,,,,,,,,,,,,,,,,,,,,,,,,,,,,,,,,,,,,,,,,,,,,,,,,,,,,,,,,60.0,0.6,1.2,1.5,2.0,1.5,893,574,319,5.0,64.278,39102065,20195142,51.647,True,84.882,False,35.05,35.153,True,0.6,1.4,1.5,0.2,3.0,2.894836,1,1,0,1787406037.305471,1787406037.305471,1787406040.205408,1787406053.575938,1787406054.775971,1.200032,,,11,1.200032,0.0,True,True,False,0.6,1.4,3,15,False,30,30,13.886,388,199,10,1787406021.87663,,,,,,,,,,,,,,,,,,,,,,,30904.20382165605,16.684926337579615,10.532733439490446,6.150498636942674,2.1398775095541405,51.647,46.85705205494359,12.917494178060911,28.329887549331865,0,314,,
seed9,5,adaptive,,strict-burst,True,True,,,,,,,,,,,,,,,,,,,,,,,,,,,,,,,,,,,,,,,,,,,113.97,5,5,0,0.335,True,1042220,0,0.412,0.212,,,,,,,0,,,,,,,,,,,../../tmp/adaptive_replan060_cap5_strict_v7_seed1_10_n5_20260822_artifacts/seed9_run5_adaptive.json,11396,10780,1.167,-0.926,1.338,-23.917,24.025,-24.223,25.028,245.491,6.996,0.0,1787406161.685667,2.288,3.826,1787406162.38143,3.167,5.495,0,,,,,,,,,,,,,,,,,,,,,,,,,,,,,,,,,,,,,,,,,,,,,,,,,,,,,,,,,,,,,,,,,,,,,,,,,,60.0,0.6,1.2,1.5,2.0,1.5,617,432,185,5.0,70.016,25359013,13152018,51.863,True,70.34,False,24.635,25.14,True,0.6,1.4,1.5,0.2,3.0,2.898808,1,2,1,1787406192.683829,1787406192.683829,1787406192.841221,1787406210.89182,1787406212.101764,1.209944,1787406236.221798,24.120034,27,1.209944,0.0,True,True,False,0.6,1.4,3,15,False,27,27,13.29,354,183,7,1787406161.684649,,,,,,,,,,,,,,,,,,,,,,,28109.4391025641,15.835396153846153,9.974235352564103,5.85957157051282,2.0840087179487177,51.863,49.20551730387902,12.6935719856879,,0,312,,
seed10,1,adaptive,,strict-burst,True,True,,,,,,,,,,,,,,,,,,,,,,,,,,,,,,,,,,,,,,,,,,,116.83,5,5,0,0.378,True,1042220,0,0.426,0.226,,,,,,,0,,,,,,,,,,,../../tmp/adaptive_replan060_cap5_strict_v7_seed1_10_n5_20260822_artifacts/seed10_run1_adaptive.json,11682,10825,0.885,-1.203,1.26,-25.745,24.393,-28.775,27.03,242.287,7.0,1.408,1787406287.61131,8.75,10.15,1787406285.704219,4.847,4.646,0,,,,,,,,,,,,,,,,,,,,,,,,,,,,,,,,,,,,,,,,,,,,,,,,,,,,,,,,,,,,,,,,,,,,,,,,,,60.0,0.6,1.2,1.5,2.0,1.5,674,472,202,5.0,70.03,27882168,15183735,54.457,True,67.507,False,33.68,34.575,True,0.6,1.4,1.5,0.2,3.0,2.898113,1,1,0,1787406320.171081,1787406320.171081,1787406320.840884,1787406323.161077,1787406324.361281,1.200204,,,3,1.200204,0.0,True,True,False,0.6,1.4,3,15,False,28,28,13.65,357,181,10,1787406284.937562,,,,,,,,,,,,,,,,,,,,,,,28448.01986754967,18.256458774834435,11.521044205298015,6.7337231788079475,2.3706986456953643,54.457,46.24966391087577,12.675066532902074,26.417874877383408,0,302,,
seed10,2,adaptive,,strict-burst,True,True,,,,,,,,,,,,,,,,,,,,,,,,,,,,,,,,,,,,,,,,,,,127.98,5,5,0,0.373,True,1042220,0,0.41,0.21,,,,,,,0,,,,,,,,,,,../../tmp/adaptive_replan060_cap5_strict_v7_seed1_10_n5_20260822_artifacts/seed10_run2_adaptive.json,12797,12020,1.076,-0.962,1.065,-26.181,24.052,-24.572,28.163,250.26,6.998,0.0,1787406416.980525,4.67,5.733,1787406417.658047,5.319,6.555,0,,,,,,,,,,,,,,,,,,,,,,,,,,,,,,,,,,,,,,,,,,,,,,,,,,,,,,,,,,,,,,,,,,,,,,,,,,60.0,0.6,1.2,1.5,2.0,1.5,699,483,216,5.0,69.099,29078511,15320576,52.687,True,76.681,False,22.031,21.079,True,0.6,1.4,1.5,0.2,3.0,2.887569,1,4,3,1787406439.490186,1787406439.490186,1787406440.180366,1787406454.020242,1787406455.229911,1.209669,1787406475.280516,20.050605,30,1.209996,0.0,True,True,False,0.6,1.4,3,15,False,24,24,10.014,378,176,9,1787406416.978209,,,,,,,,,,,,,,,,,,,,,,,27862.91390728477,15.589650066225166,9.785552880794702,5.802431125827814,2.0968555331125827,52.687,43.678438128565936,12.9311594650909,26.486143209429237,0,302,,
seed10,3,adaptive,,strict-burst,True,True,,,,,,,,,,,,,,,,,,,,,,,,,,,,,,,,,,,,,,,,,,,133.5,5,5,0,0.37,True,1042220,0,0.414,0.214,,,,,,,0,,,,,,,,,,,../../tmp/adaptive_replan060_cap5_strict_v7_seed1_10_n5_20260822_artifacts/seed10_run3_adaptive.json,13349,12577,0.926,-1.153,1.46,-25.796,24.147,-25.235,25.089,244.809,6.999,0.0,1787406551.155192,3.083,2.279,1787406551.839814,4.258,3.817,0,,,,,,,,,,,,,,,,,,,,,,,,,,,,,,,,,,,,,,,,,,,,,,,,,,,,,,,,,,,,,,,,,,,,,,,,,,60.0,0.6,1.2,1.5,2.0,1.5,831,563,268,5.0,67.75,35714690,18526083,51.872,True,59.206,False,22.864,22.198,True,0.6,1.4,1.5,0.2,3.0,2.897357,1,2,1,1787406600.512579,1787406600.512579,1787406600.741951,1787406624.522536,1787406625.722734,1.200198,1787406651.41285,25.690116,20,1.200198,0.0,True,True,False,0.6,1.4,3,15,False,27,27,11.191,388,176,11,1787406551.154061,,,,,,,,,,,,,,,,,,,,,,,28612.791666666668,16.377495104166666,10.33317763888889,6.042631527777778,2.199029659722222,51.872,41.65392737512031,13.153206364091952,26.10962740831982,0,288,,
seed10,4,adaptive,,strict-burst,True,True,,,,,,,,,,,,,,,,,,,,,,,,,,,,,,,,,,,,,,,,,,,101.32,5,5,0,0.36,True,1042220,0,0.431,0.231,,,,,,,0,,,,,,,,,,,../../tmp/adaptive_replan060_cap5_strict_v7_seed1_10_n5_20260822_artifacts/seed10_run4_adaptive.json,10131,9360,1.351,-0.513,1.613,-26.524,24.081,-24.937,28.275,240.869,7.001,0.0,1787406695.826328,2.922,2.045,1787406696.469818,4.609,3.968,0,,,,,,,,,,,,,,,,,,,,,,,,,,,,,,,,,,,,,,,,,,,,,,,,,,,,,,,,,,,,,,,,,,,,,,,,,,60.0,0.6,1.2,1.5,2.0,1.5,726,457,269,5.0,62.948,29816253,13738318,46.077,True,74.105,False,17.355,18.036,False,0.6,1.4,1.5,0.2,3.0,2.898864,1,1,1,1787406714.251246,1787406714.251246,1787406715.420341,1787406742.240949,1787406743.441469,1.20052,1787406753.711368,10.269899,46,1.20052,0.0,True,True,False,0.6,1.4,3,15,False,26,26,14.325,377,190,9,1787406695.825289,,,,,,,,,,,,,,,,,,,,,,,26374.23178807947,15.028720364238412,9.404442516556292,5.622643725165563,2.0832736821192053,46.077,53.6283506807265,12.937366455405579,27.341332257434072,0,302,,
seed10,5,adaptive,,strict-burst,True,True,,,,,,,,,,,,,,,,,,,,,,,,,,,,,,,,,,,,,,,,,,,115.24,5,5,0,0.393,True,1042220,0,0.402,0.202,,,,,,,0,,,,,,,,,,,../../tmp/adaptive_replan060_cap5_strict_v7_seed1_10_n5_20260822_artifacts/seed10_run5_adaptive.json,11523,10260,0.614,-1.342,2.254,-26.787,24.223,-24.574,27.115,240.255,6.997,0.0,1787406810.725976,4.539,5.641,1787406811.372967,5.927,7.579,0,,,,,,,,,,,,,,,,,,,,,,,,,,,,,,,,,,,,,,,,,,,,,,,,,,,,,,,,,,,,,,,,,,,,,,,,,,60.0,0.6,1.2,1.5,2.0,1.5,712,477,235,5.0,66.994,29192504,13970722,47.857,True,54.213,False,12.781,13.206,False,0.6,1.4,1.5,0.2,3.0,2.894321,1,0,0,1787406853.040483,1787406853.040483,1787406853.420304,,,,,,48,1.039463,0.0,True,True,False,0.6,1.4,3,15,False,25,25,12.781,339,180,8,1787406810.724944,,,,,,,,,,,,,,,,,,,,,,,24965.46129032258,13.925292774193549,8.937433677419355,4.986274722580645,1.809805335483871,47.857,46.963549184678,12.917426290062462,26.852749790252812,0,310,,
