seed,run,mode,world,success,mission_time_s,frames,active_frames,pts_mean,total_ms_mean,total_ms_active_mean,raycast_ms_mean,raycast_ms_active_mean,update_ms_mean,inflation_ms_mean,cache_mean,fsm_cpu_pct,cpp_cpu_pct,collisions,min_clearance_m,corners_reached,timeouts,perf_row_start,perf_row_end,mission_rc,samples
1,1,full,default_seed1,True,118.25,958,958,9311.409185803757,5.938852150313152,5.938852150313152,1.8357993643006263,1.8357993643006263,4.100534563674322,1.8461303215031315,7168.544885177453,83.98979346401703,7.469529845750835,0,0.594,4,0,181,1139,0,13540
1,1,sector,default_seed1,True,111.0,883,883,3220.780294450736,2.7324193793884484,2.7324193793884484,0.6373925673839185,0.6373925673839185,2.0924919479048696,1.0737297553793885,2432.453001132503,79.36541714120584,6.74943603458848,0,0.336,4,0,192,1075,0,12789
1,1,adaptive,default_seed1,True,126.95,1096,1096,3150.961678832117,2.85448976459854,2.85448976459854,0.6477593284671532,0.6477593284671532,2.204450550182482,1.1877199653284671,2433.7618613138684,77.92833675557489,6.895834801796697,1,0.232,4,0,192,1288,0,14395
1,2,full,default_seed1,True,113.8,921,921,9276.079261672096,6.245420162866449,6.245420162866449,1.7753181042345276,1.7753181042345276,4.467407100977199,2.1132694201954396,7177.599348534202,80.85676374872385,7.488817170264999,0,0.634,4,0,207,1128,0,13103
1,2,sector,default_seed1,True,119.65,1008,1008,3157.9950396825398,2.734625808531746,2.734625808531746,0.6309665029761905,0.6309665029761905,2.101499111111111,1.1117030654761906,2401.652777777778,81.28292798429473,6.8550502061050915,0,0.49,4,0,191,1199,0,13659
1,2,adaptive,default_seed1,True,166.7,1385,1385,3151.242599277978,2.6605188743682313,2.6605188743682313,0.6784832548736461,0.6784832548736461,1.9797261776173287,0.9902542194945849,2469.9314079422384,92.39534827725055,6.869561519535153,0,0.59,3,1,179,1564,0,18304
1,3,full,default_seed1,True,238.5,1938,1938,6873.349845201238,7.671080980392157,7.671080980392157,1.931060205366357,1.931060205366357,5.737153684210526,2.9691490737874098,6799.826625386997,106.8896188031649,7.24257133390918,2,0.226,4,3,180,2118,0,25439
1,3,sector,default_seed1,True,113.75,911,911,3163.053787047201,3.0595240702524698,3.0595240702524698,0.6303682546652031,0.6303682546652031,2.4270118529088913,1.356559973655324,2438.4599341383096,78.60691570542313,6.835723740319628,1,0.11,4,0,202,1113,0,13086
1,3,adaptive,default_seed1,True,180.85,1490,1490,2129.8503355704697,3.1776909362416106,3.1776909362416106,0.5867905208053691,0.5867905208053691,2.5887700046979867,1.4502590174496646,2299.1328859060404,84.61164722795935,6.678821900570171,3,0.105,4,2,200,1690,0,19910
1,4,full,default_seed1,False,240.05,1941,1941,5467.531169500257,9.165364884080372,9.165364884080372,1.2990851710458526,1.2990851710458526,7.8638916022668734,4.772455045852653,5692.926326635755,106.42851290080034,7.018637649594849,4,0.078,1,5,183,2124,0,25585
1,4,sector,default_seed1,True,110.15,919,919,3105.523394994559,2.8057041643090317,2.8057041643090317,0.6075360739934712,0.6075360739934712,2.195957809575626,1.1886712361262242,2387.584330794342,80.0620420125948,6.844513442918825,1,0.026,4,0,185,1104,0,12755
1,4,adaptive,default_seed1,True,118.6,953,953,3243.98426023085,2.882601579223505,2.882601579223505,0.6388971395592865,0.6388971395592865,2.2412971752360966,1.2110950388247639,2483.3158447009446,81.3829897243846,6.905433779441667,1,0.252,4,0,185,1138,0,13582
1,5,full,default_seed1,False,240.0,1968,1968,5723.05081300813,6.043739684959349,6.043739684959349,1.9762954380081301,1.9762954380081301,4.064930167682927,1.7476328714430893,6586.066565040651,105.37231288112002,6.950688790530458,5,0.159,2,4,187,2155,0,25581
1,5,sector,default_seed1,True,117.7,941,941,3234.643995749203,3.069453106269926,3.069453106269926,0.6962239968119023,0.6962239968119023,2.3707188437832096,1.2622375982996812,2427.895855472901,81.95957973102514,6.9679054664181965,0,0.369,4,0,180,1121,0,13379
1,5,adaptive,default_seed1,True,117.7,958,958,3141.320459290188,3.0362290553235907,3.0362290553235907,0.6312729467640918,0.6312729467640918,2.402508918580376,1.3191597212943633,2429.997912317328,79.28167853054507,6.702832005405677,0,0.472,4,0,197,1155,0,13450
2,1,full,default_seed2,True,135.45,1130,1130,9298.650442477876,5.743196017699114,5.743196017699114,1.8148435646017698,1.8148435646017698,3.925769991150442,1.714596292035398,7287.627433628319,83.0484160359143,7.46333512484174,0,0.485,4,0,210,1340,0,15343
2,1,sector,default_seed2,True,111.75,888,888,3161.9144144144143,2.550916817567568,2.550916817567568,0.6137055608108108,0.6137055608108108,1.935107911036036,0.9920827961711711,2401.3963963963965,76.36698227612838,6.570991284945572,0,0.598,4,0,183,1071,0,12888
2,1,adaptive,default_seed2,True,149.6,1200,1200,2584.2825,3.364145569166667,3.364145569166667,0.646498005,0.646498005,2.7155280900000003,1.5873893575000002,2539.2383333333332,90.47415714139943,6.666553054487736,2,0.002,4,1,193,1393,0,16643
2,2,full,default_seed2,True,141.7,1166,1166,8893.114922813036,6.408685428816467,6.408685428816467,1.7939840377358491,1.7939840377358491,4.612270264150943,2.1963470171526587,7124.025728987993,93.62544438029656,7.379838379909512,4,0.011,4,0,191,1357,0,15785
2,2,sector,default_seed2,True,115.85,937,937,3128.6723585912487,2.5559952390608323,2.5559952390608323,0.6097715250800426,0.6097715250800426,1.9441106179295626,0.9873118185699039,2328.537886872999,76.43921944241173,6.766149854316645,0,0.516,4,0,187,1124,0,13327
2,2,adaptive,default_seed2,True,115.8,952,952,3168.4033613445376,2.9078054768907564,2.9078054768907564,0.6664251733193277,0.6664251733193277,2.238940530462185,1.1746705346638655,2475.1502100840335,78.75244135371354,6.69846338196564,0,0.442,4,0,194,1146,0,13285
2,3,full,default_seed2,True,116.1,953,953,9283.090241343127,5.587870608604407,5.587870608604407,1.787951352570829,1.787951352570829,3.7975422518363064,1.6571110671563483,7270.966421825813,78.31103130046763,7.345975965065461,0,0.563,4,0,205,1158,0,13337
2,3,sector,default_seed2,True,122.95,1014,1014,3198.596646942801,2.687943445759369,2.687943445759369,0.647228983234714,0.647228983234714,2.038329705128205,1.0662854388560157,2414.244575936884,79.27414854884375,6.9116402928886425,1,0.296,4,0,199,1213,0,13978
2,3,adaptive,default_seed2,True,150.45,1192,1192,3240.4286912751677,3.3762856375838926,3.3762856375838926,0.7132943598993289,0.7132943598993289,2.6604769454697985,1.458715712248322,2552.3984899328857,91.90353311340331,6.803786457225186,4,0.214,3,1,197,1389,0,16916
2,4,full,default_seed2,False,240.0,1892,1892,9455.988372093023,5.704486178646935,5.704486178646935,1.995366565010571,1.995366565010571,3.7065488123678647,1.5388439164904861,7221.663319238901,109.7514914730175,7.600645357625277,0,0.689,2,4,184,2076,0,25544
2,4,sector,default_seed2,True,113.65,921,921,3167.660152008686,2.7053115917481,2.7053115917481,0.6192389826275787,0.6192389826275787,2.0838421335504886,1.0812630977198698,2388.2095548317047,78.36964687477564,6.942899312659356,0,0.4,4,0,201,1122,0,13123
2,4,adaptive,default_seed2,True,115.35,948,948,3128.6392405063293,2.8441547236286917,2.8441547236286917,0.6521439103375527,0.6521439103375527,2.1897511729957806,1.136920549578059,2482.571729957806,78.70655394250313,6.905015067038099,0,0.446,4,0,194,1142,0,13248
2,5,full,default_seed2,True,123.65,995,995,9372.902512562814,5.5131227738693465,5.5131227738693465,1.7830859035175881,1.7830859035175881,3.72759627839196,1.626105590954774,7301.125628140703,84.31655493208201,7.273559357927039,0,0.501,4,0,182,1177,0,14058
2,5,sector,default_seed2,True,115.95,934,934,3131.1241970021415,2.864539518201285,2.864539518201285,0.6260684561027837,0.6260684561027837,2.2361229346895075,1.1995471434689506,2388.2805139186294,79.82823133947583,6.6860796349367115,2,0.273,4,0,197,1131,0,13498
2,5,adaptive,default_seed2,True,155.2,1276,1276,3125.3636363636365,3.1563328495297807,3.1563328495297807,0.649441552507837,0.649441552507837,2.5046767061128525,1.3777946269592476,2433.5830721003135,87.16634851119069,6.8690441130302595,3,0.182,4,0,176,1452,0,17166
3,1,full,default_seed3,True,115.65,956,956,9119.375523012552,6.0942602928870295,6.0942602928870295,1.7844454016736402,1.7844454016736402,4.307364341004185,1.9968210449790798,7429.100418410042,82.71680421578122,10.324751365387081,0,0.444,4,0,196,1152,0,13331
3,1,sector,default_seed3,True,111.95,876,876,3069.840182648402,2.3973119166666668,2.3973119166666668,0.5752880079908675,0.5752880079908675,1.8197450490867582,0.9257313493150685,2446.4794520547944,78.18141354452369,6.924412211847714,0,0.548,4,0,195,1071,0,12923
3,1,adaptive,default_seed3,True,114.3,956,956,3082.2510460251046,2.650620642259414,2.650620642259414,0.6043150993723849,0.6043150993723849,2.043983830543933,1.0755885428870293,2547.1851464435144,77.13347670340868,6.831520368523441,0,0.499,4,0,196,1152,0,13147
3,2,full,default_seed3,True,207.6,1687,1687,8832.165382335506,5.4375522050978065,5.4375522050978065,1.7171169917012448,1.7171169917012448,3.7179238494368705,1.619016242442205,7140.784232365145,101.2411653080182,7.623208389973591,1,0.202,4,2,170,1857,0,22253
3,2,sector,default_seed3,True,117.55,965,965,3037.8238341968913,2.641839358549223,2.641839358549223,0.5653725834196891,0.5653725834196891,2.0742924113989636,1.119518347150259,2403.5305699481864,79.63318375942366,6.9477241663388085,2,0.224,4,0,197,1162,0,13409
3,2,adaptive,default_seed3,True,137.6,1127,1127,3006.8615794143743,3.0899249671694764,3.0899249671694764,0.6158353992901509,0.6158353992901509,2.471769787932564,1.3784208997338065,2440.2812777284826,88.57053434331938,6.805868549262755,4,0.2,4,0,158,1285,0,15379
3,3,full,default_seed3,True,118.55,982,982,8959.433808553971,5.987986018329939,5.987986018329939,1.6769798625254582,1.6769798625254582,4.308501059063136,1.9946782688391038,7352.648676171079,81.31646930010696,7.5489144556973,0,0.315,4,0,199,1181,0,13600
3,3,sector,default_seed3,True,115.1,958,958,3127.0699373695197,2.666908167014614,2.666908167014614,0.599495981210856,0.599495981210856,2.065181767223382,1.0835189144050104,2482.623173277662,78.40611106839347,7.001096811401911,0,0.6,4,0,214,1172,0,13415
3,3,adaptive,default_seed3,True,119.9,982,982,3103.337067209776,2.7411757087576376,2.7411757087576376,0.6298033105906314,0.6298033105906314,2.1090488788187374,1.1007380967413443,2530.1568228105907,79.48768095095807,6.913859123629223,0,0.318,4,0,195,1177,0,13690
3,4,full,default_seed3,True,118.95,977,977,8921.774820880246,5.822336479017401,5.822336479017401,1.7325359969293757,1.7325359969293757,4.087315634595701,1.832886911975435,7296.634595701126,79.22143294447636,7.419415700710002,0,0.573,4,0,189,1166,0,13574
3,4,sector,default_seed3,True,112.4,939,939,3072.913738019169,2.5870126485623004,2.5870126485623004,0.5924528690095847,0.5924528690095847,1.9924003620873267,1.0445504536741215,2482.5399361022364,77.86971681905739,7.088642285560342,0,0.532,4,0,193,1132,0,12893
3,4,adaptive,default_seed3,False,240.05,2017,2017,1503.640555280119,3.796561395141299,3.796561395141299,0.5105149519087754,0.5105149519087754,3.2842268671293997,1.9516962032721863,2425.357461576599,111.67877478490253,6.93358528766716,4,0.074,1,5,200,2217,0,25614
3,5,full,default_seed3,True,118.85,989,989,8899.051567239636,5.766380242669363,5.766380242669363,1.7088083589484329,1.7088083589484329,4.055044519716886,1.8171611061678463,7279.302325581395,81.73513023469846,10.369806142302677,0,0.432,4,0,197,1186,0,13600
3,5,sector,default_seed3,True,115.65,985,985,3093.5857868020303,2.5848471644670052,2.5848471644670052,0.6005597756345178,0.6005597756345178,1.9819358385786803,1.0068677736040608,2514.33807106599,79.21260683143568,6.906466727335476,0,0.377,4,0,197,1182,0,13252
3,5,adaptive,default_seed3,True,128.25,1034,1034,3008.5899419729208,2.860152735976789,2.860152735976789,0.5912792234042553,0.5912792234042553,2.26651450967118,1.2170741305609285,2511.7495164410057,82.13013442916056,6.751808408797441,2,0.27,4,0,192,1226,0,14527
4,1,full,default_seed4,False,240.05,1910,1910,5551.185863874345,9.245338921465969,9.245338921465969,2.0949051612565444,2.0949051612565444,7.147618633507854,3.9141693565445026,7143.07277486911,107.97387470559062,7.018655440983945,1,0.238,2,4,204,2114,0,25640
4,1,sector,default_seed4,True,183.15,1490,1490,2417.778523489933,2.6813607469798657,2.6813607469798657,0.5754619308724832,0.5754619308724832,2.1036546704697985,1.1003761255033557,2263.1818791946307,92.90542158598078,6.810474223562665,6,-0.105,4,1,181,1671,0,19961
4,1,adaptive,default_seed4,True,214.85,1745,1745,2438.7014326647563,2.840864165616046,2.840864165616046,0.6410128515759312,0.6410128515759312,2.1978445535816618,1.218189688252149,2496.793123209169,105.31568783842968,6.835623287651572,1,0.071,2,4,200,1945,0,23092
4,2,full,default_seed4,True,238.15,1920,1920,9188.6203125,5.815639520833333,5.815639520833333,1.7853574348958334,1.7853574348958334,4.027830260416667,1.7926480807291667,7606.103645833334,104.67080204069258,7.6578228573525084,7,0.008,3,3,195,2115,0,25383
4,2,sector,default_seed4,True,116.85,946,946,3142.5898520084565,2.8911987695560253,2.8911987695560253,0.6520313202959831,0.6520313202959831,2.236874266384778,1.1768781183932346,2547.57399577167,80.23881497396548,6.902985479593553,0,0.334,4,0,191,1137,0,13397
4,2,adaptive,default_seed4,True,135.45,1122,1122,3135.379679144385,3.0533190588235293,3.0533190588235293,0.6239582825311942,0.6239582825311942,2.4272005481283423,1.34707718627451,2549.403743315508,86.7674298270265,6.956633956442694,5,-0.043,4,0,194,1316,0,15172
4,3,full,default_seed4,True,114.3,934,934,9285.801927194861,6.078703415417559,6.078703415417559,1.8243612601713062,1.8243612601713062,4.251729768736617,1.921447682012848,7622.7398286937905,82.45301258979768,7.5023146479619225,0,0.684,4,0,202,1136,0,13121
4,3,sector,default_seed4,True,116.7,929,929,3171.8945102260495,2.8681946264800864,2.8681946264800864,0.637300325080732,0.637300325080732,2.228583800861141,1.1779023067814853,2569.994617868676,82.66923451760893,6.86272766300505,0,0.381,4,0,196,1125,0,13307
4,3,adaptive,default_seed4,True,119.1,987,987,3166.7335359675785,2.745668353596758,2.745668353596758,0.6173229027355623,0.6173229027355623,2.126018278622087,1.1114195987841946,2581.078014184397,81.1793069168794,7.027357892078002,0,0.324,4,0,187,1174,0,13550
4,4,full,default_seed4,True,130.5,1084,1084,9180.525830258302,5.782197656826568,5.782197656826568,1.7542567315498157,1.7542567315498157,4.02553889298893,1.8278715765682656,7600.668819188192,86.25319846284299,7.564326616814987,0,0.6,4,0,183,1267,0,14738
4,4,sector,default_seed4,False,240.05,1958,1958,1404.9167517875383,1.1554142390194075,1.1554142390194075,0.30856605822267624,0.30856605822267624,0.8450981271705822,0.40006375791624105,1715.5316649642493,110.14529227960296,6.6242321746695305,1,0.182,1,5,190,2148,0,25584
4,4,adaptive,default_seed4,True,135.2,1120,1120,3162.0098214285713,2.8060891223214286,2.8060891223214286,0.6274076303571429,0.6274076303571429,2.176501376785714,1.148175338392857,2600.70625,82.75262604739137,7.055489396076835,0,0.517,4,0,184,1304,0,15146
4,5,full,default_seed4,True,122.2,1000,1000,9244.515,6.335026480000001,6.335026480000001,1.8716745,1.8716745,4.4607313,2.052509589,7622.718,82.40856262633459,7.582890234316887,0,0.367,4,0,206,1206,0,13919
4,5,sector,default_seed4,True,113.35,953,953,3142.6117523609655,2.601912052465897,2.601912052465897,0.621167537250787,0.621167537250787,1.9784279884575025,1.0125619013641132,2542.126967471144,80.10093889790981,6.852215839237006,0,0.583,4,0,178,1131,0,13085
4,5,adaptive,default_seed4,True,122.1,1010,1010,3204.292079207921,2.8514790168316835,2.8514790168316835,0.6363947316831684,0.6363947316831684,2.2127405,1.1757359623762376,2635.518811881188,80.78953203569633,7.0748308169858936,0,0.389,4,0,192,1202,0,13909
5,1,full,default_seed5,False,240.0,2133,2133,8483.787154242851,5.0541435255508675,5.0541435255508675,1.6160805086732302,1.6160805086732302,3.435562203469292,1.4840789249882793,7331.358180965776,109.89245341567724,8.354849209756193,3,-0.101,3,3,184,2317,0,25510
5,1,sector,default_seed5,True,132.6,1065,1065,2946.5643192488265,2.7510865887323943,2.7510865887323943,0.5599498798122066,0.5599498798122066,2.1888197896713617,1.2048135671361502,2524.173708920188,80.42929848111683,6.880016643818747,4,0.189,4,0,189,1254,0,14889
5,1,adaptive,default_seed5,True,197.45,1594,1594,2932.367001254705,2.5940488324968634,2.5940488324968634,0.566605291718946,0.566605291718946,2.0253044284818067,1.0868646925972396,2481.6700125470516,97.84526937485195,7.178276886245025,2,0.146,4,2,182,1776,0,21351
5,2,full,default_seed5,False,240.0,2011,2011,3363.2332173048235,8.513635549477872,8.513635549477872,1.516014988562904,1.516014988562904,6.994655743411238,4.218696148184983,6747.874689209349,111.7102418682131,7.317596399056775,3,-0.224,1,5,195,2206,0,25571
5,2,sector,default_seed5,True,144.3,1221,1221,2945.760851760852,2.5335239844389843,2.5335239844389843,0.5734243628173629,0.5734243628173629,1.9578467289107286,1.0272971318591317,2469.772317772318,85.85782194409485,10.078470509987431,1,0.29,4,0,208,1429,0,16181
5,2,adaptive,default_seed5,True,125.55,1016,1016,3013.334645669291,2.4051335462598424,2.4051335462598424,0.5587009261811023,0.5587009261811023,1.8442229419291338,0.937650152559055,2579.5088582677167,79.7360438363827,6.872617000003581,0,0.303,4,0,181,1197,0,14164
5,3,full,default_seed5,True,180.85,1500,1500,6875.222,6.87115874,6.87115874,1.544449322,1.544449322,5.324393339999999,2.6529126486666668,7384.004,98.92173928986396,7.532772288491579,0,0.499,4,2,194,1694,0,19687
5,3,sector,default_seed5,False,240.0,1985,1985,1234.111838790932,3.079550689672544,3.079550689672544,0.4278582836272041,0.4278582836272041,2.6501255964735515,1.6077899083123426,1986.0931989924434,107.0514135425626,7.814316691904201,0,0.406,2,4,195,2180,0,25554
5,3,adaptive,default_seed5,True,118.65,973,973,3047.799588900308,2.6742774059609453,2.6742774059609453,0.6061893299075026,0.6061893299075026,2.0657615714285713,1.0734972404933196,2596.7677286742037,79.1770211609136,7.532239671755095,2,0.233,4,0,197,1170,0,13596
5,4,full,default_seed5,True,123.95,1000,1000,8691.366,5.6320233,5.6320233,1.556427567,1.556427567,4.0731854499999995,1.925455722,7430.494,84.63464239832047,7.484494234787813,0,0.451,4,0,181,1181,0,14171
5,4,sector,default_seed5,False,240.0,1887,1887,2913.248012718601,2.2351006306306305,2.2351006306306305,0.5635340355060944,0.5635340355060944,1.6694703211446742,0.868921687864335,2506.1754107048223,106.09075709305222,7.1426666322692896,4,-0.146,2,4,183,2070,0,25564
5,4,adaptive,default_seed5,True,114.25,902,902,3013.1042128603103,2.9329382184035477,2.9329382184035477,0.6101281607538803,0.6101281607538803,2.3204486674057647,1.2673989545454545,2611.6286031042127,80.15764714523281,6.9674877215835265,0,0.442,4,0,190,1092,0,13126
5,5,full,default_seed5,True,132.7,1109,1109,8601.373309287646,6.1221220829576195,6.1221220829576195,1.578681848512173,1.578681848512173,4.541019558160505,2.200592752028855,7417.730387736699,91.4023975621004,7.9173799159792795,2,-0.054,4,0,184,1293,0,14934
5,5,sector,default_seed5,True,229.75,1854,1854,2562.276699029126,2.4622390652642934,2.4622390652642934,0.5327331952535059,0.5327331952535059,1.9272629196332254,1.0429986100323623,2395.1348435814457,101.73957829154986,7.088711710972584,11,0.019,3,3,164,2018,0,24564
5,5,adaptive,default_seed5,True,127.0,1026,1026,2973.1783625730995,2.8004752807017548,2.8004752807017548,0.6029689337231969,0.6029689337231969,2.1951087748538014,1.1749505428849902,2561.797270955166,80.33778187260197,6.866037848487052,1,0.272,4,0,181,1207,0,14397
6,1,full,default_seed6,False,240.05,1961,1961,5087.527791942886,4.944441881693014,4.944441881693014,1.1179393222845488,1.1179393222845488,3.824580994390617,1.9608397246302904,6903.834268230495,100.6057460179999,7.099557205244715,1,0.086,2,4,176,2137,0,25513
6,1,sector,default_seed6,True,118.85,965,965,2931.3647668393783,2.5400556031088084,2.5400556031088084,0.5497272725388601,0.5497272725388601,1.9880365222797927,1.063934505699482,2507.0041450777203,78.22788368827108,6.827038062645802,1,0.292,4,0,186,1151,0,13570
6,1,adaptive,default_seed6,True,227.1,1816,1816,2907.455396475771,2.526973475770925,2.526973475770925,0.5764883337004405,0.5764883337004405,1.9482648337004407,1.0136292164096916,2512.849669603524,102.55731965820047,7.124564399725965,3,0.187,3,3,193,2009,0,24317
6,2,full,default_seed6,True,131.85,1067,1067,7688.543580131209,6.250787666354264,6.250787666354264,1.5910199859418932,1.5910199859418932,4.657216476101218,2.2055242239925024,7122.954076850984,90.03482850989364,7.572054237041938,4,0.026,3,1,188,1255,0,14855
6,2,sector,default_seed6,False,240.05,1886,1886,3022.1882290562035,2.9103702741251327,2.9103702741251327,0.6512435323435842,0.6512435323435842,2.2567338351007424,1.1997775349946977,2734.471898197243,108.63159749622683,7.131983835184587,3,0.182,1,4,187,2073,0,25576
6,2,adaptive,default_seed6,True,118.3,844,844,2983.687203791469,3.435779163507109,3.435779163507109,0.595287028436019,0.595287028436019,2.837770253554502,1.6644181101895734,2608.9431279620853,90.70921621378366,7.530193687243466,0,0.322,4,0,167,1011,0,13504
6,3,full,default_seed6,True,115.3,849,849,8497.563015312131,6.206567420494699,6.206567420494699,1.6244985017667843,1.6244985017667843,4.579366336866902,2.1934650942285043,7360.137809187279,89.81373528388806,8.453778016928647,1,0.291,4,0,155,1004,0,13246
6,3,sector,default_seed6,False,240.0,1659,1659,1309.7757685352622,3.4391437661241713,3.4391437661241713,0.6275167655213983,0.6275167655213983,2.809229693188668,1.7258263399638338,2401.5346594333937,109.51812365809214,7.191591239896522,3,-0.135,3,3,166,1825,0,25456
6,3,adaptive,default_seed6,True,117.65,828,828,2963.671497584541,3.253045533816425,3.253045533816425,0.6110816376811594,0.6110816376811594,2.6394611799516907,1.4929345893719808,2551.7512077294687,89.49255929994038,7.740548677522394,1,0.255,4,0,174,1002,0,13371
6,4,full,default_seed6,True,239.85,1599,1599,8592.97435897436,6.484058067542214,6.484058067542214,1.8011870018761726,1.8011870018761726,4.680069159474671,2.1971669874921824,7636.546591619763,114.59316309203714,8.430671242740603,6,0.129,2,4,166,1765,0,25506
6,4,sector,default_seed6,True,125.65,874,874,2911.1407322654463,3.400900485125858,3.400900485125858,0.5870703409610984,0.5870703409610984,2.81137752402746,1.6318533169336384,2486.466819221968,91.87360984824979,7.6909956471385135,2,0.194,4,0,167,1041,0,14259
6,4,adaptive,default_seed6,True,232.7,1713,1713,1734.8096906012843,5.809729916520724,5.809729916520724,0.6709295510799765,0.6709295510799765,5.136620772913018,3.554740414477525,2754.764740221833,104.81463992310216,7.380581683999739,0,0.379,3,4,164,1877,0,24742
6,5,full,default_seed6,False,240.0,1654,1654,6325.150544135429,6.65413707980653,6.65413707980653,1.8264272291414752,1.8264272291414752,4.825108949214027,2.361012645102781,7547.0012091898425,113.66468492841602,7.986040614324342,1,0.23,2,4,178,1832,0,25446
6,5,sector,default_seed6,True,114.4,834,834,2944.353717026379,2.916211964028777,2.916211964028777,0.5823286990407673,0.5823286990407673,2.3312991666666667,1.2911455671462828,2511.9964028776976,88.72190708816552,7.613384262318035,1,0.257,4,0,173,1007,0,13055
6,5,adaptive,default_seed6,True,114.5,791,791,2977.3426042983565,3.08163884323641,3.08163884323641,0.5997332199747155,0.5997332199747155,2.4795131150442478,1.3637288672566372,2577.3211125158027,89.3230847714261,7.623597131849678,0,0.317,4,0,174,965,0,13153
7,1,full,default_seed7,True,115.25,822,822,9142.672749391728,6.163648394160584,6.163648394160584,1.822764513381995,1.822764513381995,4.338164781021898,1.9519493746958636,7419.211678832116,89.49061593862636,8.1744818992921,0,0.572,4,0,172,994,0,13209
7,1,sector,default_seed7,True,121.7,837,837,3155.4348864994026,3.293688973715651,3.293688973715651,0.6587512628434887,0.6587512628434887,2.6323168924731184,1.4557528733572282,2497.898446833931,90.12938300329424,7.563769865446844,0,0.521,4,0,164,1001,0,13887
7,1,adaptive,default_seed7,True,117.65,815,815,3172.164417177914,3.3336774760736194,3.3336774760736194,0.6610828429447853,0.6610828429447853,2.67017145398773,1.4858476257668713,2562.234355828221,89.19091970624643,7.467570657729159,0,0.572,4,0,153,968,0,13366
7,2,full,default_seed7,True,114.85,820,820,8783.839024390243,7.399384121951219,7.399384121951219,1.7413303707317074,1.7413303707317074,5.6553027195121945,2.879644962195122,7236.898780487805,91.65338171346451,8.0827593025909,3,-0.041,4,0,171,991,0,13239
7,2,sector,default_seed7,True,115.15,801,801,3176.9775280898875,3.0125402759051187,3.0125402759051187,0.6615351785268414,0.6615351785268414,2.348408360799001,1.2481932159800249,2542.2084893882648,89.43138593808627,7.433612308716594,0,0.459,4,0,173,974,0,13203
7,2,adaptive,default_seed7,True,118.2,821,821,3161.348355663825,3.2291271120584653,3.2291271120584653,0.643243035322777,0.643243035322777,2.583385666260658,1.4218554993909867,2539.4872107186357,88.39139336395567,7.4196901631049,0,0.587,4,0,146,967,0,13523
7,3,full,default_seed7,True,116.75,825,825,9236.29696969697,6.188137442424242,6.188137442424242,1.8714545066666666,1.8714545066666666,4.3138452,1.9204070145454546,7449.7321212121215,91.3705590212951,8.221130437060403,0,0.55,4,0,175,1000,0,13357
7,3,sector,default_seed7,True,118.0,864,864,3052.872685185185,2.9413625671296297,2.9413625671296297,0.6319487604166667,0.6319487604166667,2.3070088761574077,1.232625550925926,2438.841435185185,88.53569479352568,7.481371567559749,0,0.472,4,0,175,1039,0,13459
7,3,adaptive,default_seed7,True,117.3,792,792,3111.0858585858587,3.2070213421717173,3.2070213421717173,0.6208119128787878,0.6208119128787878,2.583704549242424,1.4375393295454546,2522.9204545454545,89.86915692459499,7.656911377914578,0,0.421,4,0,183,975,0,13474
7,4,full,default_seed7,True,153.7,1096,1096,9115.085766423357,6.50172128649635,6.50172128649635,1.791886033759124,1.791886033759124,4.706986798357664,2.1895856669708027,7469.89598540146,101.67048525254981,8.469172791780354,0,0.307,4,1,160,1256,0,16966
7,4,sector,default_seed7,True,117.8,827,827,3191.9576783555017,3.3837185429262395,3.3837185429262395,0.6951676166868198,0.6951676166868198,2.6858217702539298,1.4606850737605803,2522.5659008464327,93.65300031110405,8.11633057341816,0,0.568,4,0,159,986,0,13432
7,4,adaptive,default_seed7,True,115.95,824,824,3160.4538834951454,3.3013439138349514,3.3013439138349514,0.6619560327669903,0.6619560327669903,2.636788578883495,1.4751249089805827,2539.51213592233,88.8500083908849,7.56671122716218,0,0.389,4,0,168,992,0,13257
7,5,full,default_seed7,True,125.65,888,888,9121.609234234234,6.727058445945946,6.727058445945946,1.9126095506756757,1.9126095506756757,4.811507601351351,2.2114091644144147,7337.997747747748,93.19938332415981,8.277298287371485,0,0.453,4,0,159,1047,0,14162
7,5,sector,default_seed7,True,119.1,843,843,3174.0510083036775,3.4092897425860027,3.4092897425860027,0.6493318196915777,0.6493318196915777,2.7574872787663107,1.5592977081850534,2564.4187425860023,88.82580043555025,7.384427126484142,0,0.612,4,0,182,1025,0,13517
7,5,adaptive,default_seed7,True,113.75,830,830,3118.4168674698794,3.158908386746988,3.158908386746988,0.6234322518072288,0.6234322518072288,2.533048712048193,1.393412808433735,2530.5277108433734,88.19006075120767,7.298608793458666,0,0.392,4,0,167,997,0,13052
8,1,full,default_seed8,True,100.05,710,710,9004.371830985916,10.196756450704225,10.196756450704225,1.7843866253521128,1.7843866253521128,8.40959,4.773091370422534,7441.523943661972,95.21485134947216,8.121687869234696,6,-0.154,4,0,147,857,0,11635
8,1,sector,default_seed8,True,117.2,892,892,3176.079596412556,3.208393765695067,3.208393765695067,0.6409409540358744,0.6409409540358744,2.5650160224215246,1.4218705123318387,2551.9843049327355,88.16282725826936,7.576398433825074,0,0.459,4,0,163,1055,0,13326
8,1,adaptive,default_seed8,True,143.15,1036,1036,3113.4440154440153,3.1790261621621623,3.1790261621621623,0.6423737963320463,0.6423737963320463,2.5342030888030886,1.391329581081081,2552.0453667953666,94.75382759357932,7.461804461670854,0,0.322,4,0,151,1187,0,15948
8,2,full,default_seed8,True,137.45,973,973,8793.774922918808,8.309368848920863,8.309368848920863,1.7202408211716342,1.7202408211716342,6.586559763617678,3.4929619578622813,7467.045220966084,101.31850988936199,8.29404372829397,8,-0.173,4,0,175,1148,0,15368
8,2,sector,default_seed8,True,127.9,912,912,3210.2247807017543,3.512055288377193,3.512055288377193,0.6526876326754386,0.6526876326754386,2.8568089561403505,1.626150842105263,2580.964912280702,89.89169412561348,7.669624117699892,1,0.204,4,0,151,1063,0,14459
8,2,adaptive,default_seed8,True,116.9,791,791,3201.548672566372,3.3274491643489252,3.3274491643489252,0.6672954450063211,0.6672954450063211,2.6576820986093552,1.491260399494311,2565.7964601769913,89.48663500636498,7.483194887060197,2,0.285,4,0,143,934,0,13344
8,3,full,default_seed8,True,115.8,823,823,9238.400972053463,6.62720319562576,6.62720319562576,1.7505174629404616,1.7505174629404616,4.873851273390036,2.335713253948967,7516.445929526124,90.28067563594601,8.096041346363192,0,0.549,4,0,191,1014,0,13228
8,3,sector,default_seed8,True,114.35,832,832,3138.566105769231,3.0874984783653847,3.0874984783653847,0.6359552776442308,0.6359552776442308,2.449083169471154,1.3286593798076922,2490.1322115384614,88.43359156348957,7.522278376620944,0,0.391,4,0,145,977,0,13063
8,3,adaptive,default_seed8,True,116.05,836,836,3186.6806220095696,3.2336439485645934,3.2336439485645934,0.646458105263158,0.646458105263158,2.584596838516746,1.4367929114832536,2563.5382775119615,89.15330903771513,7.491885254471322,0,0.437,4,0,162,998,0,13283
8,4,full,default_seed8,True,126.95,854,854,9292.382903981264,8.31357681498829,8.31357681498829,1.9085423969555035,1.9085423969555035,6.40194925058548,3.3019362974238877,7421.845433255269,95.58869534870666,8.030990444243601,3,0.042,4,0,155,1009,0,14316
8,4,sector,default_seed8,True,118.0,794,794,3187.2166246851384,3.462332937027708,3.462332937027708,0.6708295214105794,0.6708295214105794,2.7887475125944583,1.5699748085642315,2526.6637279596976,87.79826508345377,7.286844527102852,0,0.479,4,0,162,956,0,13490
8,4,adaptive,default_seed8,True,119.6,833,833,3172.15606242497,3.2219342472989196,3.2219342472989196,0.645926424969988,0.645926424969988,2.573538662665066,1.4228815234093637,2603.218487394958,87.51279857240739,7.368030340210892,0,0.505,4,0,173,1006,0,13607
8,5,full,default_seed8,False,240.05,1569,1569,5741.029318036966,7.425346048438495,7.425346048438495,1.5986205035054175,1.5986205035054175,5.824111982154238,3.1699130936902487,7395.733588272785,116.10056871487305,8.010802820270953,2,-0.097,1,5,169,1738,0,25490
8,5,sector,default_seed8,True,119.0,850,850,3149.030588235294,3.224054134117647,3.224054134117647,0.6322605917647058,0.6322605917647058,2.589244844705882,1.4469528223529413,2511.569411764706,88.63229229692598,7.386797191375498,0,0.397,4,0,169,1019,0,13648
8,5,adaptive,default_seed8,True,119.25,837,837,3179.1493428912786,3.3095725734767028,3.3095725734767028,0.647924972520908,0.647924972520908,2.6590575328554364,1.4972393500597372,2593.8817204301076,90.35041008999347,7.358207411038547,1,0.181,4,0,153,990,0,13627
9,1,full,default_seed9,True,114.4,859,859,9209.428405122235,5.838400977881258,5.838400977881258,1.7907341071012806,1.7907341071012806,4.044775110593713,1.7946875378346916,7445.201396973224,89.48709201510569,8.592465532879688,0,0.525,4,0,169,1028,0,13062
9,1,sector,default_seed9,True,114.75,819,819,3142.3064713064714,2.935643097680098,2.935643097680098,0.6164686178266178,0.6164686178266178,2.3167046336996338,1.2535867106227105,2497.026862026862,86.50396499735825,7.250050746997717,0,0.51,4,0,169,988,0,13171
9,1,adaptive,default_seed9,True,119.1,863,863,3086.0544611819237,3.400175013904983,3.400175013904983,0.6384821425260719,0.6384821425260719,2.759333946697567,1.5548529235225956,2543.4345307068365,86.64154186232327,7.4278036562821725,0,0.481,4,0,183,1046,0,13537
9,2,full,default_seed9,True,126.15,948,948,9052.627637130801,6.700500949367088,6.700500949367088,1.7545328734177215,1.7545328734177215,4.942658255274262,2.3688303502109704,7420.516877637131,90.0443248158232,8.18206747972093,0,0.603,4,0,173,1121,0,14286
9,2,sector,default_seed9,True,115.75,853,853,3134.827667057444,3.16153256975381,3.16153256975381,0.6226066635404455,0.6226066635404455,2.5364887033997654,1.4125471570926142,2508.576787807737,84.57376556966473,7.549880704961998,1,0.198,4,0,191,1044,0,13420
9,2,adaptive,default_seed9,True,111.15,794,794,3129.7241813602013,3.251216644836272,3.251216644836272,0.6204365667506297,0.6204365667506297,2.6283196297229217,1.4898907392947103,2486.579345088161,91.11006720465058,7.671366010149506,0,0.471,4,0,176,970,0,12782
9,3,full,default_seed9,True,155.95,1063,1063,8879.753527751645,7.040262812793979,7.040262812793979,1.7951840366886171,1.7951840366886171,5.241879058325495,2.5969369614299156,7417.751646284101,98.40392134320511,7.934081775177719,1,0.216,4,1,181,1244,0,17382
9,3,sector,default_seed9,True,114.05,815,815,3145.5472392638035,3.0819326036809813,3.0819326036809813,0.6420365361963191,0.6420365361963191,2.437474298159509,1.3334458417177912,2511.2687116564416,87.06042171517113,7.651190602354947,0,0.414,4,0,168,983,0,13124
9,3,adaptive,default_seed9,True,118.7,865,865,3117.951445086705,3.1769158023121387,3.1769158023121387,0.6405052312138728,0.6405052312138728,2.533957634682081,1.3925572497109826,2556.6890173410407,86.884894397779,7.636856896575184,0,0.5,4,0,175,1040,0,13549
9,4,full,default_seed9,True,135.95,939,939,8108.2758253461125,7.067525633652822,7.067525633652822,1.6318835260915867,1.6318835260915867,5.432910449414271,2.8519763471778488,6758.450479233227,100.55748380621007,7.955218980553803,4,-0.221,3,1,161,1100,0,15233
9,4,sector,default_seed9,True,117.0,842,842,3099.1555819477435,3.083970633016627,3.083970633016627,0.6385857957244656,0.6385857957244656,2.4428121104513063,1.3342727161520191,2472.8610451306413,86.80177957509295,7.5968945563940915,0,0.506,4,0,178,1020,0,13294
9,4,adaptive,default_seed9,True,114.6,816,816,3101.285539215686,3.172245870098039,3.172245870098039,0.6393148774509804,0.6393148774509804,2.530479867647059,1.3845641568627451,2526.544117647059,84.61813455697343,7.27345753607382,0,0.56,4,0,148,964,0,13155
9,5,full,default_seed9,True,118.4,822,822,8935.582725060827,7.569438832116788,7.569438832116788,1.767197403892944,1.767197403892944,5.799285620437956,2.969532588807786,7305.830900243309,93.11199339359202,8.253197986235513,3,0.063,4,0,178,1000,0,13532
9,5,sector,default_seed9,True,118.55,876,876,3108.8025114155253,3.0664033321917805,3.0664033321917805,0.6233972728310502,0.6233972728310502,2.4405059497716897,1.342864885844749,2469.312785388128,87.80172614719461,7.433927904913411,0,0.324,4,0,173,1049,0,13511
9,5,adaptive,default_seed9,True,117.3,846,846,3190.417257683215,3.229114659574468,3.229114659574468,0.6330290425531915,0.6330290425531915,2.5935863747044916,1.435132526004728,2593.95390070922,86.64893397321094,7.627402963359013,0,0.345,4,0,178,1024,0,13348
10,1,full,default_seed10,True,209.55,1469,1469,8773.522804629,7.257240680735194,7.257240680735194,1.8121053594281824,1.8121053594281824,5.442180609938734,2.744316424098026,7073.225323349217,108.15975504554177,8.33353060389447,4,0.056,4,1,177,1646,0,22465
10,1,sector,default_seed10,True,121.35,882,882,3036.7517006802723,3.3457075952380952,3.3457075952380952,0.6103333832199547,0.6103333832199547,2.732989272108844,1.5739329126984125,2400.9795918367345,87.42972771012352,7.447343178887932,3,-0.017,4,0,163,1045,0,13804
10,1,adaptive,default_seed10,True,101.25,745,745,2975.7892617449666,3.831510710067114,3.831510710067114,0.6424579704697986,0.6424579704697986,3.186443730201342,1.9310387704697987,2486.9060402684563,85.80934462243223,7.510511438570885,2,-0.131,4,0,171,916,0,11742
10,2,full,default_seed10,True,119.0,830,830,9026.901204819276,6.335452204819277,6.335452204819277,1.7703177457831325,1.7703177457831325,4.562478891566265,2.1302016457831328,7319.01686746988,92.12321626161005,8.091745249453794,0,0.455,4,0,194,1024,0,13599
10,2,sector,default_seed10,False,240.05,239,239,2981.907949790795,3.827928238493724,3.827928238493724,0.6069342384937239,0.6069342384937239,3.218248489539749,1.953928970711297,2350.196652719665,95.14952021084807,3.0135850802479265,0,0.359,1,5,168,407,0,4797
10,2,adaptive,default_seed10,True,132.75,985,985,3023.5705583756344,3.383385023350254,3.383385023350254,0.6176161654822334,0.6176161654822334,2.7633585065989847,1.5802229147208122,2455.6060913705583,91.611609421635,7.574521552735802,0,0.354,4,0,159,1144,0,14942
10,3,full,default_seed10,True,127.7,915,915,8953.331147540983,6.580836961748633,6.580836961748633,1.75081531147541,1.75081531147541,4.827215366120218,2.304291730054645,7187.275409836066,95.24448395170877,8.18924025775354,2,0.141,4,0,171,1086,0,14450
10,3,sector,default_seed10,True,119.2,837,837,3073.483870967742,3.2684407682198326,3.2684407682198326,0.6321256905615292,0.6321256905615292,2.633802314217443,1.4781024324970131,2444.1457586618876,90.88841512492323,7.6480269952919935,0,0.312,4,0,173,1010,0,13581
10,3,adaptive,default_seed10,True,157.9,1116,1116,2540.3136200716845,3.1416159928315412,3.1416159928315412,0.5544116612903226,0.5544116612903226,2.5843333001792117,1.46853104390681,2367.7697132616486,98.71874549944513,7.459689239345303,2,0.103,4,1,142,1258,0,17396
10,4,full,default_seed10,True,122.3,905,905,9044.138121546961,6.198765668508287,6.198765668508287,1.7677308895027624,1.7677308895027624,4.428347270718231,2.064237235359116,7346.366850828729,92.28903762734333,8.51418811376943,0,0.624,4,0,161,1066,0,13963
10,4,sector,default_seed10,True,126.4,864,864,3073.2685185185187,3.323434710648148,3.323434710648148,0.6306135393518518,0.6306135393518518,2.690426386574074,1.535448662037037,2459.136574074074,89.04078854434155,7.254008430343773,0,0.399,4,0,156,1020,0,14327
10,4,adaptive,default_seed10,True,123.65,859,859,3087.8428405122236,3.4444049161816066,3.4444049161816066,0.6371805483119907,0.6371805483119907,2.8047383725261934,1.6110330477299186,2455.1245634458674,91.43624027208156,7.5465160465940455,1,0.26,4,0,149,1008,0,14046
10,5,full,default_seed10,True,120.15,860,860,8975.617441860466,6.54654988372093,6.54654988372093,1.8138426139534882,1.8138426139534882,4.730017662790698,2.2406023104651163,7255.410465116279,92.49168091813031,8.507844131057293,2,0.164,4,0,167,1027,0,13716
10,5,sector,default_seed10,True,114.8,850,850,3054.4929411764706,3.2011557270588233,3.2011557270588233,0.6250750870588235,0.6250750870588235,2.5732674082352944,1.4307666270588235,2473.7176470588233,90.00035507038815,7.647809731017951,2,-0.041,4,0,161,1011,0,13140
10,5,adaptive,default_seed10,True,120.1,891,891,3084.368125701459,3.3211527160493826,3.3211527160493826,0.6494721346801346,0.6494721346801346,2.6691444624017957,1.5062671806958474,2533.9102132435464,87.20496495858005,7.659092728303102,0,0.327,4,0,156,1047,0,13628
11,1,full,default_seed11,True,121.3,876,876,8927.254566210046,6.260837431506849,6.260837431506849,1.685945691780822,1.685945691780822,4.572246529680365,2.1647892899543377,7273.513698630137,90.25003377437885,8.092652776103632,1,0.276,4,0,171,1047,0,13757
11,1,sector,default_seed11,True,115.95,849,849,2988.5818610129563,2.998937227326266,2.998937227326266,0.6064114464075383,0.6064114464075383,2.390084050647821,1.318988180212014,2406.3392226148408,86.04079159406231,7.306840909123971,1,0.289,4,0,166,1015,0,13261
11,1,adaptive,default_seed11,True,130.9,876,876,3025.683789954338,4.1765381141552504,4.1765381141552504,0.6683988732876712,0.6683988732876712,3.505502960045662,2.1215710388127853,2545.892694063927,95.46243204042968,7.2027194672502155,3,-0.184,4,0,167,1043,0,14689
11,2,full,default_seed11,True,119.05,773,773,8901.45019404916,6.652293441138422,6.652293441138422,1.78741925614489,1.78741925614489,4.862023010349288,2.3108633272962487,7315.997412677878,93.16704665195658,7.842942737530071,0,0.408,4,0,171,944,0,13646
11,2,sector,default_seed11,True,123.45,859,859,3061.1350407450523,3.10215717112922,3.10215717112922,0.6256504877764844,0.6256504877764844,2.4740640698486613,1.3690821105937137,2492.2153667054713,88.99280653653521,7.294152542240427,0,0.4,4,0,156,1015,0,13995
11,2,adaptive,default_seed11,True,112.7,784,784,3058.8507653061224,3.174622154336735,3.174622154336735,0.617723293367347,0.617723293367347,2.5544173724489796,1.4193725522959184,2475.344387755102,87.41364953401276,7.541399003392921,0,0.335,4,0,173,957,0,12966
11,3,full,default_seed11,True,122.45,816,816,8831.254901960785,6.70897012254902,6.70897012254902,1.7842080416666666,1.7842080416666666,4.92202849754902,2.3398448811274513,7250.270833333333,91.33539495508091,8.139761935131917,0,0.368,4,0,172,988,0,13960
11,3,sector,default_seed11,True,120.2,933,933,3058.1371918542336,2.8572891146838155,2.8572891146838155,0.6024469549839229,0.6024469549839229,2.2523317588424434,1.2151709657020364,2448.4201500535905,88.43442214338641,7.655646082593692,0,0.427,4,0,186,1119,0,13728
11,3,adaptive,default_seed11,True,122.05,909,909,3037.5082508250825,3.1855493608360836,3.1855493608360836,0.632423303630363,0.632423303630363,2.550713686468647,1.4228062673267328,2504.3190319031905,89.09165888948418,7.5202993922988775,1,0.116,4,0,159,1068,0,13846
11,4,full,default_seed11,True,125.75,878,878,8914.456719817768,6.572562505694761,6.572562505694761,1.7581722414578589,1.7581722414578589,4.811730968109339,2.295210932801822,7284.628701594533,92.61747219343651,7.8722452624243955,0,0.318,4,0,157,1035,0,14224
11,4,sector,default_seed11,False,,,,,,,,,,,,19.35402606204622,6.6914440379711415,0,3.071,,,,,-9,35652
11,4,adaptive,default_seed11,False,,,,,,,,,,,,19.473527042735235,9.310816238169863,0,3.076,,,,,-9,35696
11,5,full,default_seed11,False,,,,,,,,,,,,18.93469432219273,6.694210808664292,0,3.106,,,,,-9,35649
11,5,sector,default_seed11,False,,,,,,,,,,,,17.898498301270408,9.20225378633983,0,3.098,,,,,-9,35718
11,5,adaptive,default_seed11,False,,,,,,,,,,,,18.44294803613242,6.613651341354286,0,3.1,,,,,-9,35687
