map,run,mode,campaign_sequence_index,mode_order_position,experiment_profile,filter_profile,filter_backend,filter_intra_process,filter_sensor_frontend,full_sensor_intra_process,success,run_valid,monitor_type,monitor_flight_cpu_pct,live_cloud_enabled,preflight_ready,preflight_cloud_messages,preflight_odom_messages,goal_messages,position_command_messages,trajectory_flag2_messages,trajectory_flag3_messages,guard_stop_detected,guard_stop_time_s,full_refresh_ack_timeouts,full_refresh_recovery_gate_arms,full_refresh_recovery_targets,full_refresh_recovery_acks,full_refresh_ack_timeout_recoveries,guard_same_map_replan_skips,guard_topology_reroute_arms,guard_topology_reroute_searches,guard_base_no_path_local_escape_arms,guard_base_no_path_test_injections,guard_base_no_path_forced_failures,guard_local_escape_test_injections,guard_local_escape_direction_skips,guard_local_escape_direction_rejections,guard_local_escape_commits,guard_local_escape_rejections,guard_initial_footprint_egress_commits,guard_initial_footprint_test_injections,guard_brake_successes,guard_brake_rejections,guard_brake_stationary_defers,trajectory_velocity_slowdowns,trajectory_velocity_rejections,guard_brake_main_pre_successes,guard_brake_retry_successes,guard_brake_ack_timeout_successes,guard_main_pre_map_stale,guard_recoveries,guard_recovery_active_duration_s,guard_recovery_active_duration_mean_s,guard_recovery_active_duration_max_s,trajectory_commit_unique_generations,trajectory_commit_last_generation,trajectory_commit_span_s,trajectory_commit_hz,frontend_risk_received,frontend_risk_occupied,frontend_risk_ignored,frontend_risk_enforced,frontend_risk_ignore_events,frontend_risk_brake_events,frontend_risk_generation_mismatch_ignores,frontend_risk_stale_result_ignores,frontend_risk_stale_source_ignores,frontend_risk_time_uncovered_ignores,frontend_body_received,frontend_body_occupied,frontend_body_ignored,frontend_body_enforced,frontend_body_clear_while_braking,frontend_body_ignore_events,frontend_body_brake_events,frontend_body_active_brake_replacements,optimizer_iteration_cap_hits,optimizer_phase_trace_enabled,optimizer_phase_incomplete_events,optimizer_phase_last_incomplete,optimizer_exp_phase_started,optimizer_exp_phase_completed,optimizer_exp_duration_ms_mean,optimizer_exp_duration_ms_max,optimizer_exp_rss_mib_max,optimizer_exp_rss_delta_mib_max,optimizer_backup_phase_started,optimizer_backup_phase_completed,optimizer_backup_duration_ms_mean,optimizer_backup_duration_ms_max,optimizer_backup_rss_mib_max,optimizer_backup_rss_delta_mib_max,shadow_safe_candidates,shadow_unsafe_candidates,shadow_skipped_candidates,shadow_validated_candidates,shadow_geometric_unsafe,shadow_map_race,shadow_other_indeterminate,shadow_unsafe_exp,shadow_unsafe_appended_backup,shadow_unsafe_carry_backup,shadow_unsafe_stitch,shadow_validation_ms_mean,shadow_validation_ms_max,shadow_contact_events_with_epoch,shadow_contacts_with_prior_unsafe,shadow_contacts_without_prior_unsafe,shadow_geometric_unsafe_followed_by_contact,shadow_geometric_unsafe_not_followed_by_contact,shadow_nearest_prediction_error_s,shadow_correlated_segments,first_position_command_s,first_trajectory_flag2_s,first_trajectory_flag3_s,max_position_command_gap_s,first_motion_s,start_pose_error_m,start_pose_valid,odom_gap_limit_s,max_odom_gap_s,odom_gap_valid,mission_time_s,waypoints_reached,n_waypoints,collisions,min_clearance_m,static_pcd_enabled,static_pcd_point_count,static_pcd_collisions,static_pcd_min_distance_m,static_pcd_clearance_m,static_pcd_min_context,static_pcd_contact_r015,static_pcd_contact_r020,static_pcd_contact_r025,static_pcd_episodes_r015,static_pcd_episodes_r020,static_pcd_episodes_r025,contact_event_count,safety_contact_source,safety_collisions,live_only_contact_event_count,static_confirmed_live_contact_event_count,first_contact_kind,first_contact_time_s,first_contact_distance_m,first_contact_x,first_contact_y,first_contact_z,first_contact_speed_mps,first_contact_nearest_x,first_contact_nearest_y,first_contact_nearest_z,first_contact_static_distance_m,first_contact_static_clearance_m,first_contact_static_confirmed,first_contact_live_point_static_distance_m,forensics_json,samples,clearance_samples,final_x,final_y,final_z,min_x,max_x,min_y,max_y,path_length_m,max_speed_mps,max_odom_speed_3d_mps,max_command_speed_mps,max_command_horizontal_speed_mps,speed_limit_mps,speed_tolerance_mps,speed_limit_valid,speed_exceedance_count,command_speed_exceedance_count,odom_speed_exceedance_count,first_speed_exceedance_kind,first_speed_exceedance_time_s,first_speed_exceedance_mps,first_speed_exceedance_trajectory_id,first_speed_exceedance_trajectory_flag,closest_final_goal_distance_m,observed_open_time_s,observed_open_x,observed_open_y,observed_close_time_s,observed_close_x,observed_close_y,side_entry_profile,side_entry_scenario_version,side_entry_v1_enabled,side_entry_v1_event_requested,side_entry_v1_event_loaded,side_entry_v1_event_error,side_entry_v1_event,side_entry_v1_geometry_valid,side_entry_v1_collision,side_entry_v1_collision_episodes,side_entry_v1_min_clearance_m,side_entry_v1_spawn_time_s,side_entry_v1_trigger_x,side_entry_v1_trigger_y,side_entry_v1_trigger_body_yaw_deg,side_entry_v1_trigger_velocity_yaw_deg,side_entry_v1_trigger_mismatch_deg,side_entry_v1_trigger_speed_mps,side_entry_v1_trap_x,side_entry_v1_trap_y,side_entry_v1_trap_distance_m,side_entry_v1_trap_waypoint_distance_m,side_entry_v1_body_relative_deg,side_entry_v1_velocity_relative_deg,side_entry_v1_angular_radius_deg,side_entry_v1_inner_edge_deg,side_entry_v1_nudge_deg,side_entry_v1_prediction_s,side_entry_require_velocity_inside,side_entry_fixed_center_enabled,side_entry_v1_sector_half_angle_deg,side_entry_v1_radius_m,side_entry_v1_height_m,side_entry_v1_intensity,trap_collisions,trap_min_surface_distance_m,trap_clearance_m,trap_x,trap_y,trigger_x,trigger_y,trigger_mismatch_deg,trap_count,trap_spacing_m,trap_start_offset_m,trap_first_distance_m,trap_last_distance_m,trigger_speed_mps,trap_input_time_s,trap_kept_time_s,trap_keep_delay_s,input_body_relative_deg,input_velocity_relative_deg,kept_body_relative_deg,kept_velocity_relative_deg,trigger_trap_distance_m,trigger_trap_body_relative_deg,trigger_trap_velocity_relative_deg,trigger_trap_angular_radius_deg,trigger_predicted_x,trigger_predicted_y,trigger_trap_nudge_deg,trigger_trap_nudge_lateral_m,event,valid_spawn,invalid_reasons,spawn_time_s,spawn_wall_time_s,trigger_evaluation_time_s,trigger_evaluation_wall_time_s,side,trigger_threshold_x,trigger_z,trigger_yaw_deg,trigger_velocity_yaw_deg,trigger_cruise_duration_s,trigger_cruise_qualified,min_trigger_speed_mps,min_cruise_s,max_trigger_abs_y_m,max_trigger_velocity_yaw_deg,trigger_abs_y_diagnostic_ok,trigger_velocity_yaw_diagnostic_ok,wall_x,blocker_x,blocker_y,wall_y_min,wall_y_max,short_endpoint_y,short_endpoint_x,long_endpoint_y,long_endpoint_x,short_endpoint_inner_edge_deg,long_endpoint_inner_edge_deg,barrier_frame,local_blocker_forward_m,local_short_endpoint_forward_m,local_short_endpoint_lateral_m,local_long_endpoint_forward_m,local_long_endpoint_lateral_m,wall_radius_m,wall_height_m,wall_cylinder_count,wall_center_spacing_m,wall_point_count,horizon_m,intensity,matched_prefix,filter_half_angle_deg,filter_reliable_output,filter_stall_v,filter_stall_t,filter_resume_v,filter_resume_t,filter_velocity_yaw_update_v,filter_slowdown_full_refresh_v,filter_slowdown_full_refresh_rearm_v,filter_slowdown_full_refresh_armed,filter_slowdown_full_refresh_pending,filter_slowdown_full_refresh_triggers,filter_slowdown_full_refresh_frames,filter_slowdown_full_refresh_pending_ack,filter_slowdown_full_refresh_ack_count,filter_slowdown_full_refresh_ack_committed_count,filter_slowdown_full_refresh_superseded_count,filter_slowdown_full_refresh_ack_latency_mean_s,filter_slowdown_full_refresh_ack_latency_max_s,sensor_frames,sensor_span_s,sensor_hz,sensor_raw_published,sensor_direct_handoffs,sensor_payload_bytes,sensor_payload_mib_s,filter_frames,filter_cloud_input_callbacks,filter_cloud_input_span_s,filter_cloud_input_hz,filter_cloud_worker_overwrites,filter_cloud_input_payload_bytes,filter_cloud_compute_ms_mean,filter_cloud_compute_ms_max,filter_in_process_guard_handoffs,filter_direct_input,filter_risk_verdict_topic,filter_risk_trajectory_topic,filter_risk_accum_window_s,filter_risk_clearance_m,filter_risk_horizon_s,filter_risk_sample_dt_s,filter_risk_min_points,filter_risk_voxel_m,filter_risk_max_cloud_age_s,filter_risk_max_eval_hz,filter_risk_body_clearance_m,filter_risk_body_horizon_s,filter_risk_body_max_odom_age_s,filter_risk_worker_overwrites,filter_risk_rate_limited_jobs,filter_risk_trajectory_messages,filter_risk_trajectory_unique_generations,filter_risk_trajectory_last_generation,filter_risk_trajectory_generation_span_s,filter_risk_trajectory_generation_hz,filter_risk_invalid_trajectory_messages,filter_risk_verdict_messages,filter_risk_verdict_span_s,filter_risk_verdict_hz,filter_risk_verdict_payload_bytes,filter_risk_occupied_verdicts,filter_risk_compute_ms_mean,filter_risk_compute_ms_max,filter_risk_body_verdict_messages,filter_risk_body_verdict_span_s,filter_risk_body_verdict_hz,filter_risk_body_verdict_payload_bytes,filter_risk_body_occupied_verdicts,filter_risk_body_compute_ms_mean,filter_risk_body_compute_ms_max,filter_cloud_compute_core_equivalent,filter_risk_compute_core_equivalent,filter_risk_body_compute_core_equivalent,filter_frontend_compute_core_equivalent,filter_processed_input_payload_bytes,filter_published_frames,filter_cloud_publish_events,filter_cloud_publish_span_s,filter_cloud_publish_hz,filter_published_payload_bytes,filter_rate_limited_frames,filter_max_publish_hz,filter_guard_witness_topic,filter_guard_witness_radius_m,filter_guard_witness_source_frames,filter_guard_witness_missing_odom_frames,filter_guard_witness_invalid_cloud_frames,filter_guard_witness_published_frames,filter_guard_witness_points,filter_guard_witness_payload_bytes,filter_map_commit_topic,filter_map_commit_refresh_age_s,filter_map_commit_refresh_min_interval_s,filter_map_commit_pre_stale_full_age_s,filter_map_commit_pre_stale_ack_retry_age_s,filter_full_refresh_generation_ack_en,filter_map_process_ack_topic,filter_full_refresh_request_topic,filter_map_commit_status_count,filter_map_commit_version,filter_map_commit_span_s,filter_map_commit_hz,filter_commit_refresh_frames,filter_pre_stale_full_refresh_frames,filter_pre_stale_full_refresh_ack_count,filter_pre_stale_full_refresh_pending_ack,filter_pre_stale_full_refresh_pending_ack_count,filter_pre_stale_full_refresh_pending_ack_max,filter_pre_stale_full_refresh_ack_committed_count,filter_pre_stale_full_refresh_superseded_count,filter_pre_stale_full_refresh_ack_retry_frames,filter_pre_stale_full_refresh_ack_retry_suppressed_frames,filter_pre_stale_full_refresh_version_advance_count,filter_pre_stale_full_refresh_pending_version_advance,filter_full_refresh_request_count,filter_full_refresh_request_sequence,filter_full_refresh_duplicate_stamp_count,filter_map_process_ack_status_count,filter_map_process_ack_malformed_count,filter_last_map_process_ack_scan_seq,filter_last_map_process_ack_stamp_ns,filter_last_map_process_ack_version,filter_pre_stale_full_refresh_same_version_suppressed_frames,filter_pre_stale_full_refresh_trigger_age_mean_s,filter_pre_stale_full_refresh_trigger_age_max_s,filter_pre_stale_full_refresh_ack_latency_mean_s,filter_pre_stale_full_refresh_ack_latency_max_s,filter_map_commit_age_mean_s,filter_map_commit_age_max_s,filter_full_open_extra_max_points,filter_full_open_extra_candidates,filter_full_open_extra_kept,filter_publish_duty_pct,filter_input_points,filter_kept_points,filter_kept_pct,filter_armed,filter_armed_duty_pct,filter_open,filter_open_duty_pct,filter_open_point_duty_pct,filter_recovery_active,filter_open_burst_s,filter_open_cooldown_s,filter_near_field_radius_m,filter_near_field_speed_gain_s,filter_near_field_max_radius_m,filter_max_effective_near_field_radius_m,filter_arm_transitions,filter_open_transitions,filter_close_transitions,filter_first_transition_time_s,filter_first_arm_time_s,filter_first_stall_candidate_time_s,filter_first_open_stall_start_time_s,filter_first_open_time_s,filter_first_open_delay_s,filter_first_close_time_s,filter_first_open_duration_s,filter_stall_candidate_count,filter_max_stall_candidate_duration_s,filter_min_armed_closed_speed_mps,filter_replan_guard_en,filter_replan_guard_bounded,filter_replan_guard_active,filter_replan_guard_burst_s,filter_replan_guard_cooldown_s,filter_replan_fail_streak_open,filter_replan_ok_streak_close,filter_replan_guard_open,filter_replan_guard_open_transitions,filter_replan_guard_close_transitions,filter_effective_full_open_transitions,filter_effective_full_close_transitions,filter_replan_guard_open_duty_pct,filter_replan_status_count,filter_replan_fail_count,filter_max_replan_fail_streak,filter_first_replan_guard_open_time_s,filter_first_effective_full_open_time_s,filter_trajectory_guard_topic,filter_trajectory_guard_hold_s,filter_trajectory_guard_active_max_publish_hz,filter_trajectory_guard_ack_retry_age_s,filter_trajectory_guard_active,filter_trajectory_guard_open,filter_trajectory_guard_status_count,filter_trajectory_guard_active_count,filter_trajectory_guard_open_transitions,filter_trajectory_guard_close_transitions,filter_trajectory_guard_refresh_frames,filter_trajectory_guard_full_refresh_pending_ack,filter_trajectory_guard_full_refresh_pending_ack_max,filter_trajectory_guard_full_refresh_ack_count,filter_trajectory_guard_full_refresh_ack_committed_count,filter_trajectory_guard_full_refresh_superseded_count,filter_trajectory_guard_full_refresh_ack_retry_frames,filter_trajectory_guard_full_refresh_abandoned_count,filter_trajectory_guard_full_refresh_ack_latency_mean_s,filter_trajectory_guard_full_refresh_ack_latency_max_s,filter_test_drop_first_trajectory_guard_full_cloud,filter_test_dropped_trajectory_guard_full_clouds,filter_trajectory_guard_open_duty_pct,filter_trajectory_guard_active_frames,filter_trajectory_guard_hold_only_frames,filter_trajectory_guard_active_published_frames,filter_trajectory_guard_hold_only_published_frames,filter_trajectory_guard_active_duty_pct,filter_trajectory_guard_hold_only_duty_pct,filter_first_trajectory_guard_open_time_s,recovery_triggered,recovery_reclosed,recovery_spawn_after_arm,recovery_open_after_spawn,recovery_open_during_hold,recovery_success,mission_driver_phase,mission_driver_start_delay_s,mission_driver_approach_radius_m,mission_driver_hold_low_speed_s,mission_driver_low_speed_v,mission_driver_approach_start_time_s,mission_driver_approach_start_wall_time_s,mission_driver_approach_start_speed_mps,mission_driver_hold_start_time_s,mission_driver_hold_start_wall_time_s,mission_driver_hold_start_speed_mps,mission_driver_hold_start_distance_m,mission_driver_release_time_s,mission_driver_release_wall_time_s,mission_driver_release_speed_mps,mission_driver_release_low_speed_duration_s,pts_mean,map_perf_frames,map_frames_s,map_points_s,map_payload_bytes_mean,map_payload_bytes_total,map_payload_mib_s,map_payload_mbps,map_point_step_mean,guard_dedicated_messages,guard_dedicated_payload_bytes,guard_dedicated_payload_mib_s,filter_cloud_input_payload_mib_s,filter_processed_input_payload_mib_s,filter_published_payload_mib_s,filter_guard_witness_payload_mib_s,filter_risk_verdict_payload_mib_s,filter_risk_body_verdict_payload_mib_s,planner_published_payload_mib_s,planner_ingress_payload_mib_s,algorithm_delivery_payload_mib_s,dds_cloud_payload_mib_s,dds_risk_verdict_payload_mib_s,dds_total_algorithm_payload_mib_s,intra_process_cloud_payload_mib_s,total_ms_mean,raycast_ms_mean,update_ms_mean,inflation_ms_mean,kept_pct,fsm_cpu_pct,filter_cpu_pct,sim_cpu_pct,monitor_cpu_pct,cgroup_cpu_accounting,cgroup_cpu_duration_s,cgroup_memory_source,cgroup_accounting_error,algorithm_cpu_core_s,algorithm_cpu_cores_mean,algorithm_cpu_cores_p95_1s,algorithm_cpu_cores_max_1s,algorithm_peak_rss_mib,algorithm_peak_pss_mib,algorithm_peak_swap_mib,algorithm_max_processes,end_to_end_cpu_core_s,end_to_end_cpu_cores_mean,end_to_end_cpu_cores_p95_1s,end_to_end_cpu_cores_max_1s,end_to_end_peak_rss_mib,end_to_end_peak_pss_mib,end_to_end_peak_swap_mib,end_to_end_max_processes,cgroup_cpu_trace_csv,attempt_count,retry_count,first_attempt_success,retry_reasons,oom_kill_delta,fsm_peak_rss_mib,fsm_peak_pss_mib,fsm_peak_swap_mib,system_min_available_mib,system_peak_swap_used_mib,cgroup_peak_memory_mib,cgroup_peak_swap_mib,memory_psi_some_avg10_max,memory_psi_full_avg10_max,memory_trace_csv,perf_log_generation_ready,perf_window_valid,perf_trace_csv,perf_row_start,perf_row_end,input_distance_m,kept_distance_m
seed1,1,full,1,1,,legacy,direct,False,False,True,True,True,,,,,,,,,,,,,0,0,0,0,0,0,4,4,0,0,0,0,0,0,0,0,0,0,2,11,0,0,0,0,2,0,0,2,35.60689640045166,17.80344820022583,18.471461296081543,125,125,59.49219751358032,2.084306937421406,0,0,0,0,0,0,0,0,0,0,0,0,0,0,0,0,0,0,3,False,0,,0,0,,,,,0,0,,,,,,,,,,,,,,,,,,,,,,,,,,,,,,,,,,,59.79,5,5,0,,True,241490,0,0.5,0.3,"{'elapsed_s': 1.902963, 'position': [3.6902101039886475, 2.2838099002838135, 1.627884030342102], 'velocity': [0.5717309713363647, 0.8074920177459717, 0.1477240025997162], 'speed_mps': 1.000371, 'nearest_point': [3.271399974822998, 2.5559000968933105, 1.600000023841858], 'distance_m': 0.500212, 'clearance_m': 0.300212, 'waypoint_index': 0}",,,,,,,0,static_pcd,0,0,0,,,,,,,,,,,,,,,results/full_intra_map1_10_n1_artifacts_20260903/seed1_run1_full.json,5979,0,1.178,-0.826,1.47,-26.623,24.025,-25.067,27.644,226.392,7.0,7.002483,7.002483,7.000396,7.0,0.01,True,0,0,0,,,,,,0.0,,,,,,,,,False,False,False,,,,False,0,,,,,,,,,,,,,,,,,,,,,,,,,0,,,,,,,,,,,,,,,,,,,,,,,,,,,,,,,,,,,,,,,,,,,,,,,,,,,,,,,,,,,,,,,,,,,,,,,,,,,,,,,,,,,,,,,,,,,,,600,59.89785,10.000359,0,600,313522080,4.99179779111046,,,,,,,,,,,,,,,,,,,,,,,,,,,,,,,,,,,,,,,,,,,,,,,,,,,,,,,,,,,,,,,,,,,,,,,,,,,,,,,,,,,,,,,,,,,,,,,,,,,,,,,,,,,,,,,,,,,,,,,,,,,,,,,,,,,,,,,,,,,,,,,,,,,,,,,,,,,,,,,,,,,,,,,,,,,,,,,,,,,,,,,,,,,,,,,,,,,,,,,,,,,,,,,,16262.415435139574,609,10.185649774209734,165643.26810503428,520397.3037766831,316921958.0,5.055031470978094,42.40467743769861,32.0,0,0,0.0,,,,,,,5.055031470978094,5.055031470978094,5.055031470978094,0.0,,,5.055031470978094,28.576788834154353,18.806517405582923,9.76876448275862,1.1479435353037766,,141.33200616150614,,,,False,,,,,,,,,,,,,,,,,,,,,1,0,True,,0,3456.62890625,3432.09375,0.0,6995.2734375,961.53515625,8464.578125,57.41796875,0.0,0.0,results/full_intra_map1_10_n1_artifacts_20260903/seed1_run1_full.attempt1.memory.csv,True,True,results/full_intra_map1_10_n1_artifacts_20260903/seed1_run1_full.attempt1.performance.csv,0,609,,
seed2,1,full,2,1,,legacy,direct,False,False,True,True,True,,,,,,,,,,,,,0,0,0,0,0,0,0,0,0,0,0,0,0,0,0,0,0,0,0,0,0,0,0,0,0,0,0,0,0.0,,,141,141,54.37565898895264,2.5746814402459646,0,0,0,0,0,0,0,0,0,0,0,0,0,0,0,0,0,0,5,False,0,,0,0,,,,,0,0,,,,,,,,,,,,,,,,,,,,,,,,,,,,,,,,,,,55.29,5,5,0,,True,241490,0,0.563,0.363,"{'elapsed_s': 53.332255, 'position': [5.973694801330566, -6.382472038269043, 1.6982899904251099], 'velocity': [-0.3907809853553772, 1.986556053161621, 0.716422975063324], 'speed_mps': 2.147645, 'nearest_point': [5.5553998947143555, -6.758900165557861, 1.7000000476837158], 'distance_m': 0.562736, 'clearance_m': 0.362736, 'waypoint_index': 4}",,,,,,,0,static_pcd,0,0,0,,,,,,,,,,,,,,,results/full_intra_map1_10_n1_artifacts_20260903/seed2_run1_full.json,5510,0,1.036,-1.048,1.606,-25.19,24.039,-25.33,24.315,221.987,6.999,7.002396,7.002396,6.999477,7.0,0.01,True,0,0,0,,,,,,0.0,,,,,,,,,False,False,False,,,,False,0,,,,,,,,,,,,,,,,,,,,,,,,,0,,,,,,,,,,,,,,,,,,,,,,,,,,,,,,,,,,,,,,,,,,,,,,,,,,,,,,,,,,,,,,,,,,,,,,,,,,,,,,,,,,,,,,,,,,,,,550,54.889302,10.001949,0,550,299574272,5.204953946444792,,,,,,,,,,,,,,,,,,,,,,,,,,,,,,,,,,,,,,,,,,,,,,,,,,,,,,,,,,,,,,,,,,,,,,,,,,,,,,,,,,,,,,,,,,,,,,,,,,,,,,,,,,,,,,,,,,,,,,,,,,,,,,,,,,,,,,,,,,,,,,,,,,,,,,,,,,,,,,,,,,,,,,,,,,,,,,,,,,,,,,,,,,,,,,,,,,,,,,,,,,,,,,,,16894.7615658363,562,10.164586724543318,171728.2691264243,540632.3807829182,303835398.0,5.240730972828195,43.96243776451438,32.0,0,0,0.0,,,,,,,5.240730972828195,5.240730972828195,5.240730972828195,0.0,,,5.240730972828195,31.090756227758007,20.49846512455516,10.590654626334521,1.2923607046263346,,141.6441436748689,,,25.964575347153527,False,,,,,,,,,,,,,,,,,,,,,1,0,True,,0,3453.828125,3429.1142578125,0.0,6975.1796875,961.53515625,8490.63671875,57.41796875,0.0,0.0,results/full_intra_map1_10_n1_artifacts_20260903/seed2_run1_full.attempt1.memory.csv,True,True,results/full_intra_map1_10_n1_artifacts_20260903/seed2_run1_full.attempt1.performance.csv,0,562,,
seed3,1,full,3,1,,legacy,direct,False,False,True,True,True,,,,,,,,,,,,,0,0,0,0,0,0,3,4,0,0,0,0,0,0,0,0,0,0,3,15,0,1,0,0,3,0,0,3,2.319150924682617,0.7730503082275391,1.0781991481781006,132,132,60.84526991844177,2.1530022000986277,0,0,0,0,0,0,0,0,0,0,0,0,0,0,0,0,0,0,3,False,0,,0,0,,,,,0,0,,,,,,,,,,,,,,,,,,,,,,,,,,,,,,,,,,,61.21,5,5,0,,True,444850,0,0.448,0.248,"{'elapsed_s': 28.720262, 'position': [-22.853689193725586, 16.519676208496094, 1.5838379859924316], 'velocity': [0.4107770025730133, -1.1061890125274658, 0.17134599387645721], 'speed_mps': 1.192372, 'nearest_point': [-22.44179916381836, 16.69569969177246, 1.600000023841858], 'distance_m': 0.448217, 'clearance_m': 0.248217, 'waypoint_index': 2}",,,,,,,0,static_pcd,0,0,0,,,,,,,,,,,,,,,results/full_intra_map1_10_n1_artifacts_20260903/seed3_run1_full.json,6119,0,0.561,-1.369,1.96,-24.275,24.028,-24.047,26.626,226.255,7.001,7.00291,7.00291,7.001251,7.0,0.01,True,0,0,0,,,,,,0.0,,,,,,,,,False,False,False,,,,False,0,,,,,,,,,,,,,,,,,,,,,,,,,0,,,,,,,,,,,,,,,,,,,,,,,,,,,,,,,,,,,,,,,,,,,,,,,,,,,,,,,,,,,,,,,,,,,,,,,,,,,,,,,,,,,,,,,,,,,,,600,59.897519,10.000414,0,600,472470720,7.522568521042896,,,,,,,,,,,,,,,,,,,,,,,,,,,,,,,,,,,,,,,,,,,,,,,,,,,,,,,,,,,,,,,,,,,,,,,,,,,,,,,,,,,,,,,,,,,,,,,,,,,,,,,,,,,,,,,,,,,,,,,,,,,,,,,,,,,,,,,,,,,,,,,,,,,,,,,,,,,,,,,,,,,,,,,,,,,,,,,,,,,,,,,,,,,,,,,,,,,,,,,,,,,,,,,,24469.1952,625,10.210749877471,249848.831890214,783014.2112,489383882.0,7.624780903881505,63.96129808854762,32.0,0,0,0.0,,,,,,,7.624780903881505,7.624780903881505,7.624780903881505,0.0,,,7.624780903881505,36.69447888,24.69079312,12.001964416,1.6225896368,,150.58491097195107,,,23.085586898250124,False,,,,,,,,,,,,,,,,,,,,,1,0,True,,0,3501.69921875,3477.1279296875,0.0,6909.72265625,961.53515625,8520.9375,57.41796875,0.0,0.0,results/full_intra_map1_10_n1_artifacts_20260903/seed3_run1_full.attempt1.memory.csv,True,True,results/full_intra_map1_10_n1_artifacts_20260903/seed3_run1_full.attempt1.performance.csv,0,625,,
seed4,1,full,4,1,,legacy,direct,False,False,True,True,True,,,,,,,,,,,,,0,0,0,0,0,0,3,4,0,0,0,0,0,0,0,0,0,0,4,15,0,0,0,1,3,0,0,4,3.2465453147888184,0.8116363286972046,1.046243667602539,149,149,62.371809244155884,2.372866873568644,0,0,0,0,0,0,0,0,0,0,0,0,0,0,0,0,0,0,1,False,0,,0,0,,,,,0,0,,,,,,,,,,,,,,,,,,,,,,,,,,,,,,,,,,,62.81,5,5,0,,True,444850,0,0.473,0.273,"{'elapsed_s': 53.857663, 'position': [19.176427841186523, -18.8760929107666, 2.244271993637085], 'velocity': [-4.2187981605529785, -0.5118690133094788, 0.8498470187187195], 'speed_mps': 4.333879, 'nearest_point': [19.216699600219727, -19.345300674438477, 2.200000047683716], 'distance_m': 0.473009, 'clearance_m': 0.273009, 'waypoint_index': 4}",,,,,,,0,static_pcd,0,0,0,,,,,,,,,,,,,,,results/full_intra_map1_10_n1_artifacts_20260903/seed4_run1_full.json,6275,0,1.063,-1.03,1.606,-24.343,24.025,-24.675,26.249,227.653,7.0,7.000947,7.000947,6.999898,7.0,0.01,True,0,0,0,,,,,,0.0,,,,,,,,,False,False,False,,,,False,0,,,,,,,,,,,,,,,,,,,,,,,,,0,,,,,,,,,,,,,,,,,,,,,,,,,,,,,,,,,,,,,,,,,,,,,,,,,,,,,,,,,,,,,,,,,,,,,,,,,,,,,,,,,,,,,,,,,,,,,600,59.895874,10.000689,0,600,510590112,8.12971985391499,,,,,,,,,,,,,,,,,,,,,,,,,,,,,,,,,,,,,,,,,,,,,,,,,,,,,,,,,,,,,,,,,,,,,,,,,,,,,,,,,,,,,,,,,,,,,,,,,,,,,,,,,,,,,,,,,,,,,,,,,,,,,,,,,,,,,,,,,,,,,,,,,,,,,,,,,,,,,,,,,,,,,,,,,,,,,,,,,,,,,,,,,,,,,,,,,,,,,,,,,,,,,,,,26282.11508553655,643,10.23722337207451,269055.8828212068,841027.7573872473,540780848.0,8.210934652794016,68.8783121159051,32.0,0,0,0.0,,,,,,,8.210934652794016,8.210934652794016,8.210934652794016,0.0,,,8.210934652794016,35.30318615863141,23.723916640746502,11.577659626749611,1.559477566096423,,147.96927326476836,,,21.886058659197648,False,,,,,,,,,,,,,,,,,,,,,1,0,True,,0,3507.203125,3482.58984375,0.0,6872.65234375,961.53515625,8538.14453125,57.41796875,0.0,0.0,results/full_intra_map1_10_n1_artifacts_20260903/seed4_run1_full.attempt1.memory.csv,True,True,results/full_intra_map1_10_n1_artifacts_20260903/seed4_run1_full.attempt1.performance.csv,0,643,,
seed5,1,full,5,1,,legacy,direct,False,False,True,True,True,,,,,,,,,,,,,0,0,0,0,0,0,4,5,0,0,0,0,0,0,0,0,0,0,5,26,0,3,0,0,5,0,0,5,15.709975957870483,3.1419951915740967,12.539365530014038,129,129,65.82703471183777,1.9444898370453496,0,0,0,0,0,0,0,0,0,0,0,0,0,0,0,0,0,0,4,False,0,,0,0,,,,,0,0,,,,,,,,,,,,,,,,,,,,,,,,,,,,,,,,,,,66.92,5,5,0,,True,635500,0,0.425,0.225,"{'elapsed_s': 41.339795, 'position': [-23.573856353759766, -18.2170467376709, 0.8950639963150024], 'velocity': [-1.9990780353546143, -0.5317339897155762, 0.09330999851226807], 'speed_mps': 2.070691, 'nearest_point': [-23.486000061035156, -18.633100509643555, 0.8999999761581421], 'distance_m': 0.425257, 'clearance_m': 0.225257, 'waypoint_index': 2}",,,,,,,0,static_pcd,0,0,0,,,,,,,,,,,,,,,results/full_intra_map1_10_n1_artifacts_20260903/seed5_run1_full.json,6691,0,0.949,-1.124,1.761,-25.202,24.025,-25.298,27.967,233.011,7.006,7.006445,7.006446,7.006199,7.0,0.01,True,0,0,0,,,,,,0.0,,,,,,,,,False,False,False,,,,False,0,,,,,,,,,,,,,,,,,,,,,,,,,0,,,,,,,,,,,,,,,,,,,,,,,,,,,,,,,,,,,,,,,,,,,,,,,,,,,,,,,,,,,,,,,,,,,,,,,,,,,,,,,,,,,,,,,,,,,,,650,64.896523,10.000536,0,650,618867648,9.094449962324541,,,,,,,,,,,,,,,,,,,,,,,,,,,,,,,,,,,,,,,,,,,,,,,,,,,,,,,,,,,,,,,,,,,,,,,,,,,,,,,,,,,,,,,,,,,,,,,,,,,,,,,,,,,,,,,,,,,,,,,,,,,,,,,,,,,,,,,,,,,,,,,,,,,,,,,,,,,,,,,,,,,,,,,,,,,,,,,,,,,,,,,,,,,,,,,,,,,,,,,,,,,,,,,,29344.401785714286,672,10.0418410041841,294671.81709503883,939020.7946428572,631021974.0,8.992669600893192,75.43598015540944,32.0,0,0,0.0,,,,,,,8.992669600893192,8.992669600893192,8.992669600893192,0.0,,,8.992669600893192,39.07006071428572,26.484534226190476,12.583912663690477,1.8142255922619046,,153.6381302342319,,,,False,,,,,,,,,,,,,,,,,,,,,1,0,True,,0,3371.875,3347.40234375,0.0,6928.7421875,961.53515625,8378.45703125,57.41796875,0.0,0.0,results/full_intra_map1_10_n1_artifacts_20260903/seed5_run1_full.attempt1.memory.csv,True,True,results/full_intra_map1_10_n1_artifacts_20260903/seed5_run1_full.attempt1.performance.csv,0,672,,
seed6,1,full,6,1,,legacy,direct,False,False,True,True,True,,,,,,,,,,,,,0,0,0,0,0,0,4,4,0,0,0,0,0,0,0,0,0,0,5,15,0,0,0,2,3,0,0,5,5.7557008266448975,1.1511401653289794,2.254826545715332,148,148,62.08344221115112,2.367781082434836,0,0,0,0,0,0,0,0,0,0,0,0,0,0,0,0,0,0,0,False,0,,0,0,,,,,0,0,,,,,,,,,,,,,,,,,,,,,,,,,,,,,,,,,,,62.54,5,5,0,,True,635500,0,0.446,0.246,"{'elapsed_s': 17.746991, 'position': [-2.407288074493408, 26.418264389038086, 1.1919490098953247], 'velocity': [-6.611142158508301, -0.16656799614429474, -0.3375740051269531], 'speed_mps': 6.621851, 'nearest_point': [-2.411099910736084, 25.972200393676758, 1.2000000476837158], 'distance_m': 0.446153, 'clearance_m': 0.246153, 'waypoint_index': 1}",,,,,,,0,static_pcd,0,0,0,,,,,,,,,,,,,,,results/full_intra_map1_10_n1_artifacts_20260903/seed6_run1_full.json,6253,0,0.889,-1.193,1.945,-27.399,24.025,-26.609,26.45,228.709,7.0,7.001505,7.001505,7.000374,7.0,0.01,True,0,0,0,,,,,,0.0,,,,,,,,,False,False,False,,,,False,0,,,,,,,,,,,,,,,,,,,,,,,,,0,,,,,,,,,,,,,,,,,,,,,,,,,,,,,,,,,,,,,,,,,,,,,,,,,,,,,,,,,,,,,,,,,,,,,,,,,,,,,,,,,,,,,,,,,,,,,600,59.8779,10.003691,0,600,608811488,9.696530433409855,,,,,,,,,,,,,,,,,,,,,,,,,,,,,,,,,,,,,,,,,,,,,,,,,,,,,,,,,,,,,,,,,,,,,,,,,,,,,,,,,,,,,,,,,,,,,,,,,,,,,,,,,,,,,,,,,,,,,,,,,,,,,,,,,,,,,,,,,,,,,,,,,,,,,,,,,,,,,,,,,,,,,,,,,,,,,,,,,,,,,,,,,,,,,,,,,,,,,,,,,,,,,,,,31116.257009345794,642,10.26543012472018,319421.76207227376,995720.2803738317,639252420.0,9.747979127830845,81.77197569555486,32.0,0,0,0.0,,,,,,,9.747979127830845,9.747979127830845,9.747979127830845,0.0,,,9.747979127830845,37.21024485981309,25.357274922118382,11.851525638629283,1.8502201355140186,,148.07458774297334,,,21.82796021888367,False,,,,,,,,,,,,,,,,,,,,,1,0,True,,0,3375.69140625,3351.15234375,0.0,6905.890625,961.53515625,8428.0390625,57.41796875,0.0,0.0,results/full_intra_map1_10_n1_artifacts_20260903/seed6_run1_full.attempt1.memory.csv,True,True,results/full_intra_map1_10_n1_artifacts_20260903/seed6_run1_full.attempt1.performance.csv,0,642,,
seed7,1,full,7,1,,legacy,direct,False,False,True,True,True,,,,,,,,,,,,,0,0,0,0,0,0,7,11,0,0,0,0,0,0,0,0,0,0,6,30,0,1,0,0,6,0,0,6,8.755468845367432,1.4592448075612385,4.086524724960327,169,169,69.77652764320374,2.4076864480710984,0,0,0,0,0,0,0,0,0,0,0,0,0,0,0,0,0,0,3,False,0,,0,0,,,,,0,0,,,,,,,,,,,,,,,,,,,,,,,,,,,,,,,,,,,70.73,5,5,0,,True,838860,0,0.488,0.288,"{'elapsed_s': 25.878537, 'position': [-8.823548316955566, 27.598983764648438, 2.257875919342041], 'velocity': [-2.2245359420776367, -2.023966073989868, 1.1147559881210327], 'speed_mps': 3.207442, 'nearest_point': [-8.489800453186035, 27.244800567626953, 2.299999952316284], 'distance_m': 0.488475, 'clearance_m': 0.288475, 'waypoint_index': 1}",,,,,,,0,static_pcd,0,0,0,,,,,,,,,,,,,,,results/full_intra_map1_10_n1_artifacts_20260903/seed7_run1_full.json,7072,0,1.129,-0.896,1.385,-25.623,24.519,-28.401,28.109,232.569,7.001,7.001122,7.001121,7.001109,7.0,0.01,True,0,0,0,,,,,,0.0,,,,,,,,,False,False,False,,,,False,0,,,,,,,,,,,,,,,,,,,,,,,,,0,,,,,,,,,,,,,,,,,,,,,,,,,,,,,,,,,,,,,,,,,,,,,,,,,,,,,,,,,,,,,,,,,,,,,,,,,,,,,,,,,,,,,,,,,,,,,700,69.896531,10.000496,0,700,836441984,11.412486798589297,,,,,,,,,,,,,,,,,,,,,,,,,,,,,,,,,,,,,,,,,,,,,,,,,,,,,,,,,,,,,,,,,,,,,,,,,,,,,,,,,,,,,,,,,,,,,,,,,,,,,,,,,,,,,,,,,,,,,,,,,,,,,,,,,,,,,,,,,,,,,,,,,,,,,,,,,,,,,,,,,,,,,,,,,,,,,,,,,,,,,,,,,,,,,,,,,,,,,,,,,,,,,,,,37063.76560332871,721,10.193694330552805,377816.69729959,1186040.5908460473,855135266.0,11.530051466667986,96.72108197370281,32.0,0,0,0.0,,,,,,,11.530051466667986,11.530051466667986,11.530051466667986,0.0,,,11.530051466667986,37.262884327323164,25.886322607489596,11.37495972260749,1.9058655090152568,,146.96921691576614,,,22.25505170969262,False,,,,,,,,,,,,,,,,,,,,,1,0,True,,0,3497.03125,3472.6640625,0.0,6795.5625,961.53515625,8573.6171875,57.41796875,0.0,0.0,results/full_intra_map1_10_n1_artifacts_20260903/seed7_run1_full.attempt1.memory.csv,True,True,results/full_intra_map1_10_n1_artifacts_20260903/seed7_run1_full.attempt1.performance.csv,0,721,,
seed8,1,full,8,1,,legacy,direct,False,False,True,True,True,,,,,,,,,,,,,0,0,0,0,0,0,2,2,0,0,0,0,0,0,0,0,0,0,3,14,0,1,0,0,3,0,0,3,1.508702039718628,0.5029006799062093,0.6307806968688965,123,123,61.103649377822876,1.996607424306788,0,0,0,0,0,0,0,0,0,0,0,0,0,0,0,0,0,0,1,False,0,,0,0,,,,,0,0,,,,,,,,,,,,,,,,,,,,,,,,,,,,,,,,,,,62.17,5,5,0,,True,838860,0,0.451,0.251,"{'elapsed_s': 43.516545, 'position': [-2.5338680744171143, -23.064960479736328, 1.6998169422149658], 'velocity': [-0.0006329999887384474, -0.018053999170660973, 0.0068060001358389854], 'speed_mps': 0.019304, 'nearest_point': [-2.765500068664551, -23.452299118041992, 1.7000000476837158], 'distance_m': 0.451314, 'clearance_m': 0.251314, 'waypoint_index': 3}",,,,,,,0,static_pcd,0,0,0,,,,,,,,,,,,,,,results/full_intra_map1_10_n1_artifacts_20260903/seed8_run1_full.json,6216,0,0.188,0.015,1.502,-27.534,24.025,-24.244,24.342,227.69,7.0,7.001188,7.001188,6.999934,7.0,0.01,True,0,0,0,,,,,,0.0,,,,,,,,,False,False,False,,,,False,0,,,,,,,,,,,,,,,,,,,,,,,,,0,,,,,,,,,,,,,,,,,,,,,,,,,,,,,,,,,,,,,,,,,,,,,,,,,,,,,,,,,,,,,,,,,,,,,,,,,,,,,,,,,,,,,,,,,,,,,600,59.89796,10.000341,0,600,670764928,10.679683985559567,,,,,,,,,,,,,,,,,,,,,,,,,,,,,,,,,,,,,,,,,,,,,,,,,,,,,,,,,,,,,,,,,,,,,,,,,,,,,,,,,,,,,,,,,,,,,,,,,,,,,,,,,,,,,,,,,,,,,,,,,,,,,,,,,,,,,,,,,,,,,,,,,,,,,,,,,,,,,,,,,,,,,,,,,,,,,,,,,,,,,,,,,,,,,,,,,,,,,,,,,,,,,,,,34730.08280254777,628,10.101335049059031,350820.2026700981,1111362.7770700636,697935824.0,10.706184169995701,89.8099821778993,32.0,0,0,0.0,,,,,,,10.706184169995701,10.706184169995701,10.706184169995701,0.0,,,10.706184169995701,40.62924124203822,27.851062738853503,12.776585318471337,2.117336877388535,,155.54158021141498,,,23.823926880648834,False,,,,,,,,,,,,,,,,,,,,,1,0,True,,0,3440.4140625,3415.8984375,0.0,6796.26953125,961.53515625,8541.83984375,57.41796875,0.0,0.0,results/full_intra_map1_10_n1_artifacts_20260903/seed8_run1_full.attempt1.memory.csv,True,True,results/full_intra_map1_10_n1_artifacts_20260903/seed8_run1_full.attempt1.performance.csv,0,628,,
seed9,1,full,9,1,,legacy,direct,False,False,True,True,True,,,,,,,,,,,,,0,0,0,0,0,0,12,14,0,0,0,0,0,0,0,0,0,0,12,56,0,0,0,0,11,0,0,12,17.618175745010376,1.468181312084198,7.976306915283203,184,184,75.34319257736206,2.4288856596048327,0,0,0,0,0,0,0,0,0,0,0,0,0,0,0,0,0,0,1,False,0,,0,0,,,,,0,0,,,,,,,,,,,,,,,,,,,,,,,,,,,,,,,,,,,76.03,5,5,0,,True,1042220,0,0.464,0.264,"{'elapsed_s': 38.558799, 'position': [-24.09510612487793, -9.798846244812012, 1.227452039718628], 'velocity': [-0.0006489999941550195, -0.0007730000070296228, 0.000514000013936311], 'speed_mps': 0.001132, 'nearest_point': [-24.552900314331055, -9.728799819946289, 1.2000000476837158], 'distance_m': 0.463935, 'clearance_m': 0.263935, 'waypoint_index': 2}",,,,,,,0,static_pcd,0,0,0,,,,,,,,,,,,,,,results/full_intra_map1_10_n1_artifacts_20260903/seed9_run1_full.json,7602,0,1.11,-0.925,1.807,-25.65,24.025,-25.897,24.441,243.117,7.001,7.00407,7.00407,7.000748,7.0,0.01,True,0,0,0,,,,,,0.0,,,,,,,,,False,False,False,,,,False,0,,,,,,,,,,,,,,,,,,,,,,,,,0,,,,,,,,,,,,,,,,,,,,,,,,,,,,,,,,,,,,,,,,,,,,,,,,,,,,,,,,,,,,,,,,,,,,,,,,,,,,,,,,,,,,,,,,,,,,,750,74.898139,10.000249,0,750,1095876448,13.953740858796364,,,,,,,,,,,,,,,,,,,,,,,,,,,,,,,,,,,,,,,,,,,,,,,,,,,,,,,,,,,,,,,,,,,,,,,,,,,,,,,,,,,,,,,,,,,,,,,,,,,,,,,,,,,,,,,,,,,,,,,,,,,,,,,,,,,,,,,,,,,,,,,,,,,,,,,,,,,,,,,,,,,,,,,,,,,,,,,,,,,,,,,,,,,,,,,,,,,,,,,,,,,,,,,,45314.477360931436,773,10.167039326581612,460714.07339208206,1450063.2652005174,1120898904.0,14.059877627682688,117.94280194660001,32.0,0,0,0.0,,,,,,,14.059877627682688,14.059877627682688,14.059877627682688,0.0,,,14.059877627682688,36.52720685640362,25.88294851228978,10.642324359637774,1.9166347943078914,,145.3424555206548,,,,False,,,,,,,,,,,,,,,,,,,,,1,0,True,,0,3455.73828125,3431.2021484375,0.0,6909.9453125,961.53515625,8548.56640625,57.41796875,0.0,0.0,results/full_intra_map1_10_n1_artifacts_20260903/seed9_run1_full.attempt1.memory.csv,True,True,results/full_intra_map1_10_n1_artifacts_20260903/seed9_run1_full.attempt1.performance.csv,0,773,,
seed10,1,full,10,1,,legacy,direct,False,False,True,True,True,,,,,,,,,,,,,0,0,0,0,0,0,12,20,0,0,0,0,0,0,0,0,0,0,9,39,0,0,0,2,7,0,0,9,27.308181047439575,3.0342423386043973,9.60508394241333,178,178,81.03923797607422,2.1841271514948963,0,0,0,0,0,0,0,0,0,0,0,0,0,0,0,0,0,0,0,False,0,,0,0,,,,,0,0,,,,,,,,,,,,,,,,,,,,,,,,,,,,,,,,,,,81.76,5,5,0,,True,1042220,0,0.465,0.265,"{'elapsed_s': 59.211212, 'position': [-5.050000190734863, -23.850000381469727, 0.949999988079071], 'velocity': [0.0, -0.0, -0.0], 'speed_mps': 0.0, 'nearest_point': [-4.897900104522705, -24.28689956665039, 0.8999999761581421], 'distance_m': 0.465312, 'clearance_m': 0.265312, 'waypoint_index': 3}",,,,,,,0,static_pcd,0,0,0,,,,,,,,,,,,,,,results/full_intra_map1_10_n1_artifacts_20260903/seed10_run1_full.json,8175,0,1.338,-0.675,1.788,-25.781,24.025,-24.343,28.223,240.6,7.002,7.006882,7.006882,7.001722,7.0,0.01,True,0,0,0,,,,,,0.0,,,,,,,,,False,False,False,,,,False,0,,,,,,,,,,,,,,,,,,,,,,,,,0,,,,,,,,,,,,,,,,,,,,,,,,,,,,,,,,,,,,,,,,,,,,,,,,,,,,,,,,,,,,,,,,,,,,,,,,,,,,,,,,,,,,,,,,,,,,,800,79.898068,10.000242,0,800,1093362304,13.05052267160656,,,,,,,,,,,,,,,,,,,,,,,,,,,,,,,,,,,,,,,,,,,,,,,,,,,,,,,,,,,,,,,,,,,,,,,,,,,,,,,,,,,,,,,,,,,,,,,,,,,,,,,,,,,,,,,,,,,,,,,,,,,,,,,,,,,,,,,,,,,,,,,,,,,,,,,,,,,,,,,,,,,,,,,,,,,,,,,,,,,,,,,,,,,,,,,,,,,,,,,,,,,,,,,,42515.29854368932,824,10.078277886497064,428480.9931506849,1360489.4563106797,1121043312.0,13.076201250408493,109.6911264187867,32.0,0,0,0.0,,,,,,,13.076201250408493,13.076201250408493,13.076201250408493,0.0,,,13.076201250408493,36.03758337378641,25.365857524271842,10.670228191747572,1.7898607669902913,,142.69781573013853,,,21.765376426155242,False,,,,,,,,,,,,,,,,,,,,,1,0,True,,0,3472.94140625,3448.2392578125,0.0,6776.09765625,961.53515625,8606.6328125,57.41796875,0.0,0.0,results/full_intra_map1_10_n1_artifacts_20260903/seed10_run1_full.attempt1.memory.csv,True,True,results/full_intra_map1_10_n1_artifacts_20260903/seed10_run1_full.attempt1.performance.csv,0,824,,
