Total, Raycast, Update_cache, Inflation, PointCloudNumber, CacheNumber, InflationNumber
0.00182753, 0.000178432, 0.00164779, 0.00121357, 1559, 1162, 133824
0.000782613, 0.000226047, 0.00055517, 0.00032519, 1542, 1143, 34071
0.000499405, 0.000142574, 0.000356021, 0.00018889, 1550, 1151, 16851
0.000467622, 0.000167625, 0.000298873, 0.000159378, 1559, 1162, 12669
0.00028672, 0.000113087, 0.00017269, 8.034e-05, 1557, 1153, 7995
0.000287081, 0.000120938, 0.000165234, 8.1391e-05, 1542, 1145, 7749
0.000349556, 0.000155342, 0.000192911, 8.5534e-05, 1552, 1156, 5781
0.000287551, 0.000106552, 0.00017992, 8.6381e-05, 1547, 1151, 8118
0.00052146, 0.000174014, 0.000345838, 0.000134397, 1548, 1150, 6888
0.000483072, 0.000215994, 0.000265319, 8.3241e-05, 1547, 1148, 4551
0.000371708, 0.00020279, 0.000167156, 6.0017e-05, 1558, 1149, 3936
0.000276215, 0.000106388, 0.000168987, 7.2828e-05, 1563, 1158, 5166
0.000320824, 0.000121342, 0.00019829, 6.8324e-05, 1547, 1154, 3690
0.000265295, 0.000121835, 0.000142525, 6.2371e-05, 1552, 1153, 4797
0.000239358, 0.000115667, 0.000122728, 4.3856e-05, 1543, 1147, 2706
0.000530891, 0.000265368, 0.000263054, 8.1807e-05, 1560, 1151, 3567
0.0003472, 0.000149192, 0.000196392, 7.8408e-05, 1542, 1143, 4797
0.000417848, 0.000200691, 0.000215527, 8.755e-05, 1559, 1155, 5289
0.000216293, 0.000100983, 0.000114279, 3.5414e-05, 1552, 1158, 2337
0.000330843, 0.000150001, 0.000179902, 7.8829e-05, 1542, 1137, 6027
0.000409784, 0.000183127, 0.000225339, 9.4982e-05, 1554, 1150, 4920
0.000573843, 0.000248865, 0.00032329, 0.000125097, 1557, 1162, 5412
0.000526142, 0.00017132, 0.000352223, 0.000143169, 1545, 1155, 6150
0.000449043, 0.000192473, 0.000255151, 0.000113864, 1545, 1148, 6765
0.000428235, 0.000188952, 0.000237855, 0.000104575, 1556, 1154, 3198
0.000221719, 0.000111289, 0.000109032, 2.8247e-05, 1551, 1148, 1476
0.000548004, 0.000323318, 0.000222733, 4.9999e-05, 1549, 1155, 1599
0.000484658, 0.000263613, 0.00021914, 5.3297e-05, 1551, 1159, 1599
0.000219979, 0.000111303, 0.000107673, 3.5467e-05, 1541, 1147, 1845
0.000220551, 0.000119937, 9.9637e-05, 2.5387e-05, 1560, 1162, 1230
0.000385833, 0.000204537, 0.00017938, 5.598e-05, 1557, 1159, 2460
0.000245265, 0.000129831, 0.00011429, 3.1297e-05, 1552, 1155, 1599
0.000314732, 0.000153797, 0.000159931, 5.1972e-05, 1528, 1134, 2214
0.000342403, 0.000180838, 0.000160238, 3.6612e-05, 1543, 1142, 1476
0.00030949, 0.000171299, 0.000137172, 3.4374e-05, 1539, 1141, 1476
0.000338101, 0.000188916, 0.000147295, 3.5925e-05, 1560, 1156, 1353
0.000355148, 0.000195737, 0.000158003, 2.3398e-05, 1552, 1156, 738
0.000198004, 0.000113324, 8.3012e-05, 1.6623e-05, 1532, 1137, 861
0.000201768, 0.000107838, 9.2436e-05, 2.313e-05, 1553, 1157, 1353
0.0002884, 0.000182345, 0.000104306, 1.3473e-05, 1559, 1159, 369
0.000255073, 0.00015359, 0.000100458, 9.621e-06, 1541, 1144, 369
0.000431981, 0.000305555, 0.000125119, 9.577e-06, 1544, 1148, 246
0.000401439, 0.000246477, 0.000153632, 1.662e-05, 1544, 1154, 492
0.000267741, 0.000164002, 0.000102302, 1.3448e-05, 1548, 1150, 492
0.000418671, 0.000259441, 0.000156857, 2.3991e-05, 1542, 1151, 615
0.000226022, 0.000143044, 8.1862e-05, 1.8387e-05, 1560, 1168, 984
0.000192243, 0.000103977, 8.7473e-05, 2.1995e-05, 1564, 1162, 1353
0.000188534, 0.000103401, 8.4295e-05, 1.8909e-05, 1555, 1162, 1230
0.000278581, 0.000147788, 0.000128421, 3.2007e-05, 1564, 1159, 1599
0.000204745, 0.000107075, 9.6875e-05, 2.538e-05, 1546, 1148, 1722
0.00051981, 0.000291949, 0.000226268, 6.0354e-05, 1571, 1169, 2091
0.000341856, 0.000171041, 0.000169732, 4.2887e-05, 1562, 1163, 1599
0.000417341, 0.000229652, 0.000186096, 4.5224e-05, 1547, 1154, 1476
0.000217708, 0.000107901, 0.000108852, 3.7746e-05, 1551, 1147, 2583
0.00029112, 0.000166882, 0.000122892, 2.3217e-05, 1562, 1162, 861
0.00027426, 0.000159902, 0.000113408, 1.9845e-05, 1553, 1142, 861
0.000183656, 0.000105827, 7.6578e-05, 1.6222e-05, 1545, 1138, 861
0.000374465, 0.000269704, 0.000103323, 1.3428e-05, 1552, 1152, 615
0.00030531, 0.000181495, 0.000122306, 2.4224e-05, 1562, 1156, 861
0.000173847, 0.000104202, 6.8541e-05, 4.581e-06, 1568, 1160, 246
0.000301439, 0.000184706, 0.00011541, 1.9844e-05, 1559, 1160, 738
0.000271622, 0.000169544, 0.000100642, 1.1351e-05, 1569, 1168, 492
0.000246118, 0.000152728, 9.1534e-05, 9.931e-06, 1553, 1151, 369
0.000247062, 0.000154499, 9.1615e-05, 6.77e-06, 1536, 1135, 246
0.000174281, 9.4395e-05, 7.9026e-05, 2.1547e-05, 1539, 1139, 1476
0.000180105, 0.000105065, 7.4127e-05, 1.2117e-05, 1543, 1149, 861
0.000180983, 9.604e-05, 8.32e-05, 2.2667e-05, 1539, 1144, 1353
0.000199794, 0.000104536, 9.4456e-05, 3.0968e-05, 1563, 1160, 2214
0.000348762, 0.000200421, 0.000147041, 2.5541e-05, 1552, 1152, 861
0.000392747, 0.000232617, 0.000157728, 3.9968e-05, 1551, 1157, 1722
0.000285014, 0.000128362, 0.000155382, 6.3348e-05, 1538, 1141, 3198
0.000209608, 0.000100981, 0.000107511, 4.2619e-05, 1565, 1167, 3444
0.000414413, 0.000239948, 0.000172513, 3.3773e-05, 1553, 1162, 861
0.000238959, 0.000151749, 8.6307e-05, 1.0202e-05, 1540, 1146, 369
0.000236187, 0.000128824, 0.000106459, 2.3619e-05, 1559, 1165, 984
0.000371884, 0.000217421, 0.000151908, 3.1508e-05, 1550, 1157, 1107
0.00033503, 0.00019718, 0.000136646, 2.5106e-05, 1565, 1162, 984
0.00030984, 0.000152668, 0.000155575, 5.9613e-05, 1554, 1165, 4305
0.000391169, 0.000201469, 0.000188232, 5.3132e-05, 1550, 1158, 2952
0.000252726, 0.000128516, 0.000123201, 4.2912e-05, 1546, 1147, 2091
0.000405503, 0.00020718, 0.000197088, 6.8325e-05, 1562, 1159, 3690
0.00046045, 0.000203057, 0.000255866, 0.000114983, 1557, 1170, 4674
0.000413463, 0.000205184, 0.000206357, 7.438e-05, 1561, 1157, 3690
0.00026506, 0.000126801, 0.000136778, 3.8443e-05, 1554, 1160, 2214
0.000365749, 0.000202977, 0.000161696, 3.8911e-05, 1558, 1160, 1722
0.000342637, 0.000202011, 0.000139488, 2.3396e-05, 1544, 1148, 738
0.000217747, 0.000128264, 8.7967e-05, 1.3093e-05, 1543, 1148, 492
0.000321508, 0.000205346, 0.000114843, 4.752e-06, 1553, 1156, 123
0.000191172, 0.000117535, 7.2703e-05, 3.618e-06, 1547, 1149, 123
0.000222411, 0.000147493, 7.4253e-05, 0, 1566, 1167, 0
0.00025115, 0.000164534, 8.5481e-05, 3.574e-06, 1563, 1168, 123
0.000310728, 0.000196959, 0.000112525, 9.276e-06, 1559, 1153, 246
0.00032581, 0.000198918, 0.000125598, 1.6672e-05, 1553, 1156, 492
0.000233866, 0.000147362, 8.5543e-05, 8.651e-06, 1543, 1153, 369
0.000220984, 0.000149254, 7.0366e-05, 0, 1575, 1164, 0
0.000300141, 0.000199352, 9.909e-05, 0, 1562, 1166, 0
0.000321526, 0.000214308, 0.000105456, 0, 1563, 1168, 0
0.000222156, 0.000143928, 7.6985e-05, 3.518e-06, 1546, 1152, 123
0.000204595, 0.000131552, 7.1409e-05, 3.721e-06, 1548, 1154, 123
0.000152757, 9.6628e-05, 5.5275e-05, 2.525e-06, 1548, 1155, 123
0.000211334, 0.000130868, 7.957e-05, 3.028e-06, 1552, 1155, 123
0.000217868, 0.000136973, 8.0331e-05, 3.363e-06, 1546, 1146, 123
0.000325724, 0.000197362, 0.000126957, 1.9687e-05, 1557, 1161, 738
0.000226173, 0.000128861, 9.6534e-05, 1.529e-05, 1563, 1170, 615
0.000234607, 0.000124717, 0.000108967, 2.4572e-05, 1545, 1153, 1353
0.000234182, 0.000125567, 0.000107905, 2.1987e-05, 1543, 1145, 1353
0.00025864, 0.000130076, 0.000127702, 3.5032e-05, 1569, 1154, 1722
0.000392269, 0.000211929, 0.000179032, 4.8796e-05, 1545, 1156, 1968
0.000214089, 0.00012018, 9.2617e-05, 2.1281e-05, 1549, 1154, 1230
0.000254089, 0.00014136, 0.000111738, 1.9901e-05, 1567, 1172, 738
0.000170476, 9.3022e-05, 7.6307e-05, 1.4831e-05, 1559, 1157, 1107
0.000369722, 0.000210079, 0.000158201, 2.9749e-05, 1561, 1167, 738
0.000260937, 0.000130018, 0.000129971, 2.6023e-05, 1559, 1160, 984
0.000352868, 0.000201526, 0.000149697, 2.2125e-05, 1550, 1147, 615
0.000152721, 9.2037e-05, 6.006e-05, 2.416e-06, 1544, 1155, 123
0.000234074, 0.000133446, 9.9384e-05, 1.1393e-05, 1548, 1146, 492
0.000337845, 0.000199912, 0.000137024, 2.3136e-05, 1562, 1171, 615
0.000260937, 0.000161535, 9.843e-05, 1.7305e-05, 1553, 1157, 492
0.000227014, 0.000149636, 7.6405e-05, 0, 1571, 1168, 0
0.000288287, 0.000187229, 9.9606e-05, 7.048e-06, 1560, 1162, 246
0.000227475, 0.000140663, 8.5244e-05, 3.894e-06, 1549, 1152, 123
0.000254615, 0.000163354, 9.0299e-05, 7.475e-06, 1544, 1157, 246
0.000246882, 0.000160546, 8.5189e-05, 6.146e-06, 1548, 1149, 246
0.000140789, 9.0738e-05, 4.835e-05, 0, 1552, 1159, 0
0.00020735, 0.000129862, 7.6262e-05, 0, 1541, 1146, 0
0.000352991, 0.000211228, 0.000139481, 1.9233e-05, 1567, 1178, 615
0.000327252, 0.000199672, 0.000126351, 1.8268e-05, 1540, 1141, 492
0.000330771, 0.000201342, 0.000128131, 1.2924e-05, 1534, 1141, 369
0.000205932, 0.000126318, 7.8371e-05, 7.002e-06, 1555, 1154, 246
0.000309452, 0.000200019, 0.000108022, 5.506e-06, 1574, 1171, 123
0.000160827, 9.725e-05, 6.2499e-05, 5.621e-06, 1548, 1152, 246
0.000210412, 0.000141197, 6.8504e-05, 2.865e-06, 1549, 1148, 123
0.000257486, 0.000161588, 9.5078e-05, 8.144e-06, 1559, 1163, 246
0.000311916, 0.000202786, 0.000107217, 0, 1549, 1153, 0
0.000336615, 0.000204111, 0.000130879, 1.3741e-05, 1560, 1158, 369
0.000352639, 0.00022841, 0.000123112, 1.0834e-05, 1546, 1142, 246
0.000323671, 0.000203467, 0.000118537, 9.452e-06, 1546, 1151, 246
0.0002379, 0.000155051, 8.1521e-05, 3.573e-06, 1542, 1146, 123
0.000352956, 0.000218481, 0.000133334, 1.8793e-05, 1555, 1151, 492
0.000241414, 0.000152427, 8.8209e-05, 6.601e-06, 1547, 1161, 246
0.000323076, 0.000211094, 0.000111181, 4.579e-06, 1565, 1164, 123
0.000222405, 0.00013617, 8.5137e-05, 6.621e-06, 1557, 1165, 246
0.000317834, 0.000214707, 0.000101438, 0, 1553, 1157, 0
0.000194597, 0.000126971, 6.6358e-05, 0, 1544, 1150, 0
0.000215985, 0.000138202, 7.7056e-05, 0, 1563, 1168, 0
0.000301153, 0.000194657, 0.000105455, 4.436e-06, 1555, 1153, 123
0.000161487, 0.000104959, 5.5604e-05, 5.411e-06, 1557, 1162, 246
0.000222837, 0.000141777, 7.9797e-05, 3.596e-06, 1543, 1144, 123
0.000197298, 0.000124198, 7.2246e-05, 3.868e-06, 1551, 1152, 123
0.000203885, 0.000128574, 7.4108e-05, 3.239e-06, 1534, 1144, 123
0.000218655, 0.000132951, 8.4551e-05, 7.55e-06, 1544, 1148, 246
0.000358743, 0.000219162, 0.000138093, 2.3697e-05, 1561, 1156, 861
0.000240638, 0.000143807, 9.5441e-05, 1.7343e-05, 1557, 1153, 861
0.000342347, 0.000203, 0.000138567, 1.9834e-05, 1559, 1158, 615
0.000231975, 0.000133869, 9.7024e-05, 1.5493e-05, 1539, 1145, 615
0.000156748, 9.3166e-05, 6.2692e-05, 5.277e-06, 1574, 1177, 369
0.000378452, 0.000231614, 0.000143345, 2.4035e-05, 1566, 1150, 738
0.000242669, 0.00013168, 0.000109594, 2.4059e-05, 1565, 1161, 984
0.000221833, 0.000125598, 9.519e-05, 1.5012e-05, 1550, 1140, 615
0.000231019, 0.000136006, 9.3987e-05, 1.5283e-05, 1547, 1151, 615
0.00015755, 9.5258e-05, 6.1721e-05, 4.572e-06, 1564, 1163, 246
0.000173644, 0.000108948, 6.3765e-05, 5.321e-06, 1564, 1156, 246
0.000417159, 0.000259405, 0.000155055, 1.4787e-05, 1544, 1139, 369
0.000362296, 0.000214745, 0.000145446, 8.443e-06, 1558, 1159, 246
0.000298597, 0.000192793, 0.00010404, 4.602e-06, 1544, 1144, 123
0.000194425, 0.000123182, 6.9669e-05, 0, 1532, 1125, 0
0.000209031, 0.000126309, 8.1514e-05, 6.421e-06, 1550, 1151, 246
0.000204849, 0.000125121, 7.8743e-05, 5.633e-06, 1545, 1146, 246
0.000260618, 0.000164765, 9.3832e-05, 6.88e-06, 1560, 1157, 246
0.000224241, 0.000131193, 9.2344e-05, 1.502e-05, 1559, 1154, 615
0.000353338, 0.00023247, 0.000119514, 4.667e-06, 1544, 1146, 123
0.000277914, 0.000169236, 0.000107379, 1.2578e-05, 1556, 1159, 369
0.00022894, 0.000144102, 8.3921e-05, 6.234e-06, 1571, 1171, 246
0.00021228, 0.000126539, 8.4554e-05, 9.915e-06, 1545, 1148, 369
0.000501763, 0.00032809, 0.000171111, 0, 1540, 1141, 0
0.00023265, 0.000150335, 8.155e-05, 3.468e-06, 1565, 1156, 123
0.000406525, 0.000253922, 0.000150261, 1.6142e-05, 1562, 1167, 246
0.000236617, 0.000155875, 7.9245e-05, 3.893e-06, 1555, 1149, 123
0.000322902, 0.000200449, 0.000120691, 1.3099e-05, 1545, 1144, 369
0.000233628, 0.000150609, 8.1923e-05, 7.032e-06, 1537, 1140, 369
0.000235381, 0.000150017, 8.4155e-05, 5.265e-06, 1555, 1164, 246
0.000187864, 0.000122019, 6.4952e-05, 1.3427e-05, 1567, 1170, 861
0.000172611, 0.000104178, 6.7405e-05, 8.065e-06, 1551, 1159, 369
0.000341889, 0.000213799, 0.000126373, 1.1274e-05, 1554, 1160, 369
0.000327813, 0.000200262, 0.00012628, 1.5467e-05, 1538, 1139, 615
0.000340759, 0.000212218, 0.000126349, 1.3654e-05, 1556, 1157, 369
0.000366081, 0.000225881, 0.000138388, 1.512e-05, 1557, 1162, 492
0.000249549, 0.000147725, 0.000100846, 1.5424e-05, 1563, 1163, 738
0.000430265, 0.000213394, 0.000214217, 1.1787e-05, 1553, 1154, 369
0.000239486, 0.000131331, 0.000107244, 1.5651e-05, 1550, 1156, 492
0.0002199, 0.000122055, 9.6949e-05, 1.9776e-05, 1561, 1159, 738
0.000454937, 0.000272077, 0.000181219, 2.0778e-05, 1544, 1148, 492
0.000426634, 0.000284499, 0.000139896, 9.7e-06, 1555, 1159, 246
0.000225709, 0.000126099, 9.8119e-05, 2.1539e-05, 1546, 1149, 861
0.000244584, 0.000147993, 9.5535e-05, 1.2728e-05, 1570, 1162, 861
0.000175574, 9.1065e-05, 8.3403e-05, 2.2983e-05, 1550, 1146, 1722
0.00029775, 0.000177648, 0.000118829, 2.6538e-05, 1560, 1171, 1107
0.000338308, 0.000135905, 0.000201305, 5.6385e-05, 1553, 1153, 4182
0.000235106, 0.000106363, 0.000127548, 3.687e-05, 1562, 1159, 2706
0.000263387, 0.000133303, 0.000128823, 2.6863e-05, 1550, 1158, 1353
0.000176066, 9.7879e-05, 7.7131e-05, 1.1976e-05, 1563, 1157, 861
0.000250105, 0.000137934, 0.000111044, 1.1416e-05, 1554, 1161, 492
0.000393695, 0.000221141, 0.000170574, 1.0997e-05, 1565, 1160, 246
0.000280812, 0.000174219, 0.000105649, 7.819e-06, 1546, 1149, 246
0.00032287, 0.00019576, 0.000126069, 1.4035e-05, 1561, 1171, 492
0.000412254, 0.000210698, 0.000200031, 7.945e-06, 1564, 1171, 246
0.000463869, 0.000247117, 0.000214813, 6.1107e-05, 1553, 1161, 492
0.000321942, 0.00020441, 0.00011651, 1.1395e-05, 1550, 1145, 369
0.00025881, 0.000156536, 9.939e-05, 3.667e-06, 1566, 1160, 123
0.000325791, 0.000200205, 0.000124059, 4.818e-06, 1552, 1153, 123
0.000326478, 0.000216438, 0.000108372, 4.745e-06, 1544, 1152, 123
0.000197421, 0.000125449, 7.0866e-05, 3.24e-06, 1550, 1146, 123
0.000391486, 0.000266873, 0.000123257, 7.744e-06, 1565, 1162, 246
0.000235501, 0.000128962, 0.000105651, 0, 1568, 1166, 0
0.000207167, 0.000138201, 6.7403e-05, 0, 1534, 1135, 0
0.000310932, 0.000195193, 0.000114142, 7.408e-06, 1553, 1154, 246
0.000357742, 0.000228097, 0.000127363, 0, 1549, 1153, 0
0.00036935, 0.000230941, 0.000136326, 1.0739e-05, 1538, 1143, 246
0.000306996, 0.000200187, 0.000105042, 4.967e-06, 1551, 1156, 123
0.000216459, 0.00013186, 8.3719e-05, 1.0061e-05, 1560, 1161, 369
0.000316873, 0.000202549, 0.00011288, 1.1084e-05, 1539, 1138, 369
0.000240144, 0.000158094, 8.0416e-05, 7.114e-06, 1535, 1141, 246
0.000319112, 0.000202268, 0.00011533, 1.1768e-05, 1574, 1170, 369
0.000229745, 0.000129065, 9.9537e-05, 1.0524e-05, 1552, 1158, 369
0.000348166, 0.000206537, 0.000140273, 2.1714e-05, 1541, 1148, 738
0.000245263, 0.000129665, 0.000114552, 2.8088e-05, 1560, 1155, 1476
0.000315119, 0.000126715, 0.000186998, 8.6999e-05, 1550, 1149, 5412
0.000185458, 8.6463e-05, 9.8213e-05, 3.5675e-05, 1547, 1151, 2952
0.000265155, 0.00012784, 0.000136075, 3.7855e-05, 1549, 1151, 1476
0.00035783, 0.000194621, 0.000161756, 3.0975e-05, 1554, 1155, 1107
0.000290985, 0.000149732, 0.000139969, 4.481e-05, 1556, 1161, 1107
0.000447046, 0.000297083, 0.000148761, 2.3353e-05, 1552, 1161, 738
0.000210668, 0.000119848, 8.9996e-05, 1.7091e-05, 1544, 1148, 738
0.000366746, 0.000201521, 0.000163553, 3.3499e-05, 1545, 1154, 1230
0.000336011, 0.000203676, 0.000130525, 1.9924e-05, 1545, 1148, 615
0.000225166, 0.000133225, 9.0808e-05, 1.0029e-05, 1555, 1161, 369
0.000361786, 0.000214191, 0.000145788, 1.6506e-05, 1556, 1161, 615
0.000211485, 0.000128857, 8.1783e-05, 9.554e-06, 1541, 1150, 369
0.000204091, 0.000149167, 5.4179e-05, 5.053e-06, 1548, 1153, 246
0.000251838, 0.000154087, 9.6555e-05, 1.2557e-05, 1551, 1157, 492
0.000142645, 9.4569e-05, 4.7063e-05, 0, 1555, 1154, 0
0.000222724, 0.000147913, 7.3376e-05, 0, 1566, 1169, 0
0.000310947, 0.000198671, 0.000110542, 3.496e-06, 1544, 1153, 123
0.000213775, 0.000128658, 8.3807e-05, 6.516e-06, 1549, 1155, 246
0.000215865, 0.000131859, 8.307e-05, 1.1379e-05, 1553, 1153, 492
0.00038976, 0.000200005, 0.000188345, 6.0271e-05, 1552, 1155, 615
0.000266183, 0.000145931, 0.000119191, 2.5893e-05, 1550, 1150, 1107
0.00045594, 0.000239514, 0.000214583, 3.1217e-05, 1559, 1160, 1230
0.000264658, 0.000131681, 0.000132044, 3.6967e-05, 1552, 1155, 1968
0.000433614, 0.000237719, 0.000193585, 4.4288e-05, 1564, 1166, 1968
0.000279723, 0.000132194, 0.000146137, 4.8864e-05, 1561, 1158, 3198
0.000397478, 0.000208427, 0.00018707, 4.7098e-05, 1540, 1147, 2091
0.000261766, 0.000137602, 0.000122944, 3.0216e-05, 1555, 1157, 1353
0.000380367, 0.000204583, 0.000173336, 4.1285e-05, 1559, 1159, 1230
0.000172952, 9.3588e-05, 7.8383e-05, 1.7911e-05, 1563, 1164, 1107
0.000190887, 0.000105241, 8.4459e-05, 2.1214e-05, 1542, 1148, 1476
0.000243418, 0.000131414, 0.000110246, 2.3935e-05, 1560, 1164, 1230
0.000193745, 0.000117112, 7.5452e-05, 1.5348e-05, 1544, 1150, 984
0.000277917, 0.000184601, 9.2189e-05, 1.3995e-05, 1558, 1160, 738
0.000246954, 0.000140237, 0.000105372, 1.9897e-05, 1557, 1161, 861
0.000223224, 0.000132032, 8.9965e-05, 9.822e-06, 1543, 1150, 369
0.000355477, 0.000214655, 0.000138661, 0, 1549, 1155, 0
0.000266494, 0.000165821, 9.9324e-05, 9.915e-06, 1557, 1158, 492
0.000243947, 0.000150167, 9.2842e-05, 1.4993e-05, 1558, 1159, 615
0.000353211, 0.000222908, 0.000127731, 3.739e-06, 1556, 1155, 123
0.000222495, 0.000127858, 9.365e-05, 1.7653e-05, 1545, 1149, 246
0.000217088, 0.000140428, 7.5532e-05, 0, 1555, 1148, 0
0.000238333, 0.000162006, 7.4886e-05, 0, 1552, 1152, 0
0.000192628, 0.00012302, 6.8128e-05, 3.95e-06, 1553, 1148, 123
0.000222333, 0.000146492, 7.4855e-05, 3.566e-06, 1566, 1167, 123
0.000328431, 0.000201088, 0.000125472, 0, 1556, 1159, 0
0.000121081, 7.9447e-05, 4.1053e-05, 2.01e-06, 1549, 1144, 123
0.000308934, 0.00019441, 0.00011302, 8.85e-06, 1557, 1164, 246
0.000322447, 0.000199787, 0.000120937, 7.771e-06, 1560, 1159, 246
0.000308031, 0.000202649, 0.000103754, 0, 1556, 1156, 0
0.000283714, 0.000210422, 7.1669e-05, 0, 1564, 1165, 0
0.000344315, 0.00022001, 0.000122885, 1.0028e-05, 1554, 1160, 123
0.000312843, 0.000198384, 0.000112959, 4.946e-06, 1553, 1154, 123
0.000340083, 0.000229591, 0.000109138, 4.016e-06, 1536, 1140, 123
0.00019732, 0.000127501, 6.8427e-05, 0, 1569, 1160, 0
0.000232354, 0.000154418, 7.7129e-05, 4.085e-06, 1532, 1134, 123
0.000209435, 0.000137791, 6.8394e-05, 0, 1543, 1144, 0
0.000318236, 0.000205985, 0.00010943, 0, 1551, 1150, 0
0.00035702, 0.000278816, 7.6943e-05, 2.85e-06, 1548, 1148, 123
0.000229529, 0.000154148, 7.4455e-05, 0, 1566, 1173, 0
0.000243779, 0.000150163, 9.2261e-05, 3.226e-06, 1548, 1145, 123
0.000234231, 0.000148638, 8.4182e-05, 6.51e-06, 1543, 1146, 246
0.000345875, 0.000212114, 0.000131771, 1.0197e-05, 1553, 1160, 369
0.000332076, 0.000207343, 0.000123669, 1.1371e-05, 1543, 1148, 369
0.000307061, 0.000196656, 0.000109497, 4.505e-06, 1537, 1140, 123
0.000397322, 0.000243619, 0.000151138, 4.774e-06, 1547, 1159, 123
0.000305643, 0.000198017, 0.000106416, 8.165e-06, 1543, 1144, 246
0.000312102, 0.000203307, 0.000107003, 0, 1535, 1140, 0
0.000330143, 0.000206262, 0.000122179, 3.841e-06, 1555, 1161, 123
0.000200309, 0.000132954, 6.5868e-05, 0, 1556, 1149, 0
0.000220894, 0.000147905, 7.1996e-05, 0, 1549, 1147, 0
0.000318034, 0.000207717, 0.000108972, 4.745e-06, 1540, 1147, 123
0.000216225, 0.000142056, 7.0273e-05, 0, 1543, 1146, 0
0.000203574, 0.000124549, 7.8032e-05, 6.525e-06, 1564, 1167, 246
0.000293623, 0.000195904, 9.6412e-05, 0, 1541, 1143, 0
0.000222579, 0.00014074, 8.0394e-05, 0, 1547, 1146, 0
0.000201886, 0.000130142, 7.0812e-05, 0, 1566, 1171, 0
0.000233066, 0.000148095, 8.425e-05, 3.475e-06, 1550, 1156, 123
0.000339515, 0.000217706, 0.000120533, 1.0952e-05, 1558, 1156, 369
0.000222721, 0.000132026, 8.9856e-05, 5.457e-06, 1544, 1142, 246
0.000470622, 0.000215863, 0.000252997, 3.3077e-05, 1567, 1162, 1599
0.000412771, 0.00020486, 0.000206134, 2.9192e-05, 1550, 1153, 1107
0.000410946, 0.000206057, 0.000203564, 2.3923e-05, 1550, 1151, 984
0.00030273, 0.000134417, 0.000166982, 3.7308e-05, 1545, 1147, 2460
0.000353092, 0.000144526, 0.000207169, 6.5419e-05, 1546, 1141, 3198
0.000282266, 0.000135896, 0.00014553, 3.0714e-05, 1545, 1143, 1476
0.000401445, 0.000205377, 0.000194373, 4.0461e-05, 1556, 1148, 1968
0.000267365, 0.000129301, 0.000137106, 3.6853e-05, 1551, 1144, 2214
0.000414212, 0.00020487, 0.000208098, 5.1975e-05, 1553, 1152, 1722
0.000361677, 0.000214741, 0.000144727, 2.0338e-05, 1549, 1152, 984
0.000182935, 9.4555e-05, 8.6914e-05, 2.1346e-05, 1552, 1154, 1353
0.000351135, 0.000201873, 0.000147525, 0, 1558, 1146, 0
0.000350867, 0.000203322, 0.00014633, 2.3201e-05, 1547, 1142, 492
0.000215208, 0.000124974, 8.9618e-05, 1.0481e-05, 1549, 1147, 369
0.000384089, 0.000239577, 0.000142676, 1.0191e-05, 1548, 1148, 246
0.000225238, 0.000137186, 8.6859e-05, 9.33e-06, 1536, 1138, 369
0.000232541, 0.000152339, 7.939e-05, 0, 1552, 1144, 0
0.000191305, 0.000121557, 6.8988e-05, 2.527e-06, 1539, 1140, 123
0.000333639, 0.000207341, 0.000124803, 8.477e-06, 1556, 1155, 246
0.000324693, 0.000197883, 0.000125193, 2.0198e-05, 1553, 1155, 369
0.000338272, 0.000209784, 0.000125946, 0, 1541, 1138, 0
0.000215941, 0.000132542, 8.2445e-05, 3.738e-06, 1570, 1162, 123
0.000303505, 0.000199258, 0.000103019, 0, 1546, 1146, 0
0.000296706, 0.000210593, 8.4269e-05, 0, 1549, 1144, 0
0.000293026, 0.000203148, 8.8223e-05, 8.679e-06, 1558, 1151, 123
0.000212852, 0.000135177, 7.6365e-05, 0, 1561, 1161, 0
0.000313561, 0.000202818, 0.000108269, 0, 1543, 1153, 0
0.000317949, 0.000205425, 0.000110763, 0, 1551, 1146, 0
0.000147364, 9.64e-05, 5.0045e-05, 0, 1535, 1137, 0
0.000221976, 0.000164489, 5.6302e-05, 2.416e-06, 1555, 1157, 123
0.000324061, 0.000199905, 0.000122424, 8.72e-06, 1545, 1143, 246
0.000352851, 0.000228204, 0.000123404, 5.029e-06, 1545, 1155, 123
0.000314659, 0.00019883, 0.000114731, 4.662e-06, 1552, 1148, 123
0.000295323, 0.000204654, 8.9307e-05, 8.896e-06, 1533, 1141, 369
0.000377326, 0.000242307, 0.000133611, 9.45e-06, 1575, 1161, 246
0.000365433, 0.000233891, 0.000129185, 1.0609e-05, 1557, 1157, 492
0.000324467, 0.000201689, 0.000121451, 4.264e-06, 1547, 1153, 123
0.000245096, 0.0001543, 8.8997e-05, 1.0622e-05, 1563, 1159, 492
0.000244719, 0.000154052, 8.98e-05, 0, 1558, 1149, 0
0.000372632, 0.000238337, 0.000133004, 0, 1551, 1150, 0
0.000223851, 0.000133614, 8.8874e-05, 0, 1555, 1155, 0
0.000253578, 0.00015529, 9.7278e-05, 9.492e-06, 1544, 1148, 369
0.00027579, 0.000177943, 9.6791e-05, 9.224e-06, 1546, 1152, 369
0.000371774, 0.000238525, 0.000132268, 8.776e-06, 1562, 1160, 246
0.000350785, 0.000222016, 0.000127702, 4.991e-06, 1541, 1148, 123
0.000290737, 0.000193065, 9.6339e-05, 3.583e-06, 1573, 1182, 123
0.00035628, 0.000221512, 0.000133737, 9.798e-06, 1556, 1165, 369
0.000201881, 0.000135192, 6.5803e-05, 0, 1549, 1152, 0
0.000242591, 0.000154727, 8.705e-05, 4.019e-06, 1557, 1157, 123
0.000353384, 0.000208477, 0.000143172, 3.654e-06, 1544, 1155, 123
0.000333666, 0.000211005, 0.000121132, 9.56e-06, 1544, 1143, 246
0.000249799, 0.000153569, 9.4896e-05, 6.609e-06, 1560, 1156, 246
0.000207846, 0.000125075, 8.1848e-05, 3.596e-06, 1552, 1159, 123
0.000337989, 0.000220474, 0.000115325, 4.901e-06, 1561, 1166, 123
0.000334494, 0.000207688, 0.000125262, 3.528e-06, 1547, 1147, 123
0.000140568, 9.2936e-05, 4.7027e-05, 0, 1559, 1159, 0
0.00019103, 0.000117943, 7.2297e-05, 3.009e-06, 1549, 1151, 123
0.000306516, 0.000197319, 0.000107914, 0, 1562, 1156, 0
0.000313152, 0.000203421, 0.000107687, 0, 1554, 1161, 0
0.00023558, 0.0001525, 8.1892e-05, 0, 1559, 1168, 0
0.000321702, 0.00020927, 0.000110519, 0, 1557, 1152, 0
0.000157326, 9.9617e-05, 5.7021e-05, 4.279e-06, 1564, 1170, 246
0.000199606, 0.000127746, 7.0956e-05, 0, 1545, 1148, 0
0.000335114, 0.000202948, 0.000129955, 0, 1550, 1143, 0
0.000141373, 9.5091e-05, 4.53e-05, 0, 1574, 1175, 0
0.000317769, 0.000210735, 0.000104988, 5.086e-06, 1560, 1158, 123
0.000323399, 0.000209637, 0.00011187, 0, 1560, 1156, 0
0.000318028, 0.00021021, 0.000106109, 4.832e-06, 1541, 1154, 123
0.000200244, 0.000129124, 7.0108e-05, 0, 1573, 1161, 0
0.000206255, 0.000134795, 7.0116e-05, 0, 1563, 1157, 0
0.000337792, 0.000223804, 0.000111915, 0, 1552, 1150, 0
0.000337708, 0.000227297, 0.000108927, 0, 1548, 1157, 0
0.000311298, 0.000206657, 0.000102727, 4.251e-06, 1555, 1153, 123
0.000337283, 0.000227672, 0.000106975, 0, 1557, 1148, 0
0.00037029, 0.000252657, 0.000115804, 0, 1569, 1164, 0
0.000305077, 0.000192612, 0.000110494, 0, 1554, 1144, 0
0.000204936, 0.000129452, 7.4051e-05, 0, 1527, 1132, 0
0.000203735, 0.000132896, 6.9761e-05, 0, 1544, 1149, 0
0.00030212, 0.000194966, 0.000105586, 0, 1555, 1146, 0
0.000340543, 0.000233839, 0.000104816, 0, 1538, 1141, 0
0.000232108, 0.000139166, 9.089e-05, 4.468e-06, 1545, 1143, 123
0.000217246, 0.000128751, 8.7254e-05, 3.964e-06, 1547, 1151, 123
0.000340426, 0.000213835, 0.000124773, 8.17e-06, 1556, 1149, 246
0.000212313, 0.00012622, 8.4921e-05, 5.96e-06, 1557, 1151, 246
0.000344663, 0.000215099, 0.000128402, 8.752e-06, 1569, 1169, 246
0.000327209, 0.000214154, 0.000111582, 0, 1547, 1156, 0
0.000413045, 0.000275352, 0.000136256, 6.441e-06, 1552, 1158, 123
0.00020454, 0.00013227, 7.1351e-05, 0, 1545, 1144, 0
0.000307475, 0.000193455, 0.000112644, 5.121e-06, 1532, 1140, 123
0.00019726, 0.000125239, 7.0624e-05, 0, 1561, 1157, 0
0.000241718, 0.000146012, 9.4388e-05, 9.946e-06, 1545, 1152, 492
0.000346362, 0.000222421, 0.000122504, 4.254e-06, 1539, 1137, 123
0.000333694, 0.000224834, 0.000107778, 8.286e-06, 1548, 1149, 369
0.000329478, 0.000204288, 0.00012327, 8.013e-06, 1556, 1161, 246
0.000244505, 0.000157027, 8.6628e-05, 5.163e-06, 1562, 1160, 246
0.000212666, 0.000134352, 7.7148e-05, 3.407e-06, 1564, 1155, 123
0.000212073, 0.000132521, 7.8969e-05, 6.746e-06, 1550, 1152, 246
0.000377157, 0.000251572, 0.000124232, 9.293e-06, 1535, 1136, 246
0.000323939, 0.000203754, 0.000118215, 5.233e-06, 1562, 1157, 123
0.000339093, 0.000205153, 0.000132546, 4.711e-06, 1539, 1141, 123
0.000331941, 0.00025095, 7.8963e-05, 0, 1564, 1166, 0
0.000352115, 0.000211447, 0.000138961, 0, 1564, 1168, 0
0.000220795, 0.000146203, 7.307e-05, 3.216e-06, 1546, 1141, 123
0.000352254, 0.000234917, 0.000115722, 5.89e-06, 1562, 1170, 123
0.000323007, 0.000200233, 0.000121095, 0, 1546, 1146, 0
0.000477479, 0.000337318, 0.000138606, 1.225e-05, 1552, 1150, 246
0.000221298, 0.000136532, 8.2838e-05, 7.39e-06, 1570, 1174, 246
0.000254198, 0.000170646, 8.2727e-05, 5.67e-06, 1565, 1163, 246
0.000313313, 0.000196669, 0.000115342, 9.032e-06, 1559, 1157, 246
0.000267778, 0.000162618, 0.000103183, 1.615e-05, 1545, 1146, 615
0.00022949, 0.000131122, 9.7298e-05, 4.012e-06, 1555, 1152, 123
0.000318793, 0.000201209, 0.000115298, 0, 1541, 1137, 0
0.000217269, 0.000144238, 7.2286e-05, 0, 1544, 1145, 0
0.000237526, 0.000154426, 8.1093e-05, 0, 1548, 1158, 0
0.000340432, 0.000222248, 0.000116846, 0, 1568, 1159, 0
0.000318689, 0.000210899, 0.000105598, 5.016e-06, 1556, 1160, 123
0.000321486, 0.000221811, 9.7261e-05, 0, 1554, 1160, 0
0.000354059, 0.000208129, 0.000144295, 0, 1545, 1153, 0
0.000339683, 0.000230665, 0.000106779, 0, 1565, 1170, 0
0.000320832, 0.000204234, 0.000114427, 0, 1544, 1146, 0
0.000231572, 0.000149006, 7.2727e-05, 0, 1554, 1153, 0
0.000264038, 0.000166687, 9.6261e-05, 0, 1552, 1162, 0
0.000307969, 0.000200867, 0.00010567, 4.126e-06, 1542, 1142, 123
0.000219619, 0.000134691, 8.4011e-05, 0, 1563, 1166, 0
0.00021996, 0.00013585, 8.2604e-05, 4.587e-06, 1542, 1155, 123
0.00032806, 0.000223326, 0.00010338, 0, 1550, 1152, 0
0.000337746, 0.000212228, 0.000124221, 5.075e-06, 1564, 1168, 123
0.000146436, 9.2387e-05, 5.3302e-05, 4.586e-06, 1549, 1160, 246
0.000221982, 0.00013366, 8.7034e-05, 3.723e-06, 1558, 1170, 123
0.000350518, 0.000219357, 0.000129819, 1.4751e-05, 1566, 1165, 492
0.000164998, 0.000110398, 5.3537e-05, 2.285e-06, 1553, 1169, 123
0.00020469, 0.000129719, 7.3961e-05, 0, 1560, 1161, 0
0.000323985, 0.000208902, 0.000113285, 8.066e-06, 1554, 1165, 246
0.000206203, 0.000131406, 7.1396e-05, 0, 1555, 1162, 0
0.000356416, 0.000235592, 0.000119281, 9.647e-06, 1556, 1159, 369
0.00029079, 0.000216695, 7.2426e-05, 0, 1552, 1156, 0
0.000352344, 0.00023448, 0.000116836, 8.69e-06, 1544, 1151, 246
0.00021912, 0.000138029, 7.977e-05, 0, 1557, 1164, 0
0.000210088, 0.0001262, 8.1891e-05, 0, 1542, 1148, 0
0.000263147, 0.00018353, 7.8335e-05, 3.341e-06, 1572, 1178, 123
0.000316522, 0.000208668, 0.000106204, 0, 1546, 1152, 0
0.00025465, 0.000161926, 9.145e-05, 0, 1553, 1155, 0
0.000213252, 0.000130014, 8.2249e-05, 3.812e-06, 1570, 1168, 123
0.000191341, 0.000119114, 7.156e-05, 1.25e-05, 1551, 1148, 861
0.000257603, 0.00014109, 0.00011554, 2.891e-05, 1553, 1152, 1353
0.000357165, 0.000204813, 0.000150663, 2.9093e-05, 1546, 1155, 1230
0.000282853, 0.000159024, 0.000122842, 2.8503e-05, 1530, 1141, 1230
0.000172272, 9.2351e-05, 7.8622e-05, 1.2683e-05, 1542, 1148, 738
0.000301237, 0.000155908, 0.000143917, 3.3631e-05, 1569, 1165, 1599
0.000386079, 0.000212528, 0.000171234, 4.1964e-05, 1536, 1141, 1722
0.00023768, 0.000129783, 0.000106448, 2.5444e-05, 1557, 1157, 1230
0.000319287, 0.000167062, 0.000151445, 3.2303e-05, 1550, 1158, 1599
0.000287372, 0.000156329, 0.000129593, 3.482e-05, 1538, 1143, 1845
0.000354502, 0.000214985, 0.000137703, 4.1989e-05, 1538, 1154, 2337
0.000384043, 0.000195451, 0.000187526, 5.6241e-05, 1547, 1150, 3198
0.000269894, 0.000133069, 0.00013592, 3.8088e-05, 1547, 1141, 1845
0.000273558, 0.000140081, 0.000132212, 3.5682e-05, 1553, 1156, 2214
0.000413341, 0.000232942, 0.00017907, 2.2372e-05, 1551, 1156, 738
0.000319545, 0.000204142, 0.000113966, 1.5979e-05, 1544, 1147, 738
0.000153275, 9.0393e-05, 6.207e-05, 5.139e-06, 1553, 1164, 246
0.000357819, 0.000220908, 0.000135367, 1.3306e-05, 1555, 1158, 492
0.000208451, 0.000132442, 7.4741e-05, 8.881e-06, 1544, 1154, 369
0.000203571, 0.000128816, 7.4085e-05, 0, 1542, 1143, 0
0.000222734, 0.000145481, 7.6252e-05, 3.93e-06, 1567, 1161, 123
0.000220746, 0.000137021, 8.2349e-05, 4.032e-06, 1549, 1155, 123
0.000224141, 0.000148086, 7.465e-05, 0, 1556, 1161, 0
0.000313016, 0.000201352, 0.000110021, 0, 1542, 1142, 0
0.000312107, 0.000199936, 0.000110238, 3.247e-06, 1537, 1141, 123
0.000213075, 0.000130971, 8.0403e-05, 3.863e-06, 1548, 1150, 123
0.000228944, 0.000135184, 9.2861e-05, 1.5521e-05, 1551, 1151, 1353
0.000212808, 0.000125707, 8.6267e-05, 5.435e-06, 1575, 1167, 246
0.000324876, 0.000199853, 0.000123357, 1.2031e-05, 1534, 1138, 369
0.000394946, 0.000204918, 0.000188308, 1.2706e-05, 1554, 1153, 492
0.000363674, 0.000221852, 0.000140017, 1.7771e-05, 1565, 1160, 861
0.000340633, 0.000202877, 0.000136096, 1.8096e-05, 1558, 1159, 738
0.000365005, 0.000202688, 0.000160842, 3.2057e-05, 1551, 1169, 1599
0.000166011, 9.4598e-05, 6.9994e-05, 1.085e-05, 1547, 1154, 738
0.000220982, 0.000128703, 9.1371e-05, 1.0279e-05, 1545, 1149, 369
0.000214348, 0.00012885, 8.4629e-05, 8.488e-06, 1552, 1152, 369
0.00022824, 0.000124088, 0.00010337, 1.5553e-05, 1552, 1148, 738
0.00033271, 0.000218155, 0.000113299, 4.315e-06, 1558, 1149, 123
0.000317865, 0.000207402, 0.000108867, 7.027e-06, 1552, 1138, 246
0.000282377, 0.000175333, 0.000105535, 6.162e-06, 1551, 1150, 246
0.000330159, 0.000217231, 0.000111374, 4.251e-06, 1548, 1147, 123
0.000292174, 0.00021576, 7.4129e-05, 0, 1551, 1152, 0
0.000310507, 0.000205907, 0.000103009, 0, 1555, 1148, 0
0.000310929, 0.000209957, 9.9182e-05, 0, 1551, 1159, 0
0.000141851, 9.4235e-05, 4.6945e-05, 0, 1543, 1142, 0
0.000373998, 0.000247716, 0.000125155, 5.189e-06, 1558, 1153, 123
0.000200214, 0.00013371, 6.5122e-05, 0, 1558, 1157, 0
0.000222902, 0.000147345, 7.4266e-05, 0, 1560, 1160, 0
0.000221051, 0.000124414, 9.5264e-05, 0, 1563, 1174, 0
0.000224459, 0.000151229, 7.0045e-05, 0, 1555, 1161, 0
0.000275351, 0.000202875, 7.1048e-05, 0, 1550, 1156, 0
0.000259281, 0.000156891, 0.000100774, 0, 1554, 1158, 0
0.000316964, 0.000238294, 7.7368e-05, 3.485e-06, 1549, 1154, 123
0.000202437, 0.00012721, 7.4318e-05, 3.276e-06, 1570, 1167, 123
0.000198728, 0.000126408, 7.14e-05, 0, 1565, 1159, 0
0.000233944, 0.000153449, 7.913e-05, 3.561e-06, 1565, 1166, 123
0.000270891, 0.000185112, 8.4486e-05, 3.619e-06, 1559, 1173, 123
0.000245989, 0.000173251, 7.1395e-05, 0, 1541, 1146, 0
0.000189789, 0.00013976, 4.8643e-05, 2.239e-06, 1540, 1148, 123
0.000138563, 9.2111e-05, 4.5652e-05, 0, 1548, 1152, 0
0.000237491, 0.000163553, 7.3072e-05, 0, 1565, 1161, 0
0.000161362, 0.000109558, 4.8471e-05, 0, 1552, 1157, 0
0.000353843, 0.000242041, 0.000110105, 4.692e-06, 1557, 1163, 123
0.000308654, 0.000202637, 0.000104837, 4.371e-06, 1548, 1144, 123
0.000227492, 0.000149998, 7.6256e-05, 3.286e-06, 1557, 1162, 123
0.000356184, 0.000271353, 8.3077e-05, 0, 1558, 1161, 0
0.000340698, 0.000214044, 0.000124644, 5.066e-06, 1550, 1152, 123
0.000310642, 0.000207674, 0.000101293, 0, 1533, 1143, 0
0.000232024, 0.000155854, 7.4901e-05, 0, 1562, 1167, 0
0.000201427, 0.000130708, 6.8592e-05, 0, 1562, 1166, 0
0.000387747, 0.000258958, 0.000127097, 5.679e-06, 1564, 1168, 123
0.000221524, 0.000144433, 7.6121e-05, 0, 1543, 1145, 0
0.000199921, 0.000133592, 6.4769e-05, 0, 1542, 1139, 0
0.000225651, 0.000150988, 7.3068e-05, 0, 1558, 1151, 0
0.000363275, 0.000245646, 0.000116036, 0, 1549, 1142, 0
0.000216933, 0.000145194, 7.0514e-05, 0, 1561, 1159, 0
0.000342703, 0.000251505, 8.9053e-05, 4.053e-06, 1553, 1144, 123
0.000337302, 0.000220637, 0.000114518, 3.959e-06, 1559, 1154, 123
0.000230113, 0.000149149, 7.9951e-05, 3.42e-06, 1575, 1171, 123
0.000438227, 0.000334872, 0.000101569, 1.2419e-05, 1562, 1159, 492
0.000302715, 0.000213948, 8.7295e-05, 6.568e-06, 1559, 1151, 246
0.00023936, 0.000154862, 8.3061e-05, 3.001e-06, 1555, 1155, 123
0.000162653, 0.000108269, 5.3106e-05, 2.464e-06, 1554, 1151, 123
0.00028208, 0.00019718, 8.3312e-05, 0, 1555, 1156, 0
0.000308493, 0.000205526, 0.000101837, 0, 1560, 1154, 0
0.000235506, 0.000158697, 7.5302e-05, 0, 1556, 1159, 0
0.00019736, 0.000125808, 6.9703e-05, 0, 1542, 1153, 0
0.000238027, 0.000162199, 7.5111e-05, 3.461e-06, 1559, 1159, 123
0.000328128, 0.000223552, 0.00010284, 0, 1545, 1148, 0
0.000239284, 0.000163543, 7.4292e-05, 0, 1530, 1135, 0
0.000206616, 0.000136323, 6.9603e-05, 0, 1549, 1147, 0
0.000222434, 0.000170823, 5.051e-05, 0, 1549, 1151, 0
0.000320226, 0.000214723, 0.000104113, 0, 1559, 1162, 0
0.000159626, 0.000103151, 5.5661e-05, 2.868e-06, 1534, 1138, 123
0.000288173, 0.000219037, 6.7633e-05, 0, 1536, 1142, 0
0.00014064, 9.227e-05, 4.7492e-05, 0, 1550, 1146, 0
0.000195536, 0.000145301, 4.8626e-05, 0, 1553, 1151, 0
0.000222344, 0.000150382, 7.0897e-05, 0, 1534, 1139, 0
0.00019257, 0.000123334, 6.7585e-05, 0, 1548, 1152, 0
0.000445902, 0.000320452, 0.000123384, 0, 1548, 1147, 0
0.000322772, 0.000200373, 0.00012058, 0, 1548, 1149, 0
0.000205358, 0.000134902, 6.897e-05, 0, 1554, 1162, 0
0.000373897, 0.000259789, 0.000112255, 0, 1529, 1135, 0
0.000303081, 0.000204134, 9.7675e-05, 0, 1561, 1153, 0
0.000204205, 0.0001548, 4.8278e-05, 0, 1547, 1147, 0
0.000317786, 0.00021858, 9.7585e-05, 9.216e-06, 1540, 1145, 369
0.000198972, 0.000132965, 6.4601e-05, 0, 1538, 1139, 0
0.000225972, 0.000149824, 7.4916e-05, 4.029e-06, 1549, 1150, 123
0.000269006, 0.000187519, 8.0108e-05, 3.945e-06, 1568, 1163, 123
0.000310676, 0.00019809, 0.000110744, 0, 1548, 1159, 0
0.000209105, 0.000140748, 6.7035e-05, 0, 1567, 1170, 0
0.000357078, 0.000254184, 0.000101262, 0, 1560, 1167, 0
0.000206358, 0.00013472, 7.0593e-05, 0, 1547, 1152, 0
0.000211927, 0.000136204, 7.4731e-05, 3.19e-06, 1544, 1144, 123
0.000351126, 0.000226771, 0.000123199, 4.793e-06, 1557, 1151, 123
0.000242607, 0.000146443, 9.5017e-05, 1.2668e-05, 1556, 1155, 492
0.000274369, 0.000196347, 7.7245e-05, 3.404e-06, 1556, 1155, 123
0.000218296, 0.000155215, 6.1579e-05, 7.714e-06, 1549, 1155, 492
0.000278399, 0.000178762, 9.811e-05, 1.0038e-05, 1554, 1156, 369
0.000351088, 0.000207687, 0.00014226, 2.4027e-05, 1562, 1166, 738
0.000373279, 0.000237242, 0.000134827, 5.488e-06, 1566, 1167, 123
0.000207064, 0.000131815, 7.3772e-05, 3.196e-06, 1550, 1149, 123
0.000199411, 0.000129525, 6.8675e-05, 2.753e-06, 1557, 1161, 123
0.000347926, 0.000227284, 0.000119323, 4.649e-06, 1572, 1167, 123
0.000349606, 0.000227554, 0.000120503, 7.408e-06, 1556, 1156, 246
0.00020149, 0.000132829, 6.7546e-05, 0, 1553, 1148, 0
0.000311034, 0.000204855, 0.000104115, 0, 1566, 1168, 0
0.000275103, 0.000187318, 8.6476e-05, 6.861e-06, 1544, 1143, 246
0.000308375, 0.00020391, 0.000102393, 0, 1544, 1146, 0
0.000197072, 0.000131801, 6.3971e-05, 5.579e-06, 1567, 1164, 246
0.00426789, 0.000435978, 0.00383073, 0.00234165, 3575, 2772, 185976
0.00185713, 0.000711619, 0.00114347, 0.000580742, 3577, 2784, 41451
0.00180346, 0.000702626, 0.00109926, 0.000465669, 3567, 2782, 24600
0.000833353, 0.000324974, 0.000507511, 0.000228904, 3554, 2765, 17958
0.00110289, 0.000449638, 0.000651724, 0.000306139, 3583, 2793, 18081
0.00100994, 0.000423553, 0.000585352, 0.000245496, 3590, 2780, 13653
0.00138939, 0.00068865, 0.000698751, 0.000245095, 3560, 2762, 10332
0.00131377, 0.000720073, 0.000591731, 0.000213095, 3566, 2774, 8979
0.00106005, 0.000584686, 0.000474273, 0.000153469, 3579, 2797, 7257
0.000845073, 0.000425911, 0.000417843, 0.000126438, 3596, 2791, 6519
0.000876224, 0.000551278, 0.000323827, 0.000113208, 3580, 2780, 7134
0.00149547, 0.000703418, 0.000790463, 0.00030984, 3574, 2786, 14391
0.00113147, 0.000643439, 0.000485926, 0.000172264, 3592, 2796, 9840
0.00131252, 0.000666715, 0.000644271, 0.000183787, 3568, 2765, 7872
0.00141208, 0.000721907, 0.000688672, 0.000212711, 3580, 2777, 8856
0.000799175, 0.000400053, 0.000397746, 0.000125431, 3578, 2781, 6273
0.000776273, 0.000438663, 0.000336412, 7.3053e-05, 3589, 2786, 3690
0.000975469, 0.000507527, 0.000466682, 0.00011239, 3602, 2807, 6273
0.0012591, 0.000720577, 0.000532711, 0.000122504, 3565, 2771, 3936
0.00119273, 0.000703045, 0.000488191, 8.0033e-05, 3578, 2781, 2952
0.00114104, 0.000642382, 0.000497346, 8.4081e-05, 3541, 2755, 3075
0.00111652, 0.000726183, 0.000388314, 6.1269e-05, 3577, 2781, 2091
0.000519768, 0.000306149, 0.000212743, 3.8852e-05, 3565, 2773, 2091
0.00110973, 0.000645631, 0.000462417, 6.4612e-05, 3593, 2795, 2091
0.000676063, 0.000406605, 0.000268602, 2.8024e-05, 3548, 2759, 984
0.000810487, 0.000478671, 0.00033038, 7.5358e-05, 3583, 2788, 3198
0.00111886, 0.000574863, 0.000542476, 0.000113377, 3573, 2775, 4182
0.000609441, 0.000306946, 0.000301489, 0.000110202, 3585, 2782, 7626
0.00117187, 0.000469712, 0.000700315, 0.00033983, 3559, 2770, 20418
0.000847935, 0.000311988, 0.000534647, 0.000274431, 3592, 2802, 22140
0.00133986, 0.000464687, 0.000873784, 0.000404901, 3562, 2772, 21525
0.00156166, 0.000714991, 0.000845216, 0.000426029, 3597, 2804, 25092
0.00120323, 0.000429944, 0.000772046, 0.000374446, 3586, 2799, 22386
0.00124722, 0.000603499, 0.000641861, 0.000235024, 3589, 2789, 11070
0.00108987, 0.000409444, 0.000679539, 0.000190502, 3572, 2776, 7749
0.0013212, 0.000701132, 0.000618494, 0.000247001, 3569, 2785, 11931
0.000967577, 0.000435682, 0.000530956, 0.000209981, 3590, 2797, 11562
0.000977981, 0.000469938, 0.000506855, 0.000194512, 3560, 2772, 12054
0.00121763, 0.000678564, 0.000536919, 0.000161107, 3559, 2761, 6765
0.00121513, 0.000681275, 0.000532403, 0.000164364, 3591, 2789, 7872
0.0008306, 0.000418344, 0.000410671, 0.0001198, 3570, 2771, 5412
0.00131292, 0.000680009, 0.000631123, 0.000150924, 3582, 2782, 5043
0.00126081, 0.000698869, 0.00055957, 0.000124622, 3546, 2752, 4797
0.00132136, 0.000666203, 0.000652552, 0.000124803, 3575, 2780, 3444
0.000809362, 0.000423542, 0.000385042, 9.7899e-05, 3590, 2794, 4182
0.0012805, 0.000738149, 0.000534759, 0.000110195, 3581, 2788, 4182
0.000748597, 0.000409968, 0.000337016, 7.9444e-05, 3576, 2761, 3444
0.00120121, 0.000679227, 0.000520502, 9.1848e-05, 3583, 2786, 3321
0.00109367, 0.000671352, 0.000420596, 0.00010702, 3580, 2778, 4797
0.00081387, 0.000402587, 0.000410255, 0.000129999, 3585, 2790, 7257
0.000803002, 0.000432412, 0.00036977, 8.9131e-05, 3587, 2788, 4428
0.00115585, 0.000652723, 0.000500521, 9.223e-05, 3557, 2762, 3567
0.00107077, 0.000668141, 0.000400553, 6.7623e-05, 3565, 2779, 3444
0.000835923, 0.000461631, 0.000372756, 7.7324e-05, 3597, 2797, 3075
0.00122452, 0.000674799, 0.000547493, 0.000103952, 3573, 2778, 3567
0.00114017, 0.000688675, 0.000449656, 6.2666e-05, 3575, 2785, 1968
0.000841387, 0.00048505, 0.000355339, 5.4446e-05, 3562, 2771, 2583
0.00158132, 0.000944712, 0.000633882, 4.883e-05, 3594, 2794, 1599
0.000511915, 0.00031267, 0.000198126, 2.4551e-05, 3579, 2787, 1476
0.00091396, 0.000568961, 0.000343054, 3.5568e-05, 3585, 2793, 1353
0.00111518, 0.000705299, 0.000407961, 1.9484e-05, 3587, 2780, 615
0.00112536, 0.000723237, 0.000400555, 2.1569e-05, 3568, 2776, 615
0.00104752, 0.000756343, 0.000289595, 2.3186e-05, 3588, 2797, 861
0.000984211, 0.00066707, 0.000315397, 1.1513e-05, 3594, 2801, 369
0.000764648, 0.0005083, 0.000255239, 1.1868e-05, 3570, 2772, 369
0.00102854, 0.000657461, 0.000369407, 2.3766e-05, 3552, 2754, 369
0.000662541, 0.000411944, 0.000249586, 1.2166e-05, 3554, 2759, 369
0.000681077, 0.000445739, 0.000232983, 7.043e-06, 3601, 2804, 246
0.000639054, 0.000402011, 0.00023592, 7.637e-06, 3589, 2791, 246
0.000955581, 0.000664111, 0.000289739, 1.3307e-05, 3555, 2760, 492
0.000716318, 0.000462192, 0.000253133, 2.2621e-05, 3554, 2773, 738
0.00101062, 0.000693089, 0.000316108, 2.0021e-05, 3580, 2785, 615
0.000992684, 0.000626382, 0.000364412, 3.4918e-05, 3582, 2787, 1107
0.000661531, 0.000411493, 0.000249065, 1.7085e-05, 3556, 2771, 615
0.00105903, 0.000643022, 0.000414021, 4.1915e-05, 3575, 2783, 1353
0.00100102, 0.000614291, 0.000385082, 3.2348e-05, 3557, 2767, 1230
0.000995384, 0.000601789, 0.000391657, 3.3831e-05, 3572, 2788, 1107
0.0010551, 0.000635013, 0.000418505, 5.0034e-05, 3567, 2772, 1599
0.00103324, 0.000619693, 0.000412028, 5.1299e-05, 3568, 2771, 1968
0.00107085, 0.000630511, 0.000438878, 7.2691e-05, 3547, 2766, 1845
0.00114135, 0.000657532, 0.000482231, 5.9597e-05, 3550, 2758, 2091
0.00103204, 0.000625504, 0.000405147, 3.9834e-05, 3591, 2788, 1353
0.00107127, 0.000647204, 0.000422109, 6.0503e-05, 3625, 2823, 1845
0.00114246, 0.000685987, 0.000454814, 5.3243e-05, 3569, 2785, 1722
0.00070782, 0.000406016, 0.000301148, 5.5146e-05, 3576, 2783, 2337
0.00104604, 0.000635776, 0.000408929, 4.2551e-05, 3575, 2784, 1599
0.00108763, 0.000619071, 0.000466643, 7.1138e-05, 3558, 2769, 2829
0.000678594, 0.000392336, 0.000285184, 4.6092e-05, 3556, 2766, 2091
0.00102181, 0.000614736, 0.000405503, 4.1042e-05, 3560, 2762, 1599
0.00109947, 0.000692893, 0.000405111, 5.4514e-05, 3569, 2779, 2091
0.000637616, 0.000392489, 0.000243971, 2.2607e-05, 3580, 2777, 861
0.000616062, 0.000371353, 0.000243274, 1.8352e-05, 3566, 2766, 738
0.000662388, 0.000390396, 0.000270779, 3.6282e-05, 3589, 2793, 1476
0.00120468, 0.000721473, 0.000481152, 7.0445e-05, 3576, 2782, 2214
0.000664373, 0.000380456, 0.000283138, 5.1358e-05, 3582, 2776, 3198
0.000826046, 0.000461478, 0.000363354, 6.5245e-05, 3548, 2759, 2706
0.00111452, 0.000666839, 0.000445597, 6.144e-05, 3561, 2762, 1722
0.00107045, 0.000740345, 0.000328387, 6.5484e-05, 3578, 2792, 2952
0.000833763, 0.000478085, 0.000354486, 5.9301e-05, 3589, 2796, 1845
0.000675944, 0.000398236, 0.000276682, 3.4237e-05, 3585, 2779, 1476
0.00114403, 0.000676829, 0.000465369, 8.2728e-05, 3576, 2768, 2337
0.00102098, 0.000619011, 0.000400709, 3.6991e-05, 3573, 2774, 1353
0.000712607, 0.000410478, 0.000301089, 4.2747e-05, 3577, 2784, 2460
0.000835919, 0.000405785, 0.000428736, 0.000117848, 3604, 2807, 6765
0.000801257, 0.000400965, 0.000399284, 0.000118873, 3554, 2762, 6150
0.00104678, 0.000624034, 0.000421064, 9.8182e-05, 3588, 2787, 4182
0.000748335, 0.000399465, 0.000348141, 8.511e-05, 3577, 2774, 4920
0.00101265, 0.000635537, 0.000375307, 7.008e-05, 3570, 2777, 3444
0.000908023, 0.000548764, 0.000358312, 6.5233e-05, 3561, 2755, 2460
0.000666492, 0.000409666, 0.000255818, 2.4523e-05, 3594, 2793, 861
0.00106531, 0.000771883, 0.000291996, 2.789e-05, 3579, 2780, 984
0.000985964, 0.000627034, 0.000357422, 3.9233e-05, 3576, 2774, 1107
0.000607659, 0.000376848, 0.000229731, 1.6671e-05, 3569, 2780, 738
0.000912739, 0.00062741, 0.000283891, 7.345e-06, 3574, 2765, 246
0.000949078, 0.00059921, 0.000348246, 1.344e-05, 3580, 2795, 369
0.000622139, 0.000392938, 0.000228409, 1.0147e-05, 3567, 2771, 369
0.000983277, 0.000652403, 0.000329447, 4.572e-06, 3556, 2773, 123
0.000969346, 0.000629391, 0.000338469, 8.21e-06, 3590, 2795, 246
0.000987727, 0.00061696, 0.000369293, 2.3075e-05, 3552, 2771, 615
0.000651125, 0.00041462, 0.000235695, 1.1743e-05, 3587, 2788, 369
0.000619949, 0.000389976, 0.000229098, 1.7406e-05, 3554, 2767, 615
0.000931441, 0.000634438, 0.000295722, 2.0696e-05, 3567, 2769, 738
0.00077492, 0.000486664, 0.000287393, 2.2886e-05, 3575, 2784, 861
0.00100857, 0.000665283, 0.000341161, 1.6639e-05, 3591, 2781, 492
0.000974607, 0.000632621, 0.000340749, 1.9436e-05, 3569, 2775, 615
0.000963839, 0.000596947, 0.000364605, 2.6202e-05, 3593, 2796, 984
0.000932532, 0.000595672, 0.000335634, 1.4487e-05, 3574, 2773, 492
0.000688481, 0.000441247, 0.000246279, 1.0218e-05, 3595, 2791, 369
0.000976289, 0.000622695, 0.000351193, 2.2024e-05, 3572, 2774, 738
0.000623889, 0.000403659, 0.000219546, 9.673e-06, 3581, 2777, 369
0.000670212, 0.000412615, 0.000256138, 0, 3572, 2768, 0
0.00103852, 0.000680716, 0.000355851, 4.391e-06, 3590, 2780, 123
0.000663435, 0.000426985, 0.000235012, 7.041e-06, 3562, 2767, 246
0.000642928, 0.000419329, 0.000222962, 1.0515e-05, 3587, 2792, 369
0.00070043, 0.00042354, 0.000274363, 1.0608e-05, 3571, 2785, 369
0.000933682, 0.000602125, 0.000330285, 4.298e-06, 3580, 2785, 123
0.00110588, 0.00075544, 0.00034879, 5.631e-06, 3593, 2796, 123
0.000995224, 0.000637029, 0.000355836, 2.5562e-05, 3587, 2786, 738
0.000889771, 0.000638985, 0.00024921, 7.939e-06, 3564, 2774, 246
0.000708492, 0.000460344, 0.000246937, 5.53e-06, 3563, 2767, 246
0.000588495, 0.000370696, 0.000217281, 9.898e-06, 3564, 2776, 369
0.000684708, 0.000440347, 0.000242913, 7.362e-06, 3574, 2781, 246
0.000977598, 0.000620216, 0.000355935, 1.9375e-05, 3591, 2790, 615
0.00044282, 0.000280366, 0.000161627, 1.5167e-05, 3585, 2787, 861
0.000951276, 0.000687359, 0.000262634, 2.0995e-05, 3578, 2792, 615
0.000660486, 0.000418948, 0.000240265, 2.4231e-05, 3560, 2762, 738
0.000745871, 0.000509978, 0.000234387, 1.3116e-05, 3555, 2762, 492
0.000691492, 0.000430546, 0.000259379, 1.8054e-05, 3584, 2790, 861
0.000962821, 0.000673406, 0.000287937, 1.0826e-05, 3580, 2768, 369
0.000470421, 0.000304148, 0.00016531, 7.771e-06, 3588, 2789, 369
0.00126994, 0.000829624, 0.0004366, 1.145e-05, 3587, 2784, 246
0.000819059, 0.000520147, 0.000297305, 7.541e-06, 3577, 2799, 246
0.000441688, 0.000281853, 0.000158567, 1.0019e-05, 3555, 2766, 492
0.00113087, 0.000730328, 0.000397776, 2.2454e-05, 3590, 2799, 615
0.000474471, 0.000306422, 0.000167026, 9.508e-06, 3563, 2775, 492
0.000668973, 0.000388267, 0.000279414, 2.2303e-05, 3565, 2761, 738
0.000864778, 0.000538854, 0.000324318, 3.3557e-05, 3567, 2759, 1353
0.00130783, 0.000811099, 0.000494937, 5.721e-05, 3552, 2767, 1476
0.000779667, 0.000436443, 0.00034201, 4.7571e-05, 3598, 2801, 1599
0.00116651, 0.000726722, 0.000437753, 5.074e-05, 3569, 2771, 1599
0.000767669, 0.000466047, 0.000300337, 3.6228e-05, 3592, 2793, 1107
0.000868955, 0.000452199, 0.000415527, 3.1943e-05, 3576, 2774, 1107
0.00148448, 0.000982823, 0.000499365, 2.8675e-05, 3576, 2768, 615
0.000674418, 0.000405399, 0.000267957, 3.4933e-05, 3564, 2766, 1353
0.00103904, 0.000760529, 0.00027623, 2.6827e-05, 3568, 2774, 861
0.000714967, 0.000467009, 0.000246525, 1.2363e-05, 3547, 2754, 492
0.00047275, 0.000305719, 0.000166161, 7.528e-06, 3569, 2769, 369
0.000708999, 0.000458524, 0.000249041, 6.749e-06, 3564, 2769, 246
0.000747586, 0.000479112, 0.00026738, 1.8858e-05, 3593, 2789, 369
0.000694306, 0.000423441, 0.000269585, 9.733e-06, 3597, 2804, 369
0.000792082, 0.00050693, 0.000283367, 9.729e-06, 3567, 2771, 369
0.000476679, 0.000319263, 0.000155638, 0, 3580, 2780, 0
0.00113464, 0.000731909, 0.000400607, 9.243e-06, 3576, 2780, 246
0.000469625, 0.000307663, 0.000160531, 0, 3593, 2790, 0
0.000808373, 0.000513581, 0.000293272, 8.103e-06, 3565, 2768, 246
0.000928568, 0.000689007, 0.000237489, 0, 3595, 2808, 0
0.000549333, 0.000382635, 0.00016577, 5.844e-06, 3578, 2785, 246
0.000694338, 0.000419083, 0.000274365, 3.2052e-05, 3558, 2761, 1230
0.00100191, 0.000711192, 0.000289123, 2.6106e-05, 3581, 2791, 861
0.00075856, 0.000437798, 0.000318868, 3.355e-05, 3572, 2771, 1107
0.000977571, 0.000673656, 0.000302113, 1.9087e-05, 3563, 2760, 738
0.000687321, 0.000417454, 0.000268822, 2.7539e-05, 3554, 2761, 984
0.00110626, 0.000699545, 0.000404827, 2.3494e-05, 3566, 2764, 738
0.000832692, 0.000520687, 0.000310461, 1.7734e-05, 3564, 2773, 861
0.00106449, 0.00065677, 0.000405631, 3.5582e-05, 3573, 2775, 1230
0.000944007, 0.000678996, 0.000263226, 1.7516e-05, 3571, 2773, 615
0.0007007, 0.000418136, 0.000281548, 2.5521e-05, 3571, 2782, 861
0.000692747, 0.000411086, 0.000280875, 2.898e-05, 3577, 2776, 1353
0.000741795, 0.00041689, 0.000323514, 6.8872e-05, 3567, 2770, 3813
0.00120221, 0.000716756, 0.000483792, 9.8083e-05, 3582, 2775, 4551
0.0011868, 0.000691278, 0.000493386, 7.1427e-05, 3571, 2777, 2583
0.001013, 0.000669752, 0.00034148, 3.0496e-05, 3585, 2793, 1230
0.000923871, 0.000667027, 0.000254915, 1.808e-05, 3585, 2791, 615
0.000677731, 0.000419587, 0.000256717, 2.3001e-05, 3576, 2773, 861
0.000681861, 0.00042496, 0.000255883, 1.9882e-05, 3557, 2762, 738
0.000790277, 0.000492512, 0.00029607, 1.0426e-05, 3552, 2763, 369
0.000478797, 0.000293149, 0.000184689, 1.9021e-05, 3566, 2766, 984
0.00103057, 0.000708214, 0.000320763, 3.0461e-05, 3570, 2762, 1107
0.000889154, 0.00054543, 0.000342027, 4.4433e-05, 3566, 2771, 1230
0.000922325, 0.000480014, 0.000440762, 4.1331e-05, 3583, 2786, 1230
0.00117029, 0.000678886, 0.000489736, 5.9144e-05, 3594, 2788, 1968
0.000938357, 0.000659569, 0.00027727, 2.6812e-05, 3571, 2776, 984
0.0011082, 0.000714646, 0.0003916, 1.6854e-05, 3586, 2784, 615
0.000666239, 0.000419524, 0.00024558, 1.0358e-05, 3585, 2785, 369
0.000669526, 0.000424911, 0.000242787, 4.05e-06, 3558, 2759, 123
0.00110024, 0.000719705, 0.00037871, 1.8006e-05, 3580, 2772, 492
0.00100078, 0.000657522, 0.000341258, 1.0302e-05, 3590, 2780, 369
0.000776135, 0.00049291, 0.000281345, 2.1811e-05, 3588, 2789, 492
0.000667368, 0.000427722, 0.000237986, 6.621e-06, 3550, 2746, 246
0.000781214, 0.000502438, 0.000276646, 1.1018e-05, 3579, 2790, 369
0.000976915, 0.000729117, 0.00024669, 6.996e-06, 3541, 2749, 246
0.000956904, 0.000702155, 0.000253489, 1.0852e-05, 3586, 2784, 369
0.00109837, 0.000701195, 0.000395294, 1.5129e-05, 3594, 2802, 369
0.000464729, 0.000303078, 0.000160543, 5.175e-06, 3583, 2799, 246
0.000660856, 0.000413105, 0.000246843, 1.0449e-05, 3581, 2795, 369
0.00104022, 0.000685813, 0.000352743, 1.3885e-05, 3576, 2778, 369
0.000926181, 0.000669781, 0.000255047, 1.577e-05, 3568, 2785, 615
0.000646415, 0.000414054, 0.000231433, 1.0266e-05, 3571, 2785, 369
0.00099095, 0.000651181, 0.00033827, 8.093e-06, 3580, 2791, 246
0.000691923, 0.000444692, 0.000245679, 7.3e-06, 3575, 2778, 246
0.000666271, 0.000430722, 0.000233493, 1.457e-05, 3574, 2798, 492
0.000709352, 0.000457207, 0.000250733, 8.547e-06, 3568, 2768, 246
0.000446028, 0.000291354, 0.000154003, 5.86e-06, 3548, 2755, 246
0.000602201, 0.00039349, 0.000207181, 0, 3566, 2784, 0
0.000638249, 0.000417937, 0.000219228, 3.883e-06, 3563, 2762, 123
0.00107693, 0.000816285, 0.000258967, 0, 3569, 2776, 0
0.000761368, 0.000506857, 0.000252925, 0, 3555, 2766, 0
0.000490657, 0.000342379, 0.000147147, 0, 3592, 2797, 0
0.0010232, 0.000684588, 0.000335845, 0, 3560, 2763, 0
0.00108388, 0.000740104, 0.000341714, 4.672e-06, 3581, 2785, 123
0.000771018, 0.000529916, 0.000239914, 4.268e-06, 3556, 2772, 123
0.000712989, 0.00044369, 0.000268092, 6.805e-06, 3584, 2784, 246
0.000657727, 0.000418511, 0.000237721, 0, 3579, 2784, 0
0.00108775, 0.000703711, 0.000381939, 2.5384e-05, 3579, 2781, 738
0.00065916, 0.000416635, 0.000241514, 1.0465e-05, 3572, 2775, 369
0.000677738, 0.000417001, 0.000259024, 1.8659e-05, 3579, 2777, 615
0.00107811, 0.000681391, 0.00039513, 2.1875e-05, 3578, 2780, 615
0.000652171, 0.000414803, 0.000236327, 1.1272e-05, 3561, 2772, 369
0.00117657, 0.000773097, 0.000401344, 1.136e-05, 3586, 2781, 246
0.00066201, 0.000417883, 0.000242868, 1.4095e-05, 3562, 2760, 492
0.000676553, 0.000415529, 0.000259257, 2.6192e-05, 3561, 2764, 984
0.00106876, 0.000700614, 0.000366754, 1.7917e-05, 3579, 2773, 369
0.000671995, 0.000419891, 0.00025082, 3.625e-06, 3578, 2790, 123
0.00065538, 0.000416596, 0.000236954, 4.257e-06, 3583, 2782, 123
0.00111105, 0.000715382, 0.000393756, 1.062e-05, 3573, 2792, 246
0.000980553, 0.00069761, 0.000280664, 1.5187e-05, 3588, 2790, 615
0.000680979, 0.000397442, 0.000282383, 3.0359e-05, 3570, 2768, 1230
0.00108247, 0.000660804, 0.000419661, 2.1546e-05, 3584, 2781, 615
0.00109185, 0.00066149, 0.000428619, 5.0084e-05, 3571, 2771, 1599
0.000669422, 0.000382135, 0.000286331, 4.1465e-05, 3607, 2803, 2214
0.00109104, 0.000619575, 0.00046996, 5.655e-05, 3591, 2788, 2214
0.000712721, 0.000415424, 0.000295975, 3.2451e-05, 3573, 2770, 1353
0.0013653, 0.000812612, 0.000550081, 7.0089e-05, 3562, 2760, 2091
0.0011204, 0.00068509, 0.000433705, 3.3437e-05, 3576, 2789, 1107
0.000681946, 0.000417137, 0.000263033, 7.744e-06, 3589, 2789, 246
0.00107492, 0.00067644, 0.000396575, 1.2873e-05, 3572, 2769, 369
0.000757327, 0.000473062, 0.000282446, 1.2663e-05, 3563, 2777, 615
0.00104594, 0.000642086, 0.00040067, 3.6265e-05, 3569, 2775, 1722
0.000810547, 0.000406021, 0.000402238, 4.1814e-05, 3572, 2777, 1845
0.000508987, 0.000280604, 0.000227406, 2.2295e-05, 3593, 2790, 1353
0.00106698, 0.000617609, 0.000447737, 2.9145e-05, 3582, 2786, 984
0.00102998, 0.000699285, 0.000329025, 3.7174e-05, 3584, 2791, 1476
0.000707776, 0.000417332, 0.00028932, 2.3282e-05, 3582, 2788, 984
0.000670459, 0.0003976, 0.000272035, 2.0882e-05, 3566, 2776, 984
0.000929149, 0.000647887, 0.000280225, 4.768e-06, 3575, 2791, 123
0.00095382, 0.000678178, 0.00027431, 1.4731e-05, 3579, 2798, 615
0.000787867, 0.000493495, 0.000292844, 1.9368e-05, 3578, 2782, 738
0.000647011, 0.000415208, 0.000230875, 4.261e-06, 3564, 2772, 123
0.000730899, 0.000461118, 0.000268651, 1.5838e-05, 3559, 2770, 615
0.000822324, 0.000576911, 0.000243625, 5.876e-06, 3600, 2803, 246
0.000903804, 0.000665068, 0.000237298, 7.561e-06, 3579, 2782, 246
0.000706719, 0.000453848, 0.000251644, 6.555e-06, 3585, 2788, 246
0.000923507, 0.000685926, 0.000235761, 3.425e-06, 3586, 2780, 123
0.000483086, 0.00030227, 0.000179954, 1.753e-05, 3587, 2789, 984
0.000485204, 0.000314172, 0.000170327, 1.6376e-05, 3575, 2771, 861
0.000582131, 0.000380382, 0.000200407, 7.213e-06, 3590, 2795, 369
0.000766532, 0.000492156, 0.00027316, 1.191e-05, 3581, 2785, 492
0.000995962, 0.000638945, 0.000355282, 2.7329e-05, 3559, 2763, 861
0.000785174, 0.000515249, 0.000268245, 1.8111e-05, 3593, 2794, 738
0.00063123, 0.000461814, 0.000168234, 7.001e-06, 3576, 2778, 369
0.00101155, 0.00065075, 0.00035943, 1.0467e-05, 3576, 2789, 246
0.000686073, 0.000407636, 0.000277112, 3.1042e-05, 3563, 2773, 1230
0.000717056, 0.000406936, 0.000308689, 5.598e-05, 3553, 2766, 2460
0.00110735, 0.00062574, 0.000479555, 8.4366e-05, 3599, 2811, 3198
0.000805521, 0.000482577, 0.000321584, 3.7854e-05, 3592, 2798, 1599
0.00116343, 0.000706003, 0.000455358, 2.5105e-05, 3575, 2789, 738
0.000473688, 0.000300881, 0.000171816, 1.0756e-05, 3579, 2783, 492
0.000502347, 0.000330832, 0.000170571, 7.401e-06, 3565, 2774, 369
0.00105659, 0.000691207, 0.000363748, 1.1135e-05, 3564, 2762, 246
0.000634272, 0.000406816, 0.000226118, 4.088e-06, 3567, 2776, 123
0.00102861, 0.000682701, 0.000344433, 4.904e-06, 3557, 2760, 123
0.00107522, 0.000726864, 0.000346718, 0, 3571, 2774, 0
0.000630116, 0.000401593, 0.000227757, 3.715e-06, 3563, 2770, 123
0.00100845, 0.000657285, 0.000349131, 9.189e-06, 3581, 2776, 246
0.00103752, 0.000680931, 0.000355249, 9.415e-06, 3571, 2781, 246
0.00103731, 0.000694634, 0.000341051, 9.452e-06, 3589, 2806, 246
0.00100885, 0.000641659, 0.000365286, 1.696e-05, 3585, 2786, 492
0.000846428, 0.000615274, 0.000229704, 1.05e-05, 3582, 2781, 369
0.00112294, 0.000726291, 0.000395079, 1.3822e-05, 3581, 2779, 369
0.00102719, 0.00070087, 0.000324053, 4.817e-06, 3578, 2779, 123
0.00116458, 0.000763627, 0.000399242, 1.4909e-05, 3574, 2781, 369
0.00100934, 0.000651741, 0.000356264, 9.921e-06, 3543, 2756, 246
0.00104877, 0.000686128, 0.000361206, 1.5817e-05, 3567, 2762, 492
0.000829294, 0.0004725, 0.000354077, 3.1022e-05, 3586, 2793, 1107
0.000644048, 0.000397439, 0.000245439, 2.3377e-05, 3581, 2777, 861
0.000945288, 0.000678767, 0.000265205, 1.0178e-05, 3550, 2761, 369
0.00100668, 0.000655085, 0.000349942, 1.5929e-05, 3553, 2764, 492
0.00105565, 0.000671723, 0.000382451, 3.5421e-05, 3606, 2801, 1230
0.00107188, 0.000735712, 0.000334734, 3.2516e-05, 3565, 2771, 984
0.000947997, 0.000675928, 0.000270102, 2.4662e-05, 3571, 2774, 861
0.00101859, 0.000655709, 0.000360839, 2.0441e-05, 3575, 2778, 615
0.00104071, 0.000669929, 0.000369114, 2.0311e-05, 3565, 2769, 615
0.00105029, 0.000653211, 0.000395076, 4.7539e-05, 3571, 2774, 1968
0.0011171, 0.000666466, 0.000448966, 6.5334e-05, 3595, 2796, 2214
0.00100207, 0.000598539, 0.000402368, 4.406e-05, 3553, 2759, 1968
0.000786066, 0.00047789, 0.000306849, 3.625e-05, 3555, 2761, 2091
0.0010973, 0.000678009, 0.000417453, 3.0471e-05, 3593, 2795, 1107
0.0010127, 0.000631602, 0.000379976, 3.2855e-05, 3587, 2790, 1230
0.00090903, 0.000645033, 0.000262676, 2.1385e-05, 3561, 2768, 861
0.000665212, 0.000405645, 0.000258787, 2.1668e-05, 3564, 2766, 738
0.00103992, 0.000661438, 0.000376897, 2.6003e-05, 3565, 2771, 738
0.000701096, 0.00041857, 0.000280839, 2.4662e-05, 3596, 2785, 861
0.00104336, 0.000691094, 0.000350637, 1.2709e-05, 3598, 2796, 369
0.000973023, 0.000630953, 0.000340573, 1.1256e-05, 3570, 2769, 369
0.000689159, 0.000438604, 0.000249624, 1.6192e-05, 3593, 2792, 861
0.000791281, 0.000551619, 0.000238155, 1.4303e-05, 3573, 2777, 615
0.000655515, 0.000397895, 0.000256314, 2.0676e-05, 3586, 2786, 738
0.000640947, 0.000386935, 0.000252882, 1.9667e-05, 3563, 2765, 738
0.000981188, 0.000620219, 0.000360012, 2.0935e-05, 3568, 2765, 738
0.000997918, 0.000673139, 0.000322367, 6.672e-06, 3566, 2769, 369
0.000625514, 0.000382972, 0.000240957, 2.4374e-05, 3557, 2765, 984
0.000995437, 0.000635433, 0.000358461, 1.116e-05, 3589, 2789, 369
0.000616042, 0.000385587, 0.000229489, 1.0424e-05, 3573, 2774, 369
0.000953469, 0.000620593, 0.000331286, 1.4157e-05, 3574, 2775, 369
0.000744353, 0.000487402, 0.000255607, 0, 3562, 2770, 0
0.000599187, 0.000386275, 0.00021204, 3.54e-06, 3577, 2778, 123
0.00059057, 0.000380193, 0.000209083, 0, 3557, 2765, 0
0.000612794, 0.000391703, 0.0002202, 3.464e-06, 3570, 2780, 123
0.000630884, 0.000400178, 0.000229224, 0, 3578, 2776, 0
0.000986824, 0.000658966, 0.000326561, 4.84e-06, 3570, 2773, 123
0.000618889, 0.000396798, 0.000221107, 4.223e-06, 3580, 2783, 123
0.000983358, 0.000642161, 0.000339703, 9.467e-06, 3575, 2778, 246
0.000889614, 0.000661762, 0.000226123, 9.048e-06, 3565, 2766, 369
0.000633409, 0.000409593, 0.000222808, 0, 3580, 2785, 0
0.000953304, 0.000637078, 0.000314903, 0, 3594, 2802, 0
0.000612649, 0.000387076, 0.000224738, 1.8529e-05, 3582, 2782, 369
0.00061992, 0.00038654, 0.000232479, 3.021e-06, 3602, 2794, 123
0.00103921, 0.000671568, 0.000366098, 2.0145e-05, 3581, 2783, 615
0.000620931, 0.000377744, 0.000241998, 1.793e-05, 3578, 2777, 615
0.00066068, 0.000410247, 0.000249046, 1.9286e-05, 3567, 2771, 861
0.000758798, 0.000459475, 0.000298142, 2.1337e-05, 3574, 2771, 984
0.000893404, 0.000616526, 0.000275106, 3.322e-05, 3595, 2800, 861
0.00105583, 0.000639378, 0.000415375, 4.3349e-05, 3589, 2796, 1845
0.000691612, 0.000403235, 0.00028737, 4.6574e-05, 3581, 2775, 1968
0.00101458, 0.000652807, 0.000359934, 2.4858e-05, 3562, 2766, 861
0.000793971, 0.000562865, 0.000230129, 6.48e-06, 3592, 2787, 246
0.000694978, 0.000434656, 0.000258631, 1.8219e-05, 3567, 2778, 615
0.00091782, 0.000587424, 0.000328472, 1.8365e-05, 3550, 2758, 615
0.000978064, 0.000658359, 0.00031806, 0, 3593, 2794, 0
0.000655547, 0.000421587, 0.00023258, 4.148e-06, 3560, 2766, 123
0.000763125, 0.000406774, 0.000355132, 3.909e-06, 3582, 2795, 123
0.00100208, 0.000663804, 0.000336566, 8.883e-06, 3578, 2778, 246
0.00112023, 0.000757863, 0.000360407, 4.795e-06, 3574, 2782, 123
0.000881328, 0.000624471, 0.000254974, 1.6394e-05, 3565, 2774, 615
0.000965843, 0.000643466, 0.000320953, 4.472e-06, 3595, 2782, 123
0.000598974, 0.000371968, 0.000225455, 1.0274e-05, 3595, 2795, 369
0.000676604, 0.000421749, 0.000253318, 1.1309e-05, 3582, 2784, 369
0.000631793, 0.00039097, 0.000239871, 1.5883e-05, 3584, 2774, 615
0.000621986, 0.000393791, 0.000227337, 1.4262e-05, 3567, 2783, 615
0.00109284, 0.000707146, 0.000384015, 1.2797e-05, 3589, 2785, 369
0.000643478, 0.000385038, 0.000257307, 1.7218e-05, 3574, 2778, 861
0.000707069, 0.000408057, 0.000297952, 1.3447e-05, 3583, 2784, 492
0.000666907, 0.000410132, 0.00025594, 1.9076e-05, 3578, 2777, 738
0.00113748, 0.000817423, 0.000317814, 5.068e-06, 3581, 2791, 123
0.000647386, 0.000404119, 0.000242111, 1.056e-05, 3578, 2785, 369
0.000792505, 0.000415358, 0.000376141, 1.1637e-05, 3579, 2786, 369
0.00102759, 0.000692987, 0.000333075, 5.661e-06, 3572, 2782, 123
0.00106493, 0.000710173, 0.000353209, 5.159e-06, 3550, 2761, 123
0.00094959, 0.000631614, 0.000316841, 4.82e-06, 3573, 2769, 123
0.000620744, 0.000404611, 0.000215309, 3.835e-06, 3598, 2801, 123
0.000966302, 0.000631337, 0.00033337, 1.1304e-05, 3587, 2780, 369
0.000710178, 0.000453525, 0.000255136, 7.871e-06, 3552, 2758, 246
0.00106766, 0.000703896, 0.000361651, 4.727e-06, 3598, 2799, 123
0.00097563, 0.000638062, 0.000335551, 0, 3576, 2779, 0
0.000967518, 0.000629929, 0.000336674, 0, 3587, 2794, 0
0.00102163, 0.000625733, 0.000394029, 1.8688e-05, 3571, 2779, 492
0.00107285, 0.000688867, 0.000382068, 2.5053e-05, 3593, 2798, 492
0.000964489, 0.000603569, 0.000359557, 2.8443e-05, 3591, 2794, 984
0.000977474, 0.00062799, 0.000347485, 1.8781e-05, 3548, 2752, 615
0.00130351, 0.000779912, 0.000521332, 1.7093e-05, 3569, 2772, 369
0.000983069, 0.000633812, 0.000348081, 1.5055e-05, 3565, 2788, 615
0.00101864, 0.000669513, 0.000347622, 2.4506e-05, 3556, 2762, 738
0.000965185, 0.000594609, 0.000368937, 3.0876e-05, 3557, 2767, 1476
0.000655364, 0.000400978, 0.000253369, 1.0617e-05, 3568, 2770, 492
0.000881827, 0.000613374, 0.000266931, 2.7739e-05, 3601, 2809, 1107
0.000998768, 0.000706753, 0.000289734, 2.5798e-05, 3553, 2757, 984
0.000684034, 0.000421057, 0.000261891, 1.6998e-05, 3576, 2793, 615
0.000976286, 0.000676638, 0.000297954, 1.5701e-05, 3571, 2781, 738
0.0010226, 0.000650573, 0.000370586, 1.7953e-05, 3567, 2780, 492
0.00101056, 0.000668643, 0.000340422, 1.9802e-05, 3569, 2783, 615
0.00066425, 0.000404513, 0.000258492, 1.4565e-05, 3608, 2811, 492
0.000663141, 0.00043897, 0.000222257, 0, 3575, 2778, 0
0.000604383, 0.000386494, 0.000217099, 3.37e-06, 3587, 2784, 123
0.000655894, 0.000445686, 0.000209096, 0, 3572, 2777, 0
0.00086376, 0.000482717, 0.000379073, 0, 3587, 2785, 0
0.000734159, 0.000517076, 0.000215375, 3.231e-06, 3561, 2768, 123
0.000415309, 0.000273276, 0.000141206, 0, 3561, 2763, 0
0.000659249, 0.000416885, 0.000240957, 0, 3597, 2792, 0
0.000629536, 0.000410053, 0.000218655, 3.74e-06, 3574, 2779, 123
0.000709069, 0.000482213, 0.000225628, 0, 3571, 2781, 0
0.000611689, 0.000393231, 0.000217389, 7.379e-06, 3576, 2783, 246
0.000627382, 0.000407946, 0.00021747, 3.985e-06, 3571, 2769, 123
0.000657298, 0.000435364, 0.000220729, 4.342e-06, 3558, 2773, 123
0.000950054, 0.000627755, 0.000320711, 0, 3573, 2787, 0
0.000654259, 0.000429078, 0.000224047, 0, 3572, 2782, 0
0.00100433, 0.000682132, 0.000319654, 0, 3572, 2781, 0
0.00102182, 0.00069262, 0.000327184, 1.0256e-05, 3579, 2779, 369
0.000643562, 0.000420763, 0.00022147, 3.37e-06, 3585, 2777, 123
0.000646245, 0.000408252, 0.000236419, 6.674e-06, 3569, 2770, 246
0.000977132, 0.000623032, 0.000353027, 1.1846e-05, 3604, 2808, 369
0.000612812, 0.000398292, 0.000213371, 0, 3563, 2763, 0
0.000970932, 0.000646246, 0.000323151, 0, 3584, 2782, 0
0.000660601, 0.000416664, 0.000242584, 3.821e-06, 3595, 2793, 123
0.000613602, 0.000409522, 0.00020312, 0, 3569, 2773, 0
0.00086027, 0.000520532, 0.00033802, 5.332e-06, 3571, 2767, 123
0.000615904, 0.00040496, 0.000209308, 0, 3586, 2791, 0
0.000599506, 0.000384735, 0.000213428, 0, 3609, 2814, 0
0.000615126, 0.000413809, 0.000199457, 0, 3567, 2769, 0
0.000979395, 0.00063916, 0.00033914, 4.684e-06, 3591, 2797, 123
0.00112511, 0.000756042, 0.000367337, 8.731e-06, 3594, 2801, 246
0.000957428, 0.000631115, 0.000324546, 5.497e-06, 3551, 2763, 123
0.00100653, 0.000675791, 0.000328777, 0, 3593, 2799, 0
0.000437369, 0.000286244, 0.000150158, 2.917e-06, 3575, 2784, 123
0.000982842, 0.000645115, 0.000336239, 0, 3578, 2787, 0
0.000642933, 0.000409735, 0.000231977, 7.231e-06, 3576, 2777, 246
0.000993707, 0.000652004, 0.000339625, 0, 3578, 2789, 0
0.000950561, 0.000624641, 0.00032361, 4.828e-06, 3584, 2796, 123
0.00062552, 0.000401448, 0.000223171, 7.479e-06, 3586, 2786, 246
0.000698532, 0.000481781, 0.000215737, 0, 3562, 2771, 0
0.0006368, 0.000410682, 0.000225367, 3.377e-06, 3566, 2778, 123
0.00102177, 0.000650171, 0.000369491, 0, 3596, 2808, 0
0.00111083, 0.000773942, 0.000335014, 0, 3573, 2784, 0
0.00111101, 0.000756471, 0.000352397, 0, 3545, 2757, 0
0.001014, 0.000700664, 0.000311804, 0, 3586, 2787, 0
0.0006805, 0.000451351, 0.000227498, 0, 3587, 2795, 0
0.000625397, 0.000388795, 0.000235455, 6.703e-06, 3569, 2779, 246
0.00100928, 0.000673868, 0.000333688, 5.186e-06, 3580, 2784, 123
0.000773928, 0.000541043, 0.000231347, 4.04e-06, 3578, 2775, 123
0.000974663, 0.000648179, 0.000324688, 4.321e-06, 3597, 2809, 123
0.000950727, 0.00063242, 0.000316884, 4.325e-06, 3566, 2776, 123
0.000600173, 0.000380649, 0.000218458, 9.954e-06, 3603, 2811, 369
0.00109599, 0.000703052, 0.000390594, 2.5646e-05, 3580, 2787, 738
0.00100934, 0.000667185, 0.000340506, 1.1701e-05, 3580, 2782, 369
0.000699704, 0.000443153, 0.000254692, 2.5124e-05, 3584, 2791, 1107
0.000694126, 0.000407666, 0.000285661, 2.8493e-05, 3593, 2799, 1230
0.000631251, 0.000404028, 0.000226037, 8.479e-06, 3568, 2766, 246
0.000975643, 0.000650186, 0.000323865, 0, 3582, 2779, 0
0.000910468, 0.000635448, 0.00027357, 0, 3568, 2771, 0
0.000599582, 0.000394089, 0.000204459, 0, 3578, 2776, 0
0.00105919, 0.000833735, 0.000224149, 3.582e-06, 3578, 2798, 123
0.000802039, 0.000578258, 0.000222475, 3.883e-06, 3568, 2789, 123
0.00061364, 0.000407721, 0.000204401, 0, 3586, 2801, 0
0.000808067, 0.000585392, 0.000221176, 0, 3561, 2781, 0
0.000762689, 0.000548835, 0.000212455, 0, 3592, 2804, 0
0.000767767, 0.000569322, 0.000196567, 0, 3575, 2785, 0
0.000707997, 0.000456337, 0.000250201, 0, 3573, 2773, 0
0.000597934, 0.000376919, 0.000219953, 3.014e-06, 3589, 2788, 123
0.000616421, 0.00040921, 0.000205676, 0, 3587, 2781, 0
0.000907613, 0.000609933, 0.000296676, 0, 3565, 2765, 0
0.000601774, 0.000396118, 0.000204695, 0, 3577, 2785, 0
0.000954932, 0.000626613, 0.000327205, 5.122e-06, 3565, 2780, 123
0.000617173, 0.000396209, 0.000220038, 3.614e-06, 3562, 2765, 123
0.000621285, 0.000407261, 0.000213107, 0, 3553, 2757, 0
0.000865854, 0.000636764, 0.000227676, 4.162e-06, 3580, 2788, 123
0.000615299, 0.0003985, 0.000216012, 3.374e-06, 3575, 2783, 123
0.000605639, 0.000398253, 0.000206148, 0, 3568, 2777, 0
0.000602871, 0.000387196, 0.000214484, 0, 3590, 2800, 0
0.000953003, 0.000633059, 0.00031762, 0, 3573, 2781, 0
0.000759339, 0.000503536, 0.000253924, 0, 3566, 2768, 0
0.000997518, 0.000681389, 0.000314649, 0, 3587, 2798, 0
0.000612807, 0.000402784, 0.000208983, 0, 3575, 2779, 0
0.000615641, 0.000403467, 0.000211106, 0, 3594, 2789, 0
0.000591272, 0.000372781, 0.000217025, 0, 3556, 2755, 0
0.000674018, 0.000450227, 0.0002222, 0, 3586, 2785, 0
0.000918988, 0.000605129, 0.000312314, 4.423e-06, 3587, 2792, 123
0.00121004, 0.000811834, 0.000395432, 0, 3586, 2776, 0
0.000941643, 0.000625527, 0.000313879, 0, 3562, 2774, 0
0.00101023, 0.000642708, 0.000365472, 4.724e-06, 3589, 2803, 123
0.000612028, 0.000396004, 0.000215058, 0, 3533, 2741, 0
0.000955473, 0.000644208, 0.000309164, 0, 3568, 2781, 0
0.000916942, 0.000626336, 0.000288393, 0, 3571, 2775, 0
0.000765991, 0.000548812, 0.000215936, 0, 3570, 2785, 0
0.000643085, 0.000413379, 0.000228556, 0, 3575, 2783, 0
0.000677548, 0.000544118, 0.000132238, 0, 3587, 2792, 0
0.000950522, 0.000632653, 0.000316163, 0, 3595, 2794, 0
0.000988756, 0.000642939, 0.00034265, 0, 3576, 2768, 0
0.000950464, 0.000636315, 0.000312596, 0, 3590, 2803, 0
0.00109383, 0.000745088, 0.000346685, 5.206e-06, 3582, 2792, 123
0.00106421, 0.000737488, 0.000325056, 0, 3564, 2765, 0
0.000583866, 0.000384018, 0.000198872, 0, 3582, 2785, 0
0.000795223, 0.000588239, 0.000205568, 3.265e-06, 3570, 2774, 123
0.000936538, 0.000622519, 0.000312434, 5.031e-06, 3568, 2770, 123
0.000934263, 0.000623334, 0.000308642, 0, 3580, 2780, 0
0.000604607, 0.000391167, 0.000212506, 2.953e-06, 3589, 2795, 123
0.00097962, 0.000629137, 0.000348991, 4.619e-06, 3586, 2792, 123
0.000737775, 0.000529012, 0.000207683, 3.693e-06, 3564, 2768, 123
0.000638932, 0.000414428, 0.000222964, 3.727e-06, 3578, 2789, 123
0.000607682, 0.000391821, 0.000215174, 7.041e-06, 3581, 2788, 246
0.000910159, 0.000588919, 0.000319171, 8.861e-06, 3561, 2770, 246
0.000611291, 0.000401897, 0.000208266, 6.206e-06, 3570, 2785, 246
0.000650332, 0.000418033, 0.000231429, 1.0259e-05, 3567, 2778, 369
0.000615711, 0.000382309, 0.000232182, 2.1069e-05, 3587, 2799, 861
0.000618022, 0.000381862, 0.00023518, 1.9901e-05, 3579, 2776, 738
0.000941011, 0.00060774, 0.000331695, 1.266e-05, 3594, 2796, 369
0.00101717, 0.000631421, 0.000384225, 3.168e-05, 3568, 2783, 1107
0.00100698, 0.000640404, 0.000364413, 2.0672e-05, 3568, 2765, 615
0.000616852, 0.000379805, 0.000236177, 1.2197e-05, 3574, 2783, 492
0.000750399, 0.00045693, 0.000292503, 4.3478e-05, 3572, 2784, 2214
0.000881666, 0.000579976, 0.000300234, 4.778e-05, 3559, 2766, 2091
0.000682763, 0.000471603, 0.000210411, 3.4521e-05, 3567, 2786, 2214
0.000875729, 0.000598061, 0.000276403, 3.5143e-05, 3571, 2780, 1353
0.00100913, 0.000636498, 0.000371494, 3.1637e-05, 3561, 2774, 1107
0.0010214, 0.00064112, 0.000378477, 2.7165e-05, 3567, 2788, 861
0.000663137, 0.000393703, 0.000268105, 2.4434e-05, 3587, 2789, 984
0.000815274, 0.000583204, 0.000230996, 8.997e-06, 3580, 2788, 369
0.000779601, 0.000539167, 0.000239116, 3.922e-06, 3576, 2780, 123
0.000638046, 0.000381239, 0.000256119, 1.2888e-05, 3571, 2779, 492
0.000633954, 0.000402541, 0.000230702, 1.0202e-05, 3585, 2793, 369
0.00060668, 0.000380289, 0.000225485, 9.926e-06, 3579, 2772, 369
0.000789795, 0.000552888, 0.000235142, 0, 3591, 2797, 0
0.000619838, 0.000397577, 0.000221291, 4.186e-06, 3576, 2785, 123
0.00105568, 0.000700945, 0.000352922, 4.395e-06, 3573, 2776, 123
0.000994842, 0.000659141, 0.000334208, 9.015e-06, 3574, 2789, 246
0.000967724, 0.000626175, 0.000340119, 1.3214e-05, 3580, 2781, 369
0.00101315, 0.000658281, 0.000353372, 9.241e-06, 3587, 2781, 246
0.000730137, 0.000398707, 0.000329988, 0, 3578, 2783, 0
0.000814463, 0.000597599, 0.000215353, 0, 3595, 2799, 0
0.000772505, 0.000556806, 0.000214231, 0, 3589, 2784, 0
0.000952651, 0.000648231, 0.000302927, 0, 3579, 2776, 0
0.000658093, 0.000428372, 0.000228262, 0, 3559, 2762, 0
0.000972046, 0.000657599, 0.000313269, 0, 3583, 2792, 0
0.000970746, 0.000649069, 0.000320225, 4.586e-06, 3555, 2771, 123
0.000591067, 0.000383263, 0.000206875, 3.449e-06, 3579, 2789, 123
0.000609671, 0.000392173, 0.00021604, 0, 3569, 2777, 0
0.000610519, 0.000397749, 0.000211842, 3.95e-06, 3568, 2783, 123
0.000628463, 0.000410802, 0.000216712, 0, 3573, 2783, 0
0.000425758, 0.000277135, 0.000148002, 0, 3554, 2761, 0
0.000617551, 0.000404767, 0.000211832, 0, 3591, 2786, 0
0.00094366, 0.000619847, 0.000321791, 5.007e-06, 3573, 2784, 123
0.000984485, 0.000681534, 0.000301202, 0, 3586, 2795, 0
0.000677379, 0.000447689, 0.000227878, 0, 3551, 2755, 0
0.000917107, 0.00060745, 0.000308167, 0, 3586, 2782, 0
0.000644839, 0.000435453, 0.000208083, 3.326e-06, 3563, 2776, 123
0.000820948, 0.000598244, 0.000220655, 0, 3572, 2770, 0
0.000720714, 0.000497087, 0.000222116, 3.401e-06, 3571, 2779, 123
0.000630403, 0.000406168, 0.000223451, 3.323e-06, 3578, 2788, 123
0.000949331, 0.000645738, 0.000301442, 0, 3550, 2764, 0
0.00105255, 0.000699758, 0.000351267, 5.218e-06, 3595, 2793, 123
0.00101449, 0.000681144, 0.00033204, 1.2337e-05, 3586, 2789, 369
0.000993542, 0.000662888, 0.000329267, 4.486e-06, 3559, 2767, 123
0.000651263, 0.000409615, 0.000240346, 1.8521e-05, 3592, 2788, 492
0.00123748, 0.000735534, 0.000500517, 7.1165e-05, 3576, 2776, 2460
0.000863592, 0.000588031, 0.000273965, 2.5326e-05, 3587, 2785, 984
0.00079582, 0.000485183, 0.000309532, 2.8219e-05, 3559, 2771, 1230
0.000999374, 0.000645024, 0.000353208, 4.9782e-05, 3595, 2792, 2337
0.0010045, 0.000601214, 0.000401688, 3.9878e-05, 3600, 2800, 1476
0.000661298, 0.000377276, 0.000282757, 4.5077e-05, 3585, 2784, 1845
0.000779505, 0.000432423, 0.000346328, 6.2359e-05, 3547, 2771, 2337
0.000756526, 0.000433781, 0.000321213, 4.4031e-05, 3585, 2797, 1845
0.000822164, 0.000402238, 0.000418559, 5.8779e-05, 3587, 2794, 2337
0.00112558, 0.000657815, 0.00046589, 7.7714e-05, 3576, 2783, 3444
0.000861138, 0.000602792, 0.000256744, 2.9272e-05, 3586, 2789, 1845
0.00112645, 0.000650008, 0.000474651, 8.0334e-05, 3585, 2786, 3936
0.0010911, 0.000667079, 0.000422777, 5.3055e-05, 3576, 2778, 1845
0.000490744, 0.000289715, 0.000200078, 2.8977e-05, 3564, 2759, 1968
0.00105748, 0.000635306, 0.000420566, 4.8857e-05, 3571, 2782, 1722
0.000625791, 0.000387075, 0.000237675, 1.9146e-05, 3579, 2787, 861
0.00101679, 0.000664389, 0.000350284, 2.2071e-05, 3588, 2795, 738
0.000664967, 0.000422592, 0.000240889, 7.004e-06, 3570, 2769, 246
0.000629156, 0.000383344, 0.000243971, 6.965e-06, 3564, 2760, 246
0.000637788, 0.000406949, 0.000229908, 9.742e-06, 3565, 2767, 369
0.000958751, 0.000627903, 0.000329313, 9.146e-06, 3570, 2763, 123
0.000648001, 0.000400264, 0.000246936, 1.6953e-05, 3585, 2787, 738
0.000965303, 0.000611141, 0.000352974, 1.3214e-05, 3565, 2754, 369
0.00103133, 0.000674591, 0.000355401, 1.8168e-05, 3574, 2787, 492
0.00105596, 0.000680155, 0.000374283, 1.3106e-05, 3582, 2792, 369
0.000804495, 0.000569834, 0.000233183, 7.208e-06, 3571, 2784, 246
0.000448982, 0.000294308, 0.000153714, 6.072e-06, 3574, 2777, 369
0.000905584, 0.00064561, 0.000258127, 4.447e-06, 3570, 2776, 123
0.00091319, 0.000634802, 0.000276927, 1.4604e-05, 3611, 2808, 492
0.000608305, 0.000386807, 0.000219989, 0, 3571, 2785, 0
0.000732018, 0.000410832, 0.000320035, 7.537e-06, 3577, 2795, 246
0.000683386, 0.000459482, 0.000222886, 9.803e-06, 3551, 2763, 369
0.000490688, 0.000304127, 0.000185525, 7.515e-06, 3545, 2748, 369
0.00066375, 0.000424138, 0.000238628, 1.4197e-05, 3573, 2787, 492
0.000991536, 0.000654058, 0.000336193, 8.097e-06, 3563, 2771, 246
0.000715008, 0.000501584, 0.000211901, 0, 3577, 2779, 0
0.000426165, 0.000281766, 0.000143732, 0, 3572, 2786, 0
0.000422127, 0.00027277, 0.000148672, 4.964e-06, 3579, 2779, 246
0.000736009, 0.000516428, 0.000218115, 0, 3590, 2808, 0
0.000682416, 0.000464813, 0.000216377, 3.574e-06, 3591, 2792, 123
0.000973706, 0.000696122, 0.000275497, 0, 3580, 2782, 0
0.00110277, 0.000739754, 0.000361306, 0, 3591, 2787, 0
0.00070519, 0.000505355, 0.0001981, 0, 3549, 2760, 0
0.000637583, 0.000419263, 0.000216386, 0, 3570, 2774, 0
0.000984292, 0.000714673, 0.000267192, 0, 3606, 2809, 0
0.000594967, 0.00039571, 0.000197833, 0, 3565, 2771, 0
0.000928118, 0.000613163, 0.000313451, 0, 3572, 2773, 0
0.000661308, 0.000433908, 0.000226223, 3.497e-06, 3564, 2777, 123
0.00101138, 0.00068442, 0.000325323, 4.388e-06, 3575, 2780, 123
0.000568539, 0.000363419, 0.000204202, 3.654e-06, 3559, 2764, 123
0.000589374, 0.000383579, 0.000204671, 0, 3571, 2766, 0
0.000625255, 0.000406129, 0.000217534, 0, 3579, 2783, 0
0.00058206, 0.000375396, 0.000205255, 4.024e-06, 3602, 2800, 123
0.000883027, 0.00066881, 0.000212912, 0, 3575, 2779, 0
0.00095342, 0.000650335, 0.000301076, 0, 3574, 2777, 0
0.000956916, 0.000636551, 0.000317924, 0, 3598, 2799, 0
0.000594684, 0.000400317, 0.000193416, 0, 3567, 2776, 0
0.00116177, 0.000790764, 0.000368837, 0, 3561, 2767, 0
0.000695803, 0.000459859, 0.000234722, 0, 3562, 2756, 0
0.00124346, 0.00083479, 0.000405857, 0, 3562, 2761, 0
0.000612841, 0.000403752, 0.00020752, 0, 3571, 2767, 0
0.000912129, 0.000614911, 0.000295363, 0, 3568, 2775, 0
0.00101041, 0.000663836, 0.00034478, 4.881e-06, 3569, 2780, 123
0.00101731, 0.000675417, 0.000339846, 0, 3584, 2779, 0
0.00095058, 0.000641183, 0.000307926, 0, 3574, 2778, 0
0.000623439, 0.000408758, 0.000213667, 0, 3565, 2768, 0
0.00100937, 0.000706159, 0.000301384, 0, 3576, 2782, 0
0.000601574, 0.000388637, 0.000211645, 0, 3585, 2789, 0
0.000588206, 0.000383739, 0.000202814, 3.552e-06, 3550, 2752, 123
0.000596589, 0.000397278, 0.000198708, 0, 3552, 2770, 0
0.000961248, 0.000647123, 0.000312795, 0, 3597, 2803, 0
0.000986256, 0.000658759, 0.000324874, 0, 3590, 2803, 0
0.000915974, 0.000612107, 0.000301781, 4.848e-06, 3569, 2780, 123
0.000981197, 0.000665541, 0.000314053, 4.585e-06, 3566, 2772, 123
0.0010298, 0.000689266, 0.000338718, 0, 3569, 2769, 0
0.00101064, 0.000675308, 0.000332895, 0, 3585, 2794, 0
0.000718392, 0.000507596, 0.000208065, 0, 3564, 2774, 0
0.00061869, 0.000401071, 0.000217018, 0, 3561, 2767, 0
0.000612241, 0.000395542, 0.000215546, 3.702e-06, 3578, 2783, 123
0.000991916, 0.00065883, 0.000331478, 0, 3585, 2784, 0
0.000616502, 0.000405485, 0.000210018, 0, 3561, 2766, 0
0.00067432, 0.000432724, 0.000240259, 1.1277e-05, 3593, 2790, 369
0.000706264, 0.000463374, 0.000241303, 1.927e-05, 3582, 2790, 861
0.00100466, 0.000660975, 0.000342149, 8.3e-06, 3583, 2786, 246
0.000666251, 0.000420944, 0.000243489, 1.6618e-05, 3576, 2778, 615
0.00116882, 0.00076499, 0.000402073, 1.7831e-05, 3563, 2772, 492
0.000701451, 0.00043697, 0.000262954, 2.3077e-05, 3581, 2789, 1107
0.000896895, 0.00060451, 0.000290684, 2.6927e-05, 3588, 2792, 1107
0.00103762, 0.000647736, 0.000387621, 3.8552e-05, 3571, 2771, 1476
0.00101999, 0.000639227, 0.000379065, 3.71e-05, 3546, 2754, 1230
0.00104719, 0.000652882, 0.000392557, 2.398e-05, 3602, 2806, 861
0.000661963, 0.000425165, 0.000235551, 1.0007e-05, 3600, 2815, 369
0.000812444, 0.000528661, 0.000282546, 7.73e-06, 3552, 2752, 246
0.00102773, 0.00068357, 0.000342373, 1.5656e-05, 3588, 2803, 492
0.00100671, 0.00067596, 0.000329022, 0, 3611, 2808, 0
0.000729771, 0.000489042, 0.000239646, 3.387e-06, 3611, 2805, 123
0.000985411, 0.000648976, 0.000334989, 4.691e-06, 3564, 2763, 123
0.00101092, 0.000668883, 0.000340242, 1.7736e-05, 3618, 2811, 492
0.000633511, 0.000397787, 0.00023499, 4.156e-06, 3574, 2777, 123
0.000701283, 0.00043679, 0.000263533, 1.0493e-05, 3586, 2792, 369
0.000860241, 0.000531536, 0.000327487, 1.9738e-05, 3605, 2813, 738
0.000755095, 0.000503161, 0.000250673, 2.3937e-05, 3598, 2814, 984
0.000661911, 0.000414934, 0.00024651, 2.7512e-05, 3580, 2789, 1107
0.000775856, 0.000534033, 0.000240348, 1.3679e-05, 3571, 2773, 492
0.000681852, 0.00041693, 0.000263108, 3.7649e-05, 3583, 2789, 2091
0.00121779, 0.00070397, 0.000511802, 9.2133e-05, 3585, 2794, 3813
0.00104604, 0.000639285, 0.000405461, 3.5269e-05, 3573, 2787, 1599
0.000618977, 0.000403581, 0.000213964, 3.581e-06, 3558, 2764, 123
0.000630886, 0.000410305, 0.000219291, 3.936e-06, 3582, 2779, 123
0.000589425, 0.000383608, 0.000204444, 3.745e-06, 3589, 2806, 123
0.000637847, 0.000416834, 0.000220012, 0, 3588, 2791, 0
0.000689492, 0.000421893, 0.000266253, 8.067e-06, 3582, 2787, 246
0.000421339, 0.000286826, 0.000133797, 0, 3550, 2763, 0
0.000397782, 0.000264482, 0.000132151, 0, 3599, 2801, 0
0.000834673, 0.000590487, 0.000241876, 0, 3571, 2773, 0
0.000617163, 0.000404299, 0.000211093, 3.789e-06, 3565, 2776, 123
0.000640559, 0.000418962, 0.000220254, 0, 3571, 2773, 0
