map,run,mode,campaign_sequence_index,mode_order_position,experiment_profile,filter_profile,filter_backend,success,run_valid,monitor_type,monitor_flight_cpu_pct,live_cloud_enabled,preflight_ready,preflight_cloud_messages,preflight_odom_messages,goal_messages,position_command_messages,trajectory_flag2_messages,trajectory_flag3_messages,guard_stop_detected,guard_stop_time_s,full_refresh_ack_timeouts,full_refresh_recovery_gate_arms,full_refresh_recovery_targets,full_refresh_recovery_acks,full_refresh_ack_timeout_recoveries,guard_topology_reroute_arms,guard_topology_reroute_searches,guard_local_escape_test_injections,guard_local_escape_direction_skips,guard_local_escape_direction_rejections,guard_local_escape_commits,guard_local_escape_rejections,guard_initial_footprint_egress_commits,guard_initial_footprint_test_injections,guard_brake_successes,guard_brake_rejections,guard_brake_stationary_defers,trajectory_velocity_slowdowns,trajectory_velocity_rejections,guard_brake_main_pre_successes,guard_brake_retry_successes,guard_brake_ack_timeout_successes,guard_main_pre_map_stale,guard_recoveries,guard_recovery_active_duration_s,guard_recovery_active_duration_mean_s,guard_recovery_active_duration_max_s,shadow_safe_candidates,shadow_unsafe_candidates,shadow_skipped_candidates,shadow_validated_candidates,shadow_geometric_unsafe,shadow_map_race,shadow_other_indeterminate,shadow_unsafe_exp,shadow_unsafe_appended_backup,shadow_unsafe_carry_backup,shadow_unsafe_stitch,shadow_validation_ms_mean,shadow_validation_ms_max,shadow_contact_events_with_epoch,shadow_contacts_with_prior_unsafe,shadow_contacts_without_prior_unsafe,shadow_geometric_unsafe_followed_by_contact,shadow_geometric_unsafe_not_followed_by_contact,shadow_nearest_prediction_error_s,shadow_correlated_segments,first_position_command_s,first_trajectory_flag2_s,first_trajectory_flag3_s,max_position_command_gap_s,first_motion_s,start_pose_error_m,start_pose_valid,odom_gap_limit_s,max_odom_gap_s,odom_gap_valid,mission_time_s,waypoints_reached,n_waypoints,collisions,min_clearance_m,static_pcd_enabled,static_pcd_point_count,static_pcd_collisions,static_pcd_min_distance_m,static_pcd_clearance_m,static_pcd_contact_r015,static_pcd_contact_r020,static_pcd_contact_r025,static_pcd_episodes_r015,static_pcd_episodes_r020,static_pcd_episodes_r025,contact_event_count,first_contact_kind,first_contact_time_s,first_contact_distance_m,first_contact_x,first_contact_y,first_contact_z,first_contact_speed_mps,first_contact_nearest_x,first_contact_nearest_y,first_contact_nearest_z,forensics_json,samples,clearance_samples,final_x,final_y,final_z,min_x,max_x,min_y,max_y,path_length_m,max_speed_mps,max_odom_speed_3d_mps,max_command_speed_mps,max_command_horizontal_speed_mps,speed_limit_mps,speed_tolerance_mps,speed_limit_valid,speed_exceedance_count,command_speed_exceedance_count,odom_speed_exceedance_count,first_speed_exceedance_kind,first_speed_exceedance_time_s,first_speed_exceedance_mps,first_speed_exceedance_trajectory_id,first_speed_exceedance_trajectory_flag,closest_final_goal_distance_m,observed_open_time_s,observed_open_x,observed_open_y,observed_close_time_s,observed_close_x,observed_close_y,trap_collisions,trap_min_surface_distance_m,trap_clearance_m,trap_x,trap_y,trigger_x,trigger_y,trigger_mismatch_deg,trap_count,trap_spacing_m,trap_start_offset_m,trap_first_distance_m,trap_last_distance_m,trigger_speed_mps,trap_input_time_s,trap_kept_time_s,trap_keep_delay_s,input_body_relative_deg,input_velocity_relative_deg,kept_body_relative_deg,kept_velocity_relative_deg,trigger_trap_distance_m,trigger_trap_body_relative_deg,trigger_trap_velocity_relative_deg,trigger_trap_angular_radius_deg,trigger_predicted_x,trigger_predicted_y,trigger_trap_nudge_deg,trigger_trap_nudge_lateral_m,event,valid_spawn,invalid_reasons,spawn_time_s,spawn_wall_time_s,trigger_evaluation_time_s,trigger_evaluation_wall_time_s,side,trigger_threshold_x,trigger_z,trigger_yaw_deg,trigger_velocity_yaw_deg,trigger_cruise_duration_s,trigger_cruise_qualified,min_trigger_speed_mps,min_cruise_s,max_trigger_abs_y_m,max_trigger_velocity_yaw_deg,trigger_abs_y_diagnostic_ok,trigger_velocity_yaw_diagnostic_ok,wall_x,blocker_x,blocker_y,wall_y_min,wall_y_max,short_endpoint_y,short_endpoint_x,long_endpoint_y,long_endpoint_x,short_endpoint_inner_edge_deg,long_endpoint_inner_edge_deg,barrier_frame,local_blocker_forward_m,local_short_endpoint_forward_m,local_short_endpoint_lateral_m,local_long_endpoint_forward_m,local_long_endpoint_lateral_m,wall_radius_m,wall_height_m,wall_cylinder_count,wall_center_spacing_m,wall_point_count,horizon_m,intensity,matched_prefix,filter_half_angle_deg,filter_reliable_output,filter_stall_v,filter_stall_t,filter_resume_v,filter_resume_t,filter_velocity_yaw_update_v,filter_frames,filter_published_frames,filter_rate_limited_frames,filter_max_publish_hz,filter_map_commit_topic,filter_map_commit_refresh_age_s,filter_map_commit_refresh_min_interval_s,filter_map_commit_pre_stale_full_age_s,filter_map_commit_pre_stale_ack_retry_age_s,filter_full_refresh_generation_ack_en,filter_map_process_ack_topic,filter_full_refresh_request_topic,filter_map_commit_status_count,filter_map_commit_version,filter_commit_refresh_frames,filter_pre_stale_full_refresh_frames,filter_pre_stale_full_refresh_ack_count,filter_pre_stale_full_refresh_pending_ack,filter_pre_stale_full_refresh_pending_ack_count,filter_pre_stale_full_refresh_pending_ack_max,filter_pre_stale_full_refresh_ack_committed_count,filter_pre_stale_full_refresh_superseded_count,filter_pre_stale_full_refresh_ack_retry_frames,filter_pre_stale_full_refresh_ack_retry_suppressed_frames,filter_pre_stale_full_refresh_version_advance_count,filter_pre_stale_full_refresh_pending_version_advance,filter_full_refresh_request_count,filter_full_refresh_request_sequence,filter_full_refresh_duplicate_stamp_count,filter_map_process_ack_status_count,filter_map_process_ack_malformed_count,filter_last_map_process_ack_scan_seq,filter_last_map_process_ack_stamp_ns,filter_last_map_process_ack_version,filter_pre_stale_full_refresh_same_version_suppressed_frames,filter_pre_stale_full_refresh_trigger_age_mean_s,filter_pre_stale_full_refresh_trigger_age_max_s,filter_pre_stale_full_refresh_ack_latency_mean_s,filter_pre_stale_full_refresh_ack_latency_max_s,filter_map_commit_age_mean_s,filter_map_commit_age_max_s,filter_full_open_extra_max_points,filter_full_open_extra_candidates,filter_full_open_extra_kept,filter_publish_duty_pct,filter_input_points,filter_kept_points,filter_kept_pct,filter_armed,filter_armed_duty_pct,filter_open,filter_open_duty_pct,filter_open_point_duty_pct,filter_recovery_active,filter_open_burst_s,filter_open_cooldown_s,filter_near_field_radius_m,filter_near_field_speed_gain_s,filter_near_field_max_radius_m,filter_max_effective_near_field_radius_m,filter_arm_transitions,filter_open_transitions,filter_close_transitions,filter_first_transition_time_s,filter_first_arm_time_s,filter_first_stall_candidate_time_s,filter_first_open_stall_start_time_s,filter_first_open_time_s,filter_first_open_delay_s,filter_first_close_time_s,filter_first_open_duration_s,filter_stall_candidate_count,filter_max_stall_candidate_duration_s,filter_min_armed_closed_speed_mps,filter_replan_guard_en,filter_replan_guard_bounded,filter_replan_guard_active,filter_replan_guard_burst_s,filter_replan_guard_cooldown_s,filter_replan_fail_streak_open,filter_replan_ok_streak_close,filter_replan_guard_open,filter_replan_guard_open_transitions,filter_replan_guard_close_transitions,filter_effective_full_open_transitions,filter_effective_full_close_transitions,filter_replan_guard_open_duty_pct,filter_replan_status_count,filter_replan_fail_count,filter_max_replan_fail_streak,filter_first_replan_guard_open_time_s,filter_first_effective_full_open_time_s,filter_trajectory_guard_topic,filter_trajectory_guard_hold_s,filter_trajectory_guard_active_max_publish_hz,filter_trajectory_guard_ack_retry_age_s,filter_trajectory_guard_active,filter_trajectory_guard_open,filter_trajectory_guard_status_count,filter_trajectory_guard_active_count,filter_trajectory_guard_open_transitions,filter_trajectory_guard_close_transitions,filter_trajectory_guard_refresh_frames,filter_trajectory_guard_full_refresh_pending_ack,filter_trajectory_guard_full_refresh_pending_ack_max,filter_trajectory_guard_full_refresh_ack_count,filter_trajectory_guard_full_refresh_ack_committed_count,filter_trajectory_guard_full_refresh_superseded_count,filter_trajectory_guard_full_refresh_ack_retry_frames,filter_trajectory_guard_full_refresh_abandoned_count,filter_trajectory_guard_full_refresh_ack_latency_mean_s,filter_trajectory_guard_full_refresh_ack_latency_max_s,filter_test_drop_first_trajectory_guard_full_cloud,filter_test_dropped_trajectory_guard_full_clouds,filter_trajectory_guard_open_duty_pct,filter_trajectory_guard_active_frames,filter_trajectory_guard_hold_only_frames,filter_trajectory_guard_active_published_frames,filter_trajectory_guard_hold_only_published_frames,filter_trajectory_guard_active_duty_pct,filter_trajectory_guard_hold_only_duty_pct,filter_first_trajectory_guard_open_time_s,recovery_triggered,recovery_reclosed,recovery_spawn_after_arm,recovery_open_after_spawn,recovery_open_during_hold,recovery_success,mission_driver_phase,mission_driver_start_delay_s,mission_driver_approach_radius_m,mission_driver_hold_low_speed_s,mission_driver_low_speed_v,mission_driver_approach_start_time_s,mission_driver_approach_start_wall_time_s,mission_driver_approach_start_speed_mps,mission_driver_hold_start_time_s,mission_driver_hold_start_wall_time_s,mission_driver_hold_start_speed_mps,mission_driver_hold_start_distance_m,mission_driver_release_time_s,mission_driver_release_wall_time_s,mission_driver_release_speed_mps,mission_driver_release_low_speed_duration_s,pts_mean,total_ms_mean,raycast_ms_mean,update_ms_mean,inflation_ms_mean,kept_pct,fsm_cpu_pct,filter_cpu_pct,monitor_cpu_pct,attempt_count,retry_count,first_attempt_success,retry_reasons,oom_kill_delta,fsm_peak_rss_mib,fsm_peak_pss_mib,fsm_peak_swap_mib,system_min_available_mib,system_peak_swap_used_mib,cgroup_peak_memory_mib,cgroup_peak_swap_mib,memory_psi_some_avg10_max,memory_psi_full_avg10_max,memory_trace_csv,perf_log_generation_ready,perf_window_valid,perf_trace_csv,perf_row_start,perf_row_end,input_distance_m,kept_distance_m
seed7,1,full,1,1,,strict-burst,direct,True,True,,,,,,,,,,,,,0,0,0,0,0,10,12,0,0,0,0,0,0,0,16,40,0,1,0,6,8,0,12,16,22.296961069107056,1.393560066819191,6.630765438079834,,,,,,,,,,,,,,,,,,,,,,,,,,,,,,,69.41,5,5,0,0.344,True,838860,0,0.394,0.194,,,,,,,0,,,,,,,,,,,../../tmp/goal_ordered_dense_full_adaptive_n3_artifacts_20260827/seed7_run1_full.json,6941,6085,1.062,-1.05,1.909,-27.227,24.434,-27.572,25.861,234.415,7.001,7.001103,7.001103,7.000614,7.0,0.01,True,0,0,0,,,,,,0.827,,,,,,,0,,,,,,,,,,,,,,,,,,,,,,,,,,,,,,,,,,,,,,,,,,,,,,,,,,,,,,,,,,,,,,,,,,,,,,,,,,,,,,,,,,,,,,,,,,,,,,,,,,,,,,,,,,,,,,,,,,,,,,,,,,,,,,,,,,,,,,,,,,,,,,,,,,,,,,,,,,,,,,,,,,,,,,,,,,,,,,,,,,,,,,,,,,,,,,,,,,,,,,,,,,,,,,,,,,,,,,,,,,,,,,,,,36501.74193548387,38.483396774193544,25.676819815668203,12.80471297235023,2.430028608294931,,106.81522167518568,,24.900548709686973,1,0,True,,0,3479.48828125,3457.1982421875,0.0,5873.96875,2042.109375,5464.375,558.06640625,0.0,0.0,../../tmp/goal_ordered_dense_full_adaptive_n3_artifacts_20260827/seed7_run1_full.attempt1.memory.csv,True,True,../../tmp/goal_ordered_dense_full_adaptive_n3_artifacts_20260827/seed7_run1_full.attempt1.performance.csv,4,438,,
seed7,1,adaptive,2,2,,strict-burst,cpp,True,True,,,,,,,,,,,,,0,34,34,34,0,9,14,0,0,0,0,0,0,0,34,73,0,1,0,19,15,0,31,34,33.78532338142395,0.9936859818065867,3.478215456008911,,,,,,,,,,,,,,,,,,,,,,,,,,,,,,,81.12,5,5,0,0.411,True,838860,0,0.467,0.267,,,,,,,0,,,,,,,,,,,../../tmp/goal_ordered_dense_full_adaptive_n3_artifacts_20260827/seed7_run1_adaptive.json,8111,7490,0.674,-1.293,1.628,-25.7,24.319,-25.166,27.011,233.486,6.996,7.001772,7.001772,6.99572,7.0,0.01,True,0,0,0,,,,,,1.459,1787803456.850924,7.595,7.854,1787803455.681518,4.647,5.087,0,,,,,,,,,,,,,,,,,,,,,,,,,,,,,,,,,,,,,,,,,,,,,,,,,,,,,,,,,,,,,,,,,,,,,,,,,,60,True,0.6,1.2,1.5,2,1.5,431,313,118,5,/rog_map/commit_version,0.12,0.1,0.25,0,True,/rog_map/cloud_process_ack,/sector/full_refresh_request,306,306,31,84,84,False,0,1,84,0,0,0,84,False,118,118,0,306,0,306,1787803536878729012,306,1,0.338591,0.761134,0.048939,0.115953,0.18638,1.068022,6000,1722459,797348,72.622,15469808,9562887,61.816,True,70.766,True,85.383,88.469,True,0.6,1.4,1.5,0.2,3,2.898435,1,2,1,1787803474.06,1787803474.06,1787803474.15,1787803508.47,1787803509.68,1.210035,1787803511.94,2.259962,33,1.210035,0,True,True,False,0.6,1.4,3,15,False,29,29,9,8,17.401,439,254,9,1787803455.04,1787803455.04,/planning/trajectory_guard_recovery_active,2.5,0,0,False,True,69,34,8,7,34,False,1,34,34,0,0,0,0.050764,0.071659,False,0,82.367,165,190,135,125,38.283,44.084,1787803456.85,,,,,,,,,,,,,,,,,,,,,,,31198.918032786885,31.58124121311475,19.952562918032786,11.626812950819671,2.7903021606557377,61.816,78.17604454781001,3.1690485067359866,26.16231661397715,1,0,True,,0,3426.4296875,3402.8115234375,0.0,5887.984375,2042.09765625,5503.0,558.06640625,0.0,0.0,../../tmp/goal_ordered_dense_full_adaptive_n3_artifacts_20260827/seed7_run1_adaptive.attempt1.memory.csv,True,True,../../tmp/goal_ordered_dense_full_adaptive_n3_artifacts_20260827/seed7_run1_adaptive.attempt1.performance.csv,1,306,,
seed7,2,adaptive,3,1,,strict-burst,cpp,True,True,,,,,,,,,,,,,0,22,22,22,0,4,4,0,0,0,0,0,0,0,22,44,0,1,0,11,10,0,19,22,18.405383348464966,0.8366083340211348,1.2784371376037598,,,,,,,,,,,,,,,,,,,,,,,,,,,,,,,70.46,5,5,0,0.364,True,838860,0,0.441,0.241,,,,,,,0,,,,,,,,,,,../../tmp/goal_ordered_dense_full_adaptive_n3_artifacts_20260827/seed7_run2_adaptive.json,7045,6120,0.939,-1.089,1.904,-25.801,24.025,-28.001,25.894,230.186,7.0,7.002697,7.002697,6.999957,7.0,0.01,True,0,0,0,,,,,,0.0,1787803547.930839,3.021,3.402,1787803548.628544,4.58,5.106,0,,,,,,,,,,,,,,,,,,,,,,,,,,,,,,,,,,,,,,,,,,,,,,,,,,,,,,,,,,,,,,,,,,,,,,,,,,60,True,0.6,1.2,1.5,2,1.5,412,297,115,5,/rog_map/commit_version,0.12,0.1,0.25,0,True,/rog_map/cloud_process_ack,/sector/full_refresh_request,289,289,28,66,66,False,0,1,66,0,0,0,66,False,88,88,0,289,0,289,1787803617929065729,289,0,0.335951,0.477001,0.050667,0.111274,0.166207,0.866932,6000,1746986,813838,72.087,15025972,9095416,60.531,True,62.379,True,77.67,80.597,False,0.6,1.4,1.5,0.2,3,2.895353,1,1,1,1787803571.91,1787803571.91,1787803572.07,1787803588.77,1787803589.97,1.200081,1787803597.4,7.430182,31,1.200081,0,True,True,False,0.6,1.4,3,15,False,25,25,11,10,21.117,442,263,8,1787803547.93,1787803547.93,/planning/trajectory_guard_recovery_active,2.5,0,0,False,True,45,22,5,4,22,False,1,22,22,0,0,0,0.054157,0.083221,False,0,68.447,114,168,87,122,27.67,40.777,1787803549.35,,,,,,,,,,,,,,,,,,,,,,,31308.553633217995,31.67736480968858,20.047293840830452,11.628233667820068,2.9675675605536336,60.531,87.82467016416064,3.385575960074989,26.795072204006182,1,0,True,,0,3393.359375,3369.7470703125,0.0,5958.73046875,2042.0859375,5425.6328125,558.0546875,0.0,0.0,../../tmp/goal_ordered_dense_full_adaptive_n3_artifacts_20260827/seed7_run2_adaptive.attempt1.memory.csv,True,True,../../tmp/goal_ordered_dense_full_adaptive_n3_artifacts_20260827/seed7_run2_adaptive.attempt1.performance.csv,0,289,,
seed7,2,full,4,2,,strict-burst,direct,True,True,,,,,,,,,,,,,0,0,0,0,0,11,19,0,0,0,0,0,0,0,27,61,0,1,0,12,13,0,19,27,29.887544870376587,1.106946106310244,3.5432112216949463,,,,,,,,,,,,,,,,,,,,,,,,,,,,,,,84.28,5,5,0,0.379,True,838860,0,0.468,0.268,,,,,,,0,,,,,,,,,,,../../tmp/goal_ordered_dense_full_adaptive_n3_artifacts_20260827/seed7_run2_full.json,8427,7579,1.042,-1.011,1.44,-25.89,24.025,-26.629,25.76,237.276,7.006,7.006089,7.006089,7.006084,7.0,0.01,True,0,0,0,,,,,,1.452,,,,,,,0,,,,,,,,,,,,,,,,,,,,,,,,,,,,,,,,,,,,,,,,,,,,,,,,,,,,,,,,,,,,,,,,,,,,,,,,,,,,,,,,,,,,,,,,,,,,,,,,,,,,,,,,,,,,,,,,,,,,,,,,,,,,,,,,,,,,,,,,,,,,,,,,,,,,,,,,,,,,,,,,,,,,,,,,,,,,,,,,,,,,,,,,,,,,,,,,,,,,,,,,,,,,,,,,,,,,,,,,,,,,,,,,,36995.313953488374,37.752069069767444,25.030366744186047,12.719610488372094,2.429168093023256,,88.63620506829854,,24.92156337175518,1,0,True,,0,3451.91796875,3429.625,0.0,5898.2265625,2042.07421875,5504.46875,558.05078125,0.0,0.0,../../tmp/goal_ordered_dense_full_adaptive_n3_artifacts_20260827/seed7_run2_full.attempt1.memory.csv,True,True,../../tmp/goal_ordered_dense_full_adaptive_n3_artifacts_20260827/seed7_run2_full.attempt1.performance.csv,1,431,,
seed7,3,full,5,1,,strict-burst,direct,True,True,,,,,,,,,,,,,0,0,0,0,0,6,9,0,0,0,0,0,0,0,30,39,0,0,0,19,9,0,26,30,31.99806499481201,1.0666021664937337,3.0732784271240234,,,,,,,,,,,,,,,,,,,,,,,,,,,,,,,79.37,5,5,0,0.388,True,838860,0,0.465,0.265,,,,,,,0,,,,,,,,,,,../../tmp/goal_ordered_dense_full_adaptive_n3_artifacts_20260827/seed7_run3_full.json,7936,7103,0.959,-1.094,1.781,-25.737,24.126,-25.063,25.805,231.204,7.0,7.000723,7.000723,7.000456,7.0,0.01,True,0,0,0,,,,,,1.454,,,,,,,0,,,,,,,,,,,,,,,,,,,,,,,,,,,,,,,,,,,,,,,,,,,,,,,,,,,,,,,,,,,,,,,,,,,,,,,,,,,,,,,,,,,,,,,,,,,,,,,,,,,,,,,,,,,,,,,,,,,,,,,,,,,,,,,,,,,,,,,,,,,,,,,,,,,,,,,,,,,,,,,,,,,,,,,,,,,,,,,,,,,,,,,,,,,,,,,,,,,,,,,,,,,,,,,,,,,,,,,,,,,,,,,,,35829.351485148516,37.87676039603961,25.13111806930693,12.743713267326733,2.4983492846534654,,82.60235619685834,,27.76637806445492,1,0,True,,0,3447.86328125,3425.5498046875,0.0,5832.7890625,2042.0703125,5501.5625,558.046875,0.0,0.0,../../tmp/goal_ordered_dense_full_adaptive_n3_artifacts_20260827/seed7_run3_full.attempt1.memory.csv,True,True,../../tmp/goal_ordered_dense_full_adaptive_n3_artifacts_20260827/seed7_run3_full.attempt1.performance.csv,0,404,,
seed7,3,adaptive,6,2,,strict-burst,cpp,True,True,,,,,,,,,,,,,0,21,21,21,0,2,2,0,0,0,0,0,0,0,21,43,0,1,0,10,10,0,13,21,17.513909339904785,0.8339956828526088,3.3326141834259033,,,,,,,,,,,,,,,,,,,,,,,,,,,,,,,68.66,5,5,0,0.384,True,838860,0,0.475,0.275,,,,,,,0,,,,,,,,,,,../../tmp/goal_ordered_dense_full_adaptive_n3_artifacts_20260827/seed7_run3_adaptive.json,6867,5910,0.69,-1.133,1.666,-25.674,23.97,-26.903,24.713,227.243,6.999,7.001799,7.001798,6.99919,7.0,0.01,True,0,0,0,,,,,,0.0,1787803813.213396,2.912,3.273,1787803813.843725,4.61,5.113,0,,,,,,,,,,,,,,,,,,,,,,,,,,,,,,,,,,,,,,,,,,,,,,,,,,,,,,,,,,,,,,,,,,,,,,,,,,60,True,0.6,1.2,1.5,2,1.5,374,277,97,5,/rog_map/commit_version,0.12,0.1,0.25,0,True,/rog_map/cloud_process_ack,/sector/full_refresh_request,275,275,28,84,84,False,0,1,84,0,0,0,84,False,105,105,0,275,0,275,1787803881132213882,275,2,0.333832,0.562477,0.054377,0.152279,0.173695,1.040261,6000,1498705,677266,74.064,12952506,8235814,63.585,True,27.54,True,77.807,80.901,False,0.6,1.4,1.5,0.2,3,2.899766,1,0,0,1787803860.05,1787803860.05,1787803860.12,,,,,,17,0.909794,0,True,True,False,0.6,1.4,3,15,False,23,23,12,11,18.717,400,250,8,1787803813.21,1787803813.21,/planning/trajectory_guard_recovery_active,2.5,0,0,False,True,43,21,8,7,21,False,1,21,21,0,0,0,0.05052,0.082836,False,0,72.46,107,164,84,120,28.61,43.85,1787803814.1,,,,,,,,,,,,,,,,,,,,,,,29905.4,34.063854763636364,21.494021163636365,12.56742538181818,3.2350845054545454,63.585,92.40911844078964,3.103455345833897,26.286214526796275,1,0,True,,0,3410.6796875,3386.9736328125,0.0,5867.48046875,2041.8203125,5503.21484375,558.046875,0.0,0.0,../../tmp/goal_ordered_dense_full_adaptive_n3_artifacts_20260827/seed7_run3_adaptive.attempt1.memory.csv,True,True,../../tmp/goal_ordered_dense_full_adaptive_n3_artifacts_20260827/seed7_run3_adaptive.attempt1.performance.csv,0,275,,
seed8,1,adaptive,7,1,,strict-burst,cpp,True,True,,,,,,,,,,,,,0,28,28,28,0,11,16,0,0,0,0,0,0,0,27,71,0,0,0,11,14,0,17,27,26.167966604232788,0.969183948304918,2.487208127975464,,,,,,,,,,,,,,,,,,,,,,,,,,,,,,,76.91,5,5,0,0.379,True,838860,0,0.41,0.21,,,,,,,0,,,,,,,,,,,../../tmp/goal_ordered_dense_full_adaptive_n3_artifacts_20260827/seed8_run1_adaptive.json,7691,7010,1.011,-1.042,1.715,-29.986,24.025,-28.064,24.978,233.732,6.999,7.000943,7.000943,6.999066,7.0,0.01,True,0,0,0,,,,,,0.0,1787803891.823791,1.861,1.976,1787803906.706021,11.087,23.312,0,,,,,,,,,,,,,,,,,,,,,,,,,,,,,,,,,,,,,,,,,,,,,,,,,,,,,,,,,,,,,,,,,,,,,,,,,,60,True,0.6,1.2,1.5,2,1.5,445,324,121,5,/rog_map/commit_version,0.12,0.1,0.25,0,True,/rog_map/cloud_process_ack,/sector/full_refresh_request,317,317,34,72,72,False,0,1,72,0,0,0,72,False,100,100,0,317,0,317,1787803968892935296,317,0,0.342116,0.583642,0.048197,0.095788,0.16767,1.07102,6000,1901206,908465,72.809,14944443,9068703,60.683,False,0,True,81.798,83.726,False,0.6,1.4,1.5,0.2,3,2.897423,0,0,0,,,,,,,,,0,0,,True,True,False,0.6,1.4,3,15,False,28,28,9,8,17.528,422,261,9,1787803893.27,1787803891.82,/planning/trajectory_guard_recovery_active,2.5,0,0,True,True,56,28,5,4,28,False,1,28,28,0,0,0,0.051042,0.139236,False,0,78.427,176,173,135,124,39.551,38.876,1787803891.82,,,,,,,,,,,,,,,,,,,,,,,28504.905362776026,31.71420451104101,19.964534416403787,11.747700820189275,2.7426178895899054,60.683,84.21248998764786,3.175123345696507,26.457662070402712,1,0,True,,0,3430.02734375,3406.4765625,0.0,5862.29296875,2041.8203125,5524.5390625,558.046875,0.0,0.0,../../tmp/goal_ordered_dense_full_adaptive_n3_artifacts_20260827/seed8_run1_adaptive.attempt1.memory.csv,True,True,../../tmp/goal_ordered_dense_full_adaptive_n3_artifacts_20260827/seed8_run1_adaptive.attempt1.performance.csv,0,317,,
seed8,1,full,8,2,,strict-burst,direct,True,True,,,,,,,,,,,,,0,0,0,0,0,8,9,0,0,0,0,0,0,0,21,44,0,0,0,10,9,0,16,20,24.383000135421753,1.2191500067710876,4.757089614868164,,,,,,,,,,,,,,,,,,,,,,,,,,,,,,,70.94,5,5,0,0.388,True,838860,0,0.405,0.205,,,,,,,0,,,,,,,,,,,../../tmp/goal_ordered_dense_full_adaptive_n3_artifacts_20260827/seed8_run1_full.json,7094,6260,0.983,-1.065,1.315,-27.07,24.078,-24.661,27.478,231.363,6.999,7.00211,7.00211,6.998883,7.0,0.01,True,0,0,0,,,,,,1.434,,,,,,,0,,,,,,,,,,,,,,,,,,,,,,,,,,,,,,,,,,,,,,,,,,,,,,,,,,,,,,,,,,,,,,,,,,,,,,,,,,,,,,,,,,,,,,,,,,,,,,,,,,,,,,,,,,,,,,,,,,,,,,,,,,,,,,,,,,,,,,,,,,,,,,,,,,,,,,,,,,,,,,,,,,,,,,,,,,,,,,,,,,,,,,,,,,,,,,,,,,,,,,,,,,,,,,,,,,,,,,,,,,,,,,,,,35680.00779220779,40.24081766233766,26.731336103896105,13.507393506493507,2.6902127454545455,,99.37614921246474,,26.988901294439945,1,0,True,,0,3450.1796875,3427.9111328125,0.0,5923.37109375,2041.80078125,5455.7109375,558.046875,0.0,0.0,../../tmp/goal_ordered_dense_full_adaptive_n3_artifacts_20260827/seed8_run1_full.attempt1.memory.csv,True,True,../../tmp/goal_ordered_dense_full_adaptive_n3_artifacts_20260827/seed8_run1_full.attempt1.performance.csv,2,387,,
seed8,2,full,9,1,,strict-burst,direct,True,True,,,,,,,,,,,,,0,0,0,0,0,5,10,0,0,0,0,0,0,0,8,15,0,0,0,4,3,0,4,8,19.324604511260986,2.4155755639076233,8.751655101776123,,,,,,,,,,,,,,,,,,,,,,,,,,,,,,,65.46,5,5,0,0.369,True,838860,0,0.474,0.274,,,,,,,0,,,,,,,,,,,../../tmp/goal_ordered_dense_full_adaptive_n3_artifacts_20260827/seed8_run2_full.json,6546,5900,1.04,-1.077,1.907,-27.1,24.025,-26.828,24.453,224.238,7.001,7.001398,7.001398,7.000726,7.0,0.01,True,0,0,0,,,,,,1.497,,,,,,,0,,,,,,,,,,,,,,,,,,,,,,,,,,,,,,,,,,,,,,,,,,,,,,,,,,,,,,,,,,,,,,,,,,,,,,,,,,,,,,,,,,,,,,,,,,,,,,,,,,,,,,,,,,,,,,,,,,,,,,,,,,,,,,,,,,,,,,,,,,,,,,,,,,,,,,,,,,,,,,,,,,,,,,,,,,,,,,,,,,,,,,,,,,,,,,,,,,,,,,,,,,,,,,,,,,,,,,,,,,,,,,,,,33873.9906323185,42.73232740046838,28.578069555035132,14.1522462529274,2.672028775175644,,114.10109201132467,,25.96205893208056,1,0,True,,0,3456.875,3434.6435546875,0.0,5906.3125,2041.796875,5475.3515625,558.046875,0.0,0.0,../../tmp/goal_ordered_dense_full_adaptive_n3_artifacts_20260827/seed8_run2_full.attempt1.memory.csv,True,True,../../tmp/goal_ordered_dense_full_adaptive_n3_artifacts_20260827/seed8_run2_full.attempt1.performance.csv,1,428,,
seed8,2,adaptive,10,2,,strict-burst,cpp,True,True,,,,,,,,,,,,,0,37,37,37,0,7,7,0,0,0,0,0,0,0,37,70,0,0,0,21,14,0,31,37,37.76862406730652,1.0207736234407168,2.9432992935180664,,,,,,,,,,,,,,,,,,,,,,,,,,,,,,,84.22,5,5,0,0.376,True,838860,0,0.436,0.236,,,,,,,0,,,,,,,,,,,../../tmp/goal_ordered_dense_full_adaptive_n3_artifacts_20260827/seed8_run2_adaptive.json,8422,7520,1.058,-1.054,2.137,-27.107,24.025,-25.843,24.314,232.125,6.999,7.002382,7.002382,6.999096,7.0,0.01,True,0,0,0,,,,,,0.0,1787804136.475249,2.685,3.177,1787804163.568842,-9.95,23.474,0,,,,,,,,,,,,,,,,,,,,,,,,,,,,,,,,,,,,,,,,,,,,,,,,,,,,,,,,,,,,,,,,,,,,,,,,,,60,True,0.6,1.2,1.5,2,1.5,375,294,81,5,/rog_map/commit_version,0.12,0.1,0.25,0,True,/rog_map/cloud_process_ack,/sector/full_refresh_request,288,288,28,87,87,False,0,1,87,0,0,0,87,False,124,124,0,288,0,288,1787804220157596613,288,0,0.354915,0.783544,0.05196,0.139939,0.211055,1.230003,6000,1700209,756000,78.4,12549532,8424937,67.133,False,0,True,92.533,94.038,False,0.6,1.4,1.5,0.2,3,2.899185,0,0,0,,,,,,,,,0,0,,True,True,False,0.6,1.4,3,15,False,27,27,6,5,14.933,405,224,9,1787804136.47,1787804136.47,/planning/trajectory_guard_recovery_active,2.5,0,0,False,True,75,37,5,4,37,False,1,37,37,0,0,0,0.053573,0.084477,False,0,91.2,172,170,138,129,45.867,45.333,1787804136.73,,,,,,,,,,,,,,,,,,,,,,,29156.15625,34.263710937499994,21.575301562499998,12.686443680555556,2.953498954861111,67.133,72.03424947328476,3.037927168905322,25.907419638903953,1,0,True,,0,3402.0234375,3378.3701171875,0.0,5866.7421875,2041.7734375,5504.58984375,558.046875,0.0,0.0,../../tmp/goal_ordered_dense_full_adaptive_n3_artifacts_20260827/seed8_run2_adaptive.attempt1.memory.csv,True,True,../../tmp/goal_ordered_dense_full_adaptive_n3_artifacts_20260827/seed8_run2_adaptive.attempt1.performance.csv,0,288,,
seed8,3,adaptive,11,1,,strict-burst,cpp,True,True,,,,,,,,,,,,,0,43,43,43,0,6,7,0,0,0,0,0,0,0,43,83,0,0,0,23,19,0,37,43,38.509360551834106,0.8955665244612583,2.3267364501953125,,,,,,,,,,,,,,,,,,,,,,,,,,,,,,,86.79,5,5,0,0.324,True,838860,0,0.387,0.187,,,,,,,0,,,,,,,,,,,../../tmp/goal_ordered_dense_full_adaptive_n3_artifacts_20260827/seed8_run3_adaptive.json,8678,7730,0.812,-1.141,1.37,-27.15,24.039,-25.51,27.039,234.626,7.0,7.001959,7.001959,7.000193,7.0,0.01,True,0,0,0,,,,,,0.0,1787804256.025251,-1.887,25.47,1787804254.499579,3.935,25.759,0,,,,,,,,,,,,,,,,,,,,,,,,,,,,,,,,,,,,,,,,,,,,,,,,,,,,,,,,,,,,,,,,,,,,,,,,,,60,True,0.6,1.2,1.5,2,1.5,437,344,93,5,/rog_map/commit_version,0.12,0.1,0.25,0,True,/rog_map/cloud_process_ack,/sector/full_refresh_request,337,337,28,74,74,False,0,1,74,0,0,0,74,False,117,117,0,337,0,337,1787804317092892647,337,1,0.359048,0.731375,0.050576,0.115931,0.186307,1.259339,6000,2336441,1089618,78.719,15374286,10161120,66.092,False,0,True,91.991,93.078,False,0.6,1.4,1.5,0.2,3,2.899548,0,0,0,,,,,,,,,0,0,,True,True,False,0.6,1.4,3,15,False,28,28,4,3,16.705,417,253,10,1787804232.58,1787804230.44,/planning/trajectory_guard_recovery_active,2.5,0,0,False,True,87,43,3,2,43,False,1,43,43,0,0,0,0.05054,0.075476,False,0,90.389,236,159,187,128,54.005,36.384,1787804230.44,,,,,,,,,,,,,,,,,,,,,,,30054.86646884273,32.34875317507419,20.704025756676558,11.642791364985163,2.6087784777448073,66.092,73.72038736248392,3.198002977610577,25.949173906382054,1,0,True,,0,3443.24609375,3419.6923828125,0.0,5842.99609375,2041.765625,5542.95703125,558.046875,0.0,0.0,../../tmp/goal_ordered_dense_full_adaptive_n3_artifacts_20260827/seed8_run3_adaptive.attempt1.memory.csv,True,True,../../tmp/goal_ordered_dense_full_adaptive_n3_artifacts_20260827/seed8_run3_adaptive.attempt1.performance.csv,0,337,,
seed8,3,full,12,2,,strict-burst,direct,True,True,,,,,,,,,,,,,0,0,0,0,0,5,5,0,0,0,0,0,0,0,24,33,0,0,0,15,7,0,21,24,23.44071364402771,0.9766964018344879,3.1697075366973877,,,,,,,,,,,,,,,,,,,,,,,,,,,,,,,72.98,5,5,0,0.333,True,838860,0,0.412,0.212,,,,,,,0,,,,,,,,,,,../../tmp/goal_ordered_dense_full_adaptive_n3_artifacts_20260827/seed8_run3_full.json,7297,6659,0.939,-1.159,1.602,-27.15,24.204,-26.366,24.174,230.843,7.001,7.001877,7.001877,7.000969,7.0,0.01,True,0,0,0,,,,,,1.492,,,,,,,0,,,,,,,,,,,,,,,,,,,,,,,,,,,,,,,,,,,,,,,,,,,,,,,,,,,,,,,,,,,,,,,,,,,,,,,,,,,,,,,,,,,,,,,,,,,,,,,,,,,,,,,,,,,,,,,,,,,,,,,,,,,,,,,,,,,,,,,,,,,,,,,,,,,,,,,,,,,,,,,,,,,,,,,,,,,,,,,,,,,,,,,,,,,,,,,,,,,,,,,,,,,,,,,,,,,,,,,,,,,,,,,,,33790.896457765666,42.148533787465944,27.75992833787466,14.386580817438693,2.8566801580381473,,94.31009354245354,,25.414934928775573,1,0,True,,0,3455.10546875,3432.623046875,0.0,5837.1015625,2041.765625,5460.64453125,558.046875,0.0,0.0,../../tmp/goal_ordered_dense_full_adaptive_n3_artifacts_20260827/seed8_run3_full.attempt1.memory.csv,True,True,../../tmp/goal_ordered_dense_full_adaptive_n3_artifacts_20260827/seed8_run3_full.attempt1.performance.csv,3,370,,
seed9,1,full,13,1,,strict-burst,direct,True,True,,,,,,,,,,,,,0,0,0,0,0,7,9,0,0,0,0,0,0,0,15,29,0,0,0,9,6,0,9,15,16.700034618377686,1.1133356412251791,2.2943036556243896,,,,,,,,,,,,,,,,,,,,,,,,,,,,,,,70.21,5,5,0,0.375,True,1042220,0,0.458,0.258,,,,,,,0,,,,,,,,,,,../../tmp/goal_ordered_dense_full_adaptive_n3_artifacts_20260827/seed9_run1_full.json,7020,6628,1.311,-0.684,2.315,-24.0,24.025,-27.854,24.376,231.471,7.0,7.002137,7.002137,6.999845,7.0,0.01,True,0,0,0,,,,,,1.479,,,,,,,0,,,,,,,,,,,,,,,,,,,,,,,,,,,,,,,,,,,,,,,,,,,,,,,,,,,,,,,,,,,,,,,,,,,,,,,,,,,,,,,,,,,,,,,,,,,,,,,,,,,,,,,,,,,,,,,,,,,,,,,,,,,,,,,,,,,,,,,,,,,,,,,,,,,,,,,,,,,,,,,,,,,,,,,,,,,,,,,,,,,,,,,,,,,,,,,,,,,,,,,,,,,,,,,,,,,,,,,,,,,,,,,,,44568.12145748988,38.55602570850202,26.407896153846156,12.14601394736842,2.5412577955465587,,111.3885213241644,,,1,0,True,,0,3434.0625,3411.69140625,0.0,5899.5234375,2041.7578125,5503.18359375,558.046875,0.0,0.0,../../tmp/goal_ordered_dense_full_adaptive_n3_artifacts_20260827/seed9_run1_full.attempt1.memory.csv,True,True,../../tmp/goal_ordered_dense_full_adaptive_n3_artifacts_20260827/seed9_run1_full.attempt1.performance.csv,3,497,,
seed9,1,adaptive,14,2,,strict-burst,cpp,True,True,,,,,,,,,,,,,0,31,31,31,0,13,16,0,0,0,0,0,0,0,31,95,0,0,0,10,20,0,22,31,28.93584370613098,0.9334143131009994,2.9986963272094727,,,,,,,,,,,,,,,,,,,,,,,,,,,,,,,81.5,5,5,0,0.375,True,1042220,0,0.447,0.247,,,,,,,0,,,,,,,,,,,../../tmp/goal_ordered_dense_full_adaptive_n3_artifacts_20260827/seed9_run1_adaptive.json,8150,7510,1.151,-0.899,1.429,-23.975,23.485,-26.613,24.66,237.976,7.0,7.001358,7.001358,7.000189,7.0,0.01,True,0,0,0,,,,,,0.0,1787804491.986452,2.224,1.65,1787804498.681421,15.437,11.921,0,,,,,,,,,,,,,,,,,,,,,,,,,,,,,,,,,,,,,,,,,,,,,,,,,,,,,,,,,,,,,,,,,,,,,,,,,,60,True,0.6,1.2,1.5,2,1.5,457,320,137,5,/rog_map/commit_version,0.12,0.1,0.25,0,True,/rog_map/cloud_process_ack,/sector/full_refresh_request,317,317,37,85,85,False,0,1,85,0,0,0,85,False,116,116,0,317,0,317,1787804572673563168,317,2,0.366001,1.159665,0.051347,0.130045,0.172948,1.159665,6000,1994633,880440,70.022,20145333,12343384,61.272,True,41.575,True,86.652,88.877,True,0.6,1.4,1.5,0.2,3,2.899932,1,1,0,1787804532.87,1787804532.87,1787804533.07,1787804560.31,1787804561.51,1.200265,,,19,1.200265,0,True,True,True,0.6,1.4,3,15,True,26,25,12,11,19.037,485,276,10,1787804491.99,1787804491.99,/planning/trajectory_guard_recovery_active,2.5,0,0,False,True,63,31,9,8,31,False,1,31,31,0,0,0,0.04806,0.081151,False,0,81.619,152,221,116,150,33.26,48.359,1787804492.23,,,,,,,,,,,,,,,,,,,,,,,38876.20504731861,31.499254164037858,20.292514006309148,11.20494121451104,3.029289700315457,61.272,83.7425130657297,3.3896855631557683,25.835948554552267,1,0,True,,0,3432.8828125,3409.3212890625,0.0,5839.5546875,2041.74609375,5538.42578125,558.046875,0.0,0.0,../../tmp/goal_ordered_dense_full_adaptive_n3_artifacts_20260827/seed9_run1_adaptive.attempt1.memory.csv,True,True,../../tmp/goal_ordered_dense_full_adaptive_n3_artifacts_20260827/seed9_run1_adaptive.attempt1.performance.csv,0,317,,
seed9,2,adaptive,15,1,,strict-burst,cpp,True,True,,,,,,,,,,,,,0,32,32,32,0,8,10,0,0,0,0,0,0,0,32,56,0,0,0,20,11,0,26,31,33.99288201332092,1.0965445810748684,4.3507959842681885,,,,,,,,,,,,,,,,,,,,,,,,,,,,,,,84.63,5,5,0,0.396,True,1042220,0,0.477,0.277,,,,,,,0,,,,,,,,,,,../../tmp/goal_ordered_dense_full_adaptive_n3_artifacts_20260827/seed9_run2_adaptive.json,8463,7952,1.142,-0.968,1.715,-29.997,24.025,-26.621,24.306,247.663,7.005,7.004838,7.004838,7.004824,7.0,0.01,True,0,0,0,,,,,,0.0,1787804583.629358,1.568,2.452,1787804594.678537,18.158,23.566,0,,,,,,,,,,,,,,,,,,,,,,,,,,,,,,,,,,,,,,,,,,,,,,,,,,,,,,,,,,,,,,,,,,,,,,,,,,60,True,0.6,1.2,1.5,2,1.5,462,338,124,5,/rog_map/commit_version,0.12,0.1,0.25,0,True,/rog_map/cloud_process_ack,/sector/full_refresh_request,332,332,31,79,79,False,0,1,79,0,0,0,79,False,111,111,0,332,0,332,1787804667073265715,332,0,0.33467,0.659631,0.047728,0.089859,0.175417,1.263482,6000,1984818,869864,73.16,19178884,11866301,61.872,True,72.511,True,79.221,82.845,True,0.6,1.4,1.5,0.2,3,2.898966,1,2,1,1787804601.08,1787804601.08,1787804601.6,1787804620.69,1787804621.9,1.209947,1787804630.55,8.650553,30,1.209947,0,True,True,False,0.6,1.4,3,15,False,25,25,9,8,16.45,472,257,8,1787804583.63,1787804583.63,/planning/trajectory_guard_recovery_active,2.5,0,0,True,True,64,32,5,4,32,False,1,32,32,0,0,0,0.047624,0.063535,False,0,74.242,170,173,139,124,36.797,37.446,1787804584.1,,,,,,,,,,,,,,,,,,,,,,,35602.15060240964,29.456744457831324,18.9231681626506,10.531718042168675,2.828713996987952,61.872,78.61724049865181,3.3468032409851887,27.884528778468088,1,0,True,,0,3417.02734375,3393.376953125,0.0,5916.06640625,2041.71875,5457.65234375,558.046875,0.0,0.0,../../tmp/goal_ordered_dense_full_adaptive_n3_artifacts_20260827/seed9_run2_adaptive.attempt1.memory.csv,True,True,../../tmp/goal_ordered_dense_full_adaptive_n3_artifacts_20260827/seed9_run2_adaptive.attempt1.performance.csv,0,332,,
seed9,2,full,16,2,,strict-burst,direct,True,True,,,,,,,,,,,,,0,0,0,0,0,8,10,0,0,0,0,0,0,0,36,50,0,0,0,24,12,0,30,35,38.400779008865356,1.0971651145390102,2.9281764030456543,,,,,,,,,,,,,,,,,,,,,,,,,,,,,,,91.36,5,5,0,0.401,True,1042220,0,0.466,0.266,,,,,,,0,,,,,,,,,,,../../tmp/goal_ordered_dense_full_adaptive_n3_artifacts_20260827/seed9_run2_full.json,9135,8742,1.354,-0.563,1.058,-27.18,24.027,-25.903,25.012,235.952,6.999,7.001287,7.001287,6.998633,7.0,0.01,True,0,0,0,,,,,,1.466,,,,,,,0,,,,,,,,,,,,,,,,,,,,,,,,,,,,,,,,,,,,,,,,,,,,,,,,,,,,,,,,,,,,,,,,,,,,,,,,,,,,,,,,,,,,,,,,,,,,,,,,,,,,,,,,,,,,,,,,,,,,,,,,,,,,,,,,,,,,,,,,,,,,,,,,,,,,,,,,,,,,,,,,,,,,,,,,,,,,,,,,,,,,,,,,,,,,,,,,,,,,,,,,,,,,,,,,,,,,,,,,,,,,,,,,,43115.906329113925,35.303226329113926,23.806697974683544,11.494573012658227,2.5966974025316456,,76.41228873964678,,24.024008915622062,1,0,True,,0,3439.1328125,3416.875,0.0,5836.3359375,2041.69921875,5519.17578125,558.046875,0.0,0.0,../../tmp/goal_ordered_dense_full_adaptive_n3_artifacts_20260827/seed9_run2_full.attempt1.memory.csv,True,True,../../tmp/goal_ordered_dense_full_adaptive_n3_artifacts_20260827/seed9_run2_full.attempt1.performance.csv,1,396,,
seed9,3,full,17,1,,strict-burst,direct,True,True,,,,,,,,,,,,,0,0,0,0,0,11,16,0,0,0,0,0,0,0,41,78,0,0,0,21,17,0,34,41,45.73195147514343,1.1154134506132545,3.7941646575927734,,,,,,,,,,,,,,,,,,,,,,,,,,,,,,,92.19,5,5,0,0.278,True,1042220,0,0.371,0.171,,,,,,,0,,,,,,,,,,,../../tmp/goal_ordered_dense_full_adaptive_n3_artifacts_20260827/seed9_run3_full.json,9219,8560,1.155,-0.871,1.422,-24.857,24.025,-26.7,24.872,239.343,7.0,7.001233,7.001232,6.999677,7.0,0.01,True,0,0,0,,,,,,1.447,,,,,,,0,,,,,,,,,,,,,,,,,,,,,,,,,,,,,,,,,,,,,,,,,,,,,,,,,,,,,,,,,,,,,,,,,,,,,,,,,,,,,,,,,,,,,,,,,,,,,,,,,,,,,,,,,,,,,,,,,,,,,,,,,,,,,,,,,,,,,,,,,,,,,,,,,,,,,,,,,,,,,,,,,,,,,,,,,,,,,,,,,,,,,,,,,,,,,,,,,,,,,,,,,,,,,,,,,,,,,,,,,,,,,,,,,42837.34731934732,35.06089417249417,23.63980769230769,11.419064988344989,2.4174373286713284,,76.60529679419777,,26.705367193817253,1,0,True,,0,3438.0625,3415.6943359375,0.0,5887.609375,2041.69140625,5522.3125,558.046875,0.0,0.0,../../tmp/goal_ordered_dense_full_adaptive_n3_artifacts_20260827/seed9_run3_full.attempt1.memory.csv,True,True,../../tmp/goal_ordered_dense_full_adaptive_n3_artifacts_20260827/seed9_run3_full.attempt1.performance.csv,1,430,,
seed9,3,adaptive,18,2,,strict-burst,cpp,True,True,,,,,,,,,,,,,0,27,27,27,0,10,18,0,0,0,0,0,0,0,27,36,0,1,0,18,7,0,23,27,37.80772137641907,1.4002859769044098,9.122329473495483,,,,,,,,,,,,,,,,,,,,,,,,,,,,,,,87.8,5,5,0,0.384,True,1042220,0,0.39,0.19,,,,,,,0,,,,,,,,,,,../../tmp/goal_ordered_dense_full_adaptive_n3_artifacts_20260827/seed9_run3_adaptive.json,8779,8209,1.327,-0.594,2.011,-24.056,24.025,-25.755,24.338,240.143,6.998,7.000638,7.000637,6.998387,7.0,0.01,True,0,0,0,,,,,,0.0,1787804884.064335,6.874,5.974,1787804883.339129,5.35,3.95,0,,,,,,,,,,,,,,,,,,,,,,,,,,,,,,,,,,,,,,,,,,,,,,,,,,,,,,,,,,,,,,,,,,,,,,,,,,60,True,0.6,1.2,1.5,2,1.5,451,327,124,5,/rog_map/commit_version,0.12,0.1,0.25,0,True,/rog_map/cloud_process_ack,/sector/full_refresh_request,322,322,28,94,94,False,0,1,94,0,0,0,94,False,121,121,0,322,0,322,1787804969936656561,322,0,0.38132,0.975698,0.047003,0.098824,0.18738,0.975698,6000,1892709,844152,72.506,18533161,11389836,61.457,False,0,True,82.04,82.366,False,0.6,1.4,1.5,0.2,3,2.898606,0,0,0,,,,,,,,,0,0,,True,True,False,0.6,1.4,3,15,False,30,30,13,12,20.843,445,267,7,1787804882.55,1787804882.55,/planning/trajectory_guard_recovery_active,2.5,0,0,False,True,55,27,9,8,27,False,1,27,27,0,0,0,0.049854,0.068578,False,0,76.497,166,179,132,123,36.807,39.69,1787804884.06,,,,,,,,,,,,,,,,,,,,,,,35270.391304347824,31.048901242236028,19.979333322981365,11.067628260869565,2.9239352546583848,61.457,73.18826149879449,3.2011188613682404,24.65386361012128,1,0,True,,0,3417.76171875,3394.1787109375,0.0,5719.22265625,2041.69140625,5539.23046875,558.046875,0.0,0.0,../../tmp/goal_ordered_dense_full_adaptive_n3_artifacts_20260827/seed9_run3_adaptive.attempt1.memory.csv,True,True,../../tmp/goal_ordered_dense_full_adaptive_n3_artifacts_20260827/seed9_run3_adaptive.attempt1.performance.csv,0,322,,
seed10,1,adaptive,19,1,,strict-burst,cpp,True,True,,,,,,,,,,,,,0,32,32,32,0,7,12,0,0,0,0,0,0,0,32,76,0,1,0,11,15,0,19,31,36.02593421936035,1.162126910301947,4.515634059906006,,,,,,,,,,,,,,,,,,,,,,,,,,,,,,,85.41,5,5,0,0.338,True,1042220,0,0.439,0.239,,,,,,,0,,,,,,,,,,,../../tmp/goal_ordered_dense_full_adaptive_n3_artifacts_20260827/seed10_run1_adaptive.json,8540,7920,0.666,-1.304,1.738,-25.833,24.126,-24.414,28.117,234.824,7.0,7.001922,7.001922,6.999945,7.0,0.01,True,0,0,0,,,,,,0.248,1787804982.749324,5.53,7.261,1787804981.235941,4.546,3.925,0,,,,,,,,,,,,,,,,,,,,,,,,,,,,,,,,,,,,,,,,,,,,,,,,,,,,,,,,,,,,,,,,,,,,,,,,,,60,True,0.6,1.2,1.5,2,1.5,478,336,142,5,/rog_map/commit_version,0.12,0.1,0.25,0,True,/rog_map/cloud_process_ack,/sector/full_refresh_request,332,332,35,78,78,False,0,1,78,0,0,0,78,False,110,110,0,332,0,332,1787805065528256746,332,2,0.355481,0.768116,0.048719,0.190186,0.174093,1.570765,6000,2032821,868852,70.293,19064690,11082099,58.129,False,0,True,79.707,81.697,False,0.6,1.4,1.5,0.2,3,2.897351,0,0,0,,,,,,,,,0,0,,True,True,False,0.6,1.4,3,15,False,27,27,10,9,20.921,457,257,8,1787804980.46,1787804980.46,/planning/trajectory_guard_recovery_active,2.5,0,0,True,True,64,32,5,4,32,False,1,32,32,0,0,0,0.049201,0.081757,False,0,74.268,175,180,139,116,36.611,37.657,1787804986.47,,,,,,,,,,,,,,,,,,,,,,,33295.18373493976,30.487957319277108,19.664128945783133,10.821974969879518,2.8708793072289156,58.129,78.55278686621553,3.365116880894752,25.561255639413176,1,0,True,,0,3416.90234375,3393.294921875,0.0,5821.171875,2041.625,5544.83984375,557.984375,0.0,0.0,../../tmp/goal_ordered_dense_full_adaptive_n3_artifacts_20260827/seed10_run1_adaptive.attempt1.memory.csv,True,True,../../tmp/goal_ordered_dense_full_adaptive_n3_artifacts_20260827/seed10_run1_adaptive.attempt1.performance.csv,0,332,,
seed10,1,full,20,2,,strict-burst,direct,True,True,,,,,,,,,,,,,0,0,0,0,0,14,19,0,0,0,0,0,0,0,29,47,0,0,0,18,10,0,20,29,32.654855728149414,1.1260295078672211,2.4029006958007812,,,,,,,,,,,,,,,,,,,,,,,,,,,,,,,84.56,5,5,0,0.339,True,1042220,0,0.446,0.246,,,,,,,0,,,,,,,,,,,../../tmp/goal_ordered_dense_full_adaptive_n3_artifacts_20260827/seed10_run1_full.json,8455,7419,0.867,-1.154,1.842,-26.025,24.139,-28.736,29.117,242.184,6.998,7.000974,7.000974,6.997521,7.0,0.01,True,0,0,0,,,,,,1.443,,,,,,,0,,,,,,,,,,,,,,,,,,,,,,,,,,,,,,,,,,,,,,,,,,,,,,,,,,,,,,,,,,,,,,,,,,,,,,,,,,,,,,,,,,,,,,,,,,,,,,,,,,,,,,,,,,,,,,,,,,,,,,,,,,,,,,,,,,,,,,,,,,,,,,,,,,,,,,,,,,,,,,,,,,,,,,,,,,,,,,,,,,,,,,,,,,,,,,,,,,,,,,,,,,,,,,,,,,,,,,,,,,,,,,,,,39978.55075593953,37.268945788336936,25.321597408207346,11.945543023758098,2.437652730021598,,87.52851026216693,,25.34741228946538,1,0,True,,0,3462.125,3439.7734375,0.0,5771.421875,2041.56640625,5612.08203125,557.984375,0.0,0.0,../../tmp/goal_ordered_dense_full_adaptive_n3_artifacts_20260827/seed10_run1_full.attempt1.memory.csv,True,True,../../tmp/goal_ordered_dense_full_adaptive_n3_artifacts_20260827/seed10_run1_full.attempt1.performance.csv,1,464,,
seed10,2,full,21,1,,strict-burst,direct,True,True,,,,,,,,,,,,,0,0,0,0,0,12,14,0,0,0,0,0,0,0,26,40,0,0,0,16,9,0,17,25,32.25336694717407,1.290134677886963,4.557358741760254,,,,,,,,,,,,,,,,,,,,,,,,,,,,,,,90.45,5,5,0,0.343,True,1042220,0,0.349,0.149,,,,,,,0,,,,,,,,,,,../../tmp/goal_ordered_dense_full_adaptive_n3_artifacts_20260827/seed10_run2_full.json,9045,8350,0.94,-1.144,2.021,-25.967,24.025,-24.494,27.549,245.823,7.0,7.001599,7.001599,6.999874,7.0,0.01,True,0,0,0,,,,,,0.0,,,,,,,0,,,,,,,,,,,,,,,,,,,,,,,,,,,,,,,,,,,,,,,,,,,,,,,,,,,,,,,,,,,,,,,,,,,,,,,,,,,,,,,,,,,,,,,,,,,,,,,,,,,,,,,,,,,,,,,,,,,,,,,,,,,,,,,,,,,,,,,,,,,,,,,,,,,,,,,,,,,,,,,,,,,,,,,,,,,,,,,,,,,,,,,,,,,,,,,,,,,,,,,,,,,,,,,,,,,,,,,,,,,,,,,,,40884.20773930754,38.38306435845214,26.217203258655804,12.163946435845213,2.397484584521385,,93.03838613188702,,25.377038067221747,1,0,True,,0,3449.71484375,3427.380859375,0.0,5851.9453125,2041.5625,5535.625,557.984375,0.0,0.0,../../tmp/goal_ordered_dense_full_adaptive_n3_artifacts_20260827/seed10_run2_full.attempt1.memory.csv,True,True,../../tmp/goal_ordered_dense_full_adaptive_n3_artifacts_20260827/seed10_run2_full.attempt1.performance.csv,1,492,,
seed10,2,adaptive,22,2,,strict-burst,cpp,True,True,,,,,,,,,,,,,0,45,45,45,0,10,18,0,0,0,0,0,0,0,45,73,0,0,0,27,16,0,40,45,48.156911849975586,1.0701535966661242,4.514707326889038,,,,,,,,,,,,,,,,,,,,,,,,,,,,,,,97.08,5,5,0,0.403,True,1042220,0,0.434,0.234,,,,,,,0,,,,,,,,,,,../../tmp/goal_ordered_dense_full_adaptive_n3_artifacts_20260827/seed10_run2_adaptive.json,9707,9070,0.92,-1.132,2.176,-25.836,24.105,-25.356,28.067,237.477,7.0,7.005894,7.005893,7.000096,7.0,0.01,True,0,0,0,,,,,,0.0,1787805309.534031,-3.366,26.901,1787805308.918047,-0.531,26.468,0,,,,,,,,,,,,,,,,,,,,,,,,,,,,,,,,,,,,,,,,,,,,,,,,,,,,,,,,,,,,,,,,,,,,,,,,,,60,True,0.6,1.2,1.5,2,1.5,430,330,100,5,/rog_map/commit_version,0.12,0.1,0.25,0,True,/rog_map/cloud_process_ack,/sector/full_refresh_request,325,325,24,91,91,False,0,1,91,0,0,0,91,False,136,136,0,325,0,325,1787805368714715794,325,1,0.360032,1.359456,0.048964,0.118736,0.215697,1.446404,6000,2167602,941382,76.744,16978500,11561906,68.097,False,0,True,91.628,93.128,False,0.6,1.4,1.5,0.2,3,2.894369,0,0,0,,,,,,,,,0,0,,True,True,True,0.6,1.4,3,15,True,30,29,6,5,16.744,440,230,6,1787805272,1787805272,/planning/trajectory_guard_recovery_active,2.5,0,0,False,True,91,45,5,4,45,False,1,45,45,0,0,0,0.048268,0.080804,False,0,90.465,226,163,176,126,52.558,37.907,1787805272.57,,,,,,,,,,,,,,,,,,,,,,,35467.04,31.115778646153846,20.126367784615386,10.987492707692308,2.79844304,68.097,65.14524314685626,3.2303336846775794,27.71386281640451,1,0,True,,0,3442.92578125,3419.3408203125,0.0,5779.03125,2041.55078125,5573.6953125,557.98046875,0.0,0.0,../../tmp/goal_ordered_dense_full_adaptive_n3_artifacts_20260827/seed10_run2_adaptive.attempt1.memory.csv,True,True,../../tmp/goal_ordered_dense_full_adaptive_n3_artifacts_20260827/seed10_run2_adaptive.attempt1.performance.csv,0,325,,
seed10,3,adaptive,23,1,,strict-burst,cpp,True,True,,,,,,,,,,,,,0,25,25,25,0,12,15,0,0,0,0,0,0,0,25,40,0,0,0,13,8,0,14,25,27.572437047958374,1.102897481918335,2.4112370014190674,,,,,,,,,,,,,,,,,,,,,,,,,,,,,,,83.19,5,5,0,0.348,True,1042220,0,0.468,0.268,,,,,,,0,,,,,,,,,,,../../tmp/goal_ordered_dense_full_adaptive_n3_artifacts_20260827/seed10_run3_adaptive.json,8318,7459,1.054,-0.997,1.31,-26.732,24.354,-26.35,27.352,246.873,7.0,7.001184,7.001185,7.000002,7.0,0.01,True,0,0,0,,,,,,0.0,1787805384.07833,11.807,12.057,1787805383.981812,11.583,11.808,0,,,,,,,,,,,,,,,,,,,,,,,,,,,,,,,,,,,,,,,,,,,,,,,,,,,,,,,,,,,,,,,,,,,,,,,,,,60,True,0.6,1.2,1.5,2,1.5,482,350,132,5,/rog_map/commit_version,0.12,0.1,0.25,0,True,/rog_map/cloud_process_ack,/sector/full_refresh_request,343,343,39,84,84,False,0,1,84,0,0,0,84,False,109,109,0,343,0,343,1787805462578078165,343,3,0.326607,0.546834,0.053673,0.153647,0.168633,1.160039,6000,2222247,984000,72.614,19878151,12143807,61.091,True,62.656,True,84.025,86.041,True,0.6,1.4,1.5,0.2,3,2.892109,1,1,0,1787805405.75,1787805405.75,1787805405.87,1787805417.07,1787805418.27,1.200011,,,8,1.200011,0,True,True,False,0.6,1.4,3,15,False,28,28,17,16,19.087,511,298,10,1787805379.87,1787805378.98,/planning/trajectory_guard_recovery_active,2.5,0,0,False,True,51,25,9,8,25,False,1,25,25,0,0,0,0.049611,0.081182,False,0,74.066,146,211,119,149,30.29,43.776,1787805378.98,,,,,,,,,,,,,,,,,,,,,,,35261.262390670556,31.677372623906706,20.40816580174927,11.267266734693878,2.90748283090379,61.091,86.42667333659269,3.4219590238758033,27.176697293422865,1,0,True,,0,3417.9375,3394.23046875,0.0,5830.890625,2041.53515625,5550.0703125,557.96875,0.0,0.0,../../tmp/goal_ordered_dense_full_adaptive_n3_artifacts_20260827/seed10_run3_adaptive.attempt1.memory.csv,True,True,../../tmp/goal_ordered_dense_full_adaptive_n3_artifacts_20260827/seed10_run3_adaptive.attempt1.performance.csv,0,343,,
seed10,3,full,24,2,,strict-burst,direct,True,True,,,,,,,,,,,,,0,0,0,0,0,12,38,0,0,0,0,0,0,0,19,42,0,0,0,8,9,0,9,19,33.60763883590698,1.7688230966266834,16.609750509262085,,,,,,,,,,,,,,,,,,,,,,,,,,,,,,,91.73,5,5,0,0.389,True,1042220,0,0.474,0.274,,,,,,,0,,,,,,,,,,,../../tmp/goal_ordered_dense_full_adaptive_n3_artifacts_20260827/seed10_run3_full.json,9172,8460,1.0,-1.047,1.725,-25.663,24.093,-28.766,28.667,237.661,6.999,7.000823,7.000823,6.998823,7.0,0.01,True,0,0,0,,,,,,1.127,,,,,,,0,,,,,,,,,,,,,,,,,,,,,,,,,,,,,,,,,,,,,,,,,,,,,,,,,,,,,,,,,,,,,,,,,,,,,,,,,,,,,,,,,,,,,,,,,,,,,,,,,,,,,,,,,,,,,,,,,,,,,,,,,,,,,,,,,,,,,,,,,,,,,,,,,,,,,,,,,,,,,,,,,,,,,,,,,,,,,,,,,,,,,,,,,,,,,,,,,,,,,,,,,,,,,,,,,,,,,,,,,,,,,,,,,41552.18085106383,35.49126808510638,24.545417730496453,10.943577943262412,2.133034631205674,,93.69321897745748,,,1,0,True,,0,3467.46875,3445.0751953125,0.0,5692.37890625,2041.53515625,5639.4609375,557.96875,0.0,0.0,../../tmp/goal_ordered_dense_full_adaptive_n3_artifacts_20260827/seed10_run3_full.attempt1.memory.csv,True,True,../../tmp/goal_ordered_dense_full_adaptive_n3_artifacts_20260827/seed10_run3_full.attempt1.performance.csv,4,568,,
