map,run,mode,campaign_sequence_index,mode_order_position,experiment_profile,filter_profile,filter_backend,filter_intra_process,success,run_valid,monitor_type,monitor_flight_cpu_pct,live_cloud_enabled,preflight_ready,preflight_cloud_messages,preflight_odom_messages,goal_messages,position_command_messages,trajectory_flag2_messages,trajectory_flag3_messages,guard_stop_detected,guard_stop_time_s,full_refresh_ack_timeouts,full_refresh_recovery_gate_arms,full_refresh_recovery_targets,full_refresh_recovery_acks,full_refresh_ack_timeout_recoveries,guard_same_map_replan_skips,guard_topology_reroute_arms,guard_topology_reroute_searches,guard_base_no_path_local_escape_arms,guard_base_no_path_test_injections,guard_base_no_path_forced_failures,guard_local_escape_test_injections,guard_local_escape_direction_skips,guard_local_escape_direction_rejections,guard_local_escape_commits,guard_local_escape_rejections,guard_initial_footprint_egress_commits,guard_initial_footprint_test_injections,guard_brake_successes,guard_brake_rejections,guard_brake_stationary_defers,trajectory_velocity_slowdowns,trajectory_velocity_rejections,guard_brake_main_pre_successes,guard_brake_retry_successes,guard_brake_ack_timeout_successes,guard_main_pre_map_stale,guard_recoveries,guard_recovery_active_duration_s,guard_recovery_active_duration_mean_s,guard_recovery_active_duration_max_s,shadow_safe_candidates,shadow_unsafe_candidates,shadow_skipped_candidates,shadow_validated_candidates,shadow_geometric_unsafe,shadow_map_race,shadow_other_indeterminate,shadow_unsafe_exp,shadow_unsafe_appended_backup,shadow_unsafe_carry_backup,shadow_unsafe_stitch,shadow_validation_ms_mean,shadow_validation_ms_max,shadow_contact_events_with_epoch,shadow_contacts_with_prior_unsafe,shadow_contacts_without_prior_unsafe,shadow_geometric_unsafe_followed_by_contact,shadow_geometric_unsafe_not_followed_by_contact,shadow_nearest_prediction_error_s,shadow_correlated_segments,first_position_command_s,first_trajectory_flag2_s,first_trajectory_flag3_s,max_position_command_gap_s,first_motion_s,start_pose_error_m,start_pose_valid,odom_gap_limit_s,max_odom_gap_s,odom_gap_valid,mission_time_s,waypoints_reached,n_waypoints,collisions,min_clearance_m,static_pcd_enabled,static_pcd_point_count,static_pcd_collisions,static_pcd_min_distance_m,static_pcd_clearance_m,static_pcd_min_context,static_pcd_contact_r015,static_pcd_contact_r020,static_pcd_contact_r025,static_pcd_episodes_r015,static_pcd_episodes_r020,static_pcd_episodes_r025,contact_event_count,safety_contact_source,safety_collisions,live_only_contact_event_count,static_confirmed_live_contact_event_count,first_contact_kind,first_contact_time_s,first_contact_distance_m,first_contact_x,first_contact_y,first_contact_z,first_contact_speed_mps,first_contact_nearest_x,first_contact_nearest_y,first_contact_nearest_z,first_contact_static_distance_m,first_contact_static_clearance_m,first_contact_static_confirmed,first_contact_live_point_static_distance_m,forensics_json,samples,clearance_samples,final_x,final_y,final_z,min_x,max_x,min_y,max_y,path_length_m,max_speed_mps,max_odom_speed_3d_mps,max_command_speed_mps,max_command_horizontal_speed_mps,speed_limit_mps,speed_tolerance_mps,speed_limit_valid,speed_exceedance_count,command_speed_exceedance_count,odom_speed_exceedance_count,first_speed_exceedance_kind,first_speed_exceedance_time_s,first_speed_exceedance_mps,first_speed_exceedance_trajectory_id,first_speed_exceedance_trajectory_flag,closest_final_goal_distance_m,observed_open_time_s,observed_open_x,observed_open_y,observed_close_time_s,observed_close_x,observed_close_y,trap_collisions,trap_min_surface_distance_m,trap_clearance_m,trap_x,trap_y,trigger_x,trigger_y,trigger_mismatch_deg,trap_count,trap_spacing_m,trap_start_offset_m,trap_first_distance_m,trap_last_distance_m,trigger_speed_mps,trap_input_time_s,trap_kept_time_s,trap_keep_delay_s,input_body_relative_deg,input_velocity_relative_deg,kept_body_relative_deg,kept_velocity_relative_deg,trigger_trap_distance_m,trigger_trap_body_relative_deg,trigger_trap_velocity_relative_deg,trigger_trap_angular_radius_deg,trigger_predicted_x,trigger_predicted_y,trigger_trap_nudge_deg,trigger_trap_nudge_lateral_m,event,valid_spawn,invalid_reasons,spawn_time_s,spawn_wall_time_s,trigger_evaluation_time_s,trigger_evaluation_wall_time_s,side,trigger_threshold_x,trigger_z,trigger_yaw_deg,trigger_velocity_yaw_deg,trigger_cruise_duration_s,trigger_cruise_qualified,min_trigger_speed_mps,min_cruise_s,max_trigger_abs_y_m,max_trigger_velocity_yaw_deg,trigger_abs_y_diagnostic_ok,trigger_velocity_yaw_diagnostic_ok,wall_x,blocker_x,blocker_y,wall_y_min,wall_y_max,short_endpoint_y,short_endpoint_x,long_endpoint_y,long_endpoint_x,short_endpoint_inner_edge_deg,long_endpoint_inner_edge_deg,barrier_frame,local_blocker_forward_m,local_short_endpoint_forward_m,local_short_endpoint_lateral_m,local_long_endpoint_forward_m,local_long_endpoint_lateral_m,wall_radius_m,wall_height_m,wall_cylinder_count,wall_center_spacing_m,wall_point_count,horizon_m,intensity,matched_prefix,filter_half_angle_deg,filter_reliable_output,filter_stall_v,filter_stall_t,filter_resume_v,filter_resume_t,filter_velocity_yaw_update_v,filter_slowdown_full_refresh_v,filter_slowdown_full_refresh_rearm_v,filter_slowdown_full_refresh_armed,filter_slowdown_full_refresh_pending,filter_slowdown_full_refresh_triggers,filter_slowdown_full_refresh_frames,filter_slowdown_full_refresh_pending_ack,filter_slowdown_full_refresh_ack_count,filter_slowdown_full_refresh_ack_committed_count,filter_slowdown_full_refresh_superseded_count,filter_slowdown_full_refresh_ack_latency_mean_s,filter_slowdown_full_refresh_ack_latency_max_s,filter_frames,filter_cloud_input_callbacks,filter_cloud_worker_overwrites,filter_cloud_input_payload_bytes,filter_in_process_guard_handoffs,filter_processed_input_payload_bytes,filter_published_frames,filter_published_payload_bytes,filter_rate_limited_frames,filter_max_publish_hz,filter_guard_witness_topic,filter_guard_witness_radius_m,filter_guard_witness_source_frames,filter_guard_witness_missing_odom_frames,filter_guard_witness_invalid_cloud_frames,filter_guard_witness_published_frames,filter_guard_witness_points,filter_guard_witness_payload_bytes,filter_map_commit_topic,filter_map_commit_refresh_age_s,filter_map_commit_refresh_min_interval_s,filter_map_commit_pre_stale_full_age_s,filter_map_commit_pre_stale_ack_retry_age_s,filter_full_refresh_generation_ack_en,filter_map_process_ack_topic,filter_full_refresh_request_topic,filter_map_commit_status_count,filter_map_commit_version,filter_commit_refresh_frames,filter_pre_stale_full_refresh_frames,filter_pre_stale_full_refresh_ack_count,filter_pre_stale_full_refresh_pending_ack,filter_pre_stale_full_refresh_pending_ack_count,filter_pre_stale_full_refresh_pending_ack_max,filter_pre_stale_full_refresh_ack_committed_count,filter_pre_stale_full_refresh_superseded_count,filter_pre_stale_full_refresh_ack_retry_frames,filter_pre_stale_full_refresh_ack_retry_suppressed_frames,filter_pre_stale_full_refresh_version_advance_count,filter_pre_stale_full_refresh_pending_version_advance,filter_full_refresh_request_count,filter_full_refresh_request_sequence,filter_full_refresh_duplicate_stamp_count,filter_map_process_ack_status_count,filter_map_process_ack_malformed_count,filter_last_map_process_ack_scan_seq,filter_last_map_process_ack_stamp_ns,filter_last_map_process_ack_version,filter_pre_stale_full_refresh_same_version_suppressed_frames,filter_pre_stale_full_refresh_trigger_age_mean_s,filter_pre_stale_full_refresh_trigger_age_max_s,filter_pre_stale_full_refresh_ack_latency_mean_s,filter_pre_stale_full_refresh_ack_latency_max_s,filter_map_commit_age_mean_s,filter_map_commit_age_max_s,filter_full_open_extra_max_points,filter_full_open_extra_candidates,filter_full_open_extra_kept,filter_publish_duty_pct,filter_input_points,filter_kept_points,filter_kept_pct,filter_armed,filter_armed_duty_pct,filter_open,filter_open_duty_pct,filter_open_point_duty_pct,filter_recovery_active,filter_open_burst_s,filter_open_cooldown_s,filter_near_field_radius_m,filter_near_field_speed_gain_s,filter_near_field_max_radius_m,filter_max_effective_near_field_radius_m,filter_arm_transitions,filter_open_transitions,filter_close_transitions,filter_first_transition_time_s,filter_first_arm_time_s,filter_first_stall_candidate_time_s,filter_first_open_stall_start_time_s,filter_first_open_time_s,filter_first_open_delay_s,filter_first_close_time_s,filter_first_open_duration_s,filter_stall_candidate_count,filter_max_stall_candidate_duration_s,filter_min_armed_closed_speed_mps,filter_replan_guard_en,filter_replan_guard_bounded,filter_replan_guard_active,filter_replan_guard_burst_s,filter_replan_guard_cooldown_s,filter_replan_fail_streak_open,filter_replan_ok_streak_close,filter_replan_guard_open,filter_replan_guard_open_transitions,filter_replan_guard_close_transitions,filter_effective_full_open_transitions,filter_effective_full_close_transitions,filter_replan_guard_open_duty_pct,filter_replan_status_count,filter_replan_fail_count,filter_max_replan_fail_streak,filter_first_replan_guard_open_time_s,filter_first_effective_full_open_time_s,filter_trajectory_guard_topic,filter_trajectory_guard_hold_s,filter_trajectory_guard_active_max_publish_hz,filter_trajectory_guard_ack_retry_age_s,filter_trajectory_guard_active,filter_trajectory_guard_open,filter_trajectory_guard_status_count,filter_trajectory_guard_active_count,filter_trajectory_guard_open_transitions,filter_trajectory_guard_close_transitions,filter_trajectory_guard_refresh_frames,filter_trajectory_guard_full_refresh_pending_ack,filter_trajectory_guard_full_refresh_pending_ack_max,filter_trajectory_guard_full_refresh_ack_count,filter_trajectory_guard_full_refresh_ack_committed_count,filter_trajectory_guard_full_refresh_superseded_count,filter_trajectory_guard_full_refresh_ack_retry_frames,filter_trajectory_guard_full_refresh_abandoned_count,filter_trajectory_guard_full_refresh_ack_latency_mean_s,filter_trajectory_guard_full_refresh_ack_latency_max_s,filter_test_drop_first_trajectory_guard_full_cloud,filter_test_dropped_trajectory_guard_full_clouds,filter_trajectory_guard_open_duty_pct,filter_trajectory_guard_active_frames,filter_trajectory_guard_hold_only_frames,filter_trajectory_guard_active_published_frames,filter_trajectory_guard_hold_only_published_frames,filter_trajectory_guard_active_duty_pct,filter_trajectory_guard_hold_only_duty_pct,filter_first_trajectory_guard_open_time_s,recovery_triggered,recovery_reclosed,recovery_spawn_after_arm,recovery_open_after_spawn,recovery_open_during_hold,recovery_success,mission_driver_phase,mission_driver_start_delay_s,mission_driver_approach_radius_m,mission_driver_hold_low_speed_s,mission_driver_low_speed_v,mission_driver_approach_start_time_s,mission_driver_approach_start_wall_time_s,mission_driver_approach_start_speed_mps,mission_driver_hold_start_time_s,mission_driver_hold_start_wall_time_s,mission_driver_hold_start_speed_mps,mission_driver_hold_start_distance_m,mission_driver_release_time_s,mission_driver_release_wall_time_s,mission_driver_release_speed_mps,mission_driver_release_low_speed_duration_s,pts_mean,map_perf_frames,map_frames_s,map_points_s,map_payload_bytes_mean,map_payload_bytes_total,map_payload_mib_s,map_payload_mbps,map_point_step_mean,guard_dedicated_messages,guard_dedicated_payload_bytes,guard_dedicated_payload_mib_s,filter_cloud_input_payload_mib_s,filter_processed_input_payload_mib_s,filter_published_payload_mib_s,filter_guard_witness_payload_mib_s,planner_published_payload_mib_s,planner_ingress_payload_mib_s,algorithm_delivery_payload_mib_s,dds_cloud_payload_mib_s,intra_process_cloud_payload_mib_s,total_ms_mean,raycast_ms_mean,update_ms_mean,inflation_ms_mean,kept_pct,fsm_cpu_pct,filter_cpu_pct,monitor_cpu_pct,cgroup_cpu_accounting,cgroup_cpu_duration_s,cgroup_memory_source,cgroup_accounting_error,algorithm_cpu_core_s,algorithm_cpu_cores_mean,algorithm_cpu_cores_p95_1s,algorithm_cpu_cores_max_1s,algorithm_peak_rss_mib,algorithm_peak_pss_mib,algorithm_peak_swap_mib,algorithm_max_processes,end_to_end_cpu_core_s,end_to_end_cpu_cores_mean,end_to_end_cpu_cores_p95_1s,end_to_end_cpu_cores_max_1s,end_to_end_peak_rss_mib,end_to_end_peak_pss_mib,end_to_end_peak_swap_mib,end_to_end_max_processes,cgroup_cpu_trace_csv,attempt_count,retry_count,first_attempt_success,retry_reasons,oom_kill_delta,fsm_peak_rss_mib,fsm_peak_pss_mib,fsm_peak_swap_mib,system_min_available_mib,system_peak_swap_used_mib,cgroup_peak_memory_mib,cgroup_peak_swap_mib,memory_psi_some_avg10_max,memory_psi_full_avg10_max,memory_trace_csv,perf_log_generation_ready,perf_window_valid,perf_trace_csv,perf_row_start,perf_row_end,input_distance_m,kept_distance_m
seed7,1,full,1,1,,strict-burst,direct,False,True,True,,,,,,,,,,,,,0,0,0,0,0,0,13,18,0,0,0,0,0,0,0,0,0,0,35,60,0,1,0,22,12,0,28,34,38.95560598373413,1.1457531171686508,2.955484390258789,,,,,,,,,,,,,,,,,,,,,,,,,,,,,,,89.21,5,5,0,0.383,True,838860,0,0.469,0.269,"{'elapsed_s': 56.803607, 'position': [-21.334449768066406, -22.6451358795166, 1.5584100484848022], 'velocity': [6.730802059173584, -0.4449250102043152, 0.13356700539588928], 'speed_mps': 6.746814, 'nearest_point': [-21.31599998474121, -22.17840003967285, 1.600000023841858], 'distance_m': 0.468948, 'clearance_m': 0.268948, 'waypoint_index': 3}",,,,,,,0,static_pcd,0,0,0,,,,,,,,,,,,,,,results/inprocess_raw_handoff_seed7_9_10_three_mode_n3_20260901_forensics/seed7_run1_full.json,8921,7570,0.769,-1.223,1.892,-26.124,24.025,-25.078,25.905,236.13,7.004,7.00501,7.00501,7.003806,7.0,0.01,True,0,0,0,,,,,,1.444,,,,,,,0,,,,,,,,,,,,,,,,,,,,,,,,,,,,,,,,,,,,,,,,,,,,,,,,,,,,,,,,,,,,,,,,,,,,,,,,,,,,,,,,,,,,,,,,,,,,,,,,,,,,,,,,,,,,,,,,,,,,,,,,,,,,,,,,,,,,,,,,,,,,,,,,,,,,,,,,,,,,,,,,,,,,,,,,,,,,,,,,,,,,,,,,,,,,,,,,,,,,,,,,,,,,,,,,,,,,,,,,,,,,,,,,,,,,,,,,,,,,,,,,,,,,,,,,,,,36123.83905013192,379,4.248402645443337,153468.61338414976,1155963.023746702,438109986.0,4.683491104240576,39.28797094496133,32.0,0,0,0.0,,,,,4.683491104240576,4.683491104240576,4.683491104240576,4.683491104240576,0.0,32.1922907651715,20.74704432717678,11.44353709762533,2.2030329419525065,,77.18423912471071,,23.60715989719112,True,91.38659170799656,sum_proc_rss_pss_swap,,70.538688,0.7718713071758828,1.257388925712279,1.4107122429576362,3265.68359375,3242.9111328125,0.0,1,87.506277,0.9575395620355867,1.426363260125138,1.588861359290432,3702.21484375,3625.005859375,0.0,5,results/inprocess_raw_handoff_seed7_9_10_three_mode_n3_20260901_forensics/seed7_run1_full.attempt1.cgroup.csv,1,0,True,,0,3265.68359375,3242.9111328125,0.0,6485.37109375,1163.1484375,8200.22265625,187.421875,0.0,0.0,results/inprocess_raw_handoff_seed7_9_10_three_mode_n3_20260901_forensics/seed7_run1_full.attempt1.memory.csv,True,True,results/inprocess_raw_handoff_seed7_9_10_three_mode_n3_20260901_forensics/seed7_run1_full.attempt1.performance.csv,3,382,,
seed7,1,sector,2,2,,strict-burst,cpp-intra,True,True,True,,,,,,,,,,,,,0,0,0,0,0,0,13,21,0,0,0,0,0,0,0,0,0,0,40,86,0,0,0,18,20,0,29,39,40.199782848358154,1.0307636627784142,6.454444408416748,,,,,,,,,,,,,,,,,,,,,,,,,,,,,,,87.51,5,5,0,0.353,True,838860,0,0.447,0.247,"{'elapsed_s': 82.654153, 'position': [7.840290069580078, -7.6995320320129395, 1.085479974746704], 'velocity': [0.1587039977312088, 5.291567802429199, 1.0834120512008667], 'speed_mps': 5.403671, 'nearest_point': [7.394000053405762, -7.708000183105469, 1.100000023841858], 'distance_m': 0.446606, 'clearance_m': 0.246606, 'waypoint_index': 4}",,,,,,,0,static_pcd,0,0,0,,,,,,,,,,,,,,,results/inprocess_raw_handoff_seed7_9_10_three_mode_n3_20260901_forensics/seed7_run1_sector.json,8751,7742,0.933,-1.141,2.265,-25.871,23.941,-25.338,26.162,228.455,7.0,7.001332,7.001332,6.999961,7.0,0.01,True,0,0,0,,,,,,0.0,,,,,,,0,,,,,,,,,,,,,,,,,,,,,,,,,,,,,,,,,,,,,,,,,,,,,,,,,,,,,,,,,,,,,,,,,,,,,,,,,,60,True,0.6,1.2,1.5,2,0.2,0,0,False,False,0,0,False,0,0,0,0,0,344,344,0,407171968,0,407171968,344,140368160,0,0,,0,0,0,0,0,0,0,/rog_map/commit_version,0.12,0.1,0,0,False,/rog_map/cloud_process_ack,/sector/full_refresh_request,0,0,0,0,0,False,0,0,0,0,0,0,0,False,0,0,0,0,0,0,0,0,0,0,0,0,0,0,0,6000,0,0,100,12724124,7018408,55.158,False,0,False,0,0,False,0,0,1.5,0,1.5,1.5,0,0,0,,,,,,,,,0,0,,False,False,False,0,0,5,15,False,0,0,0,0,0,0,0,0,,,/planning/trajectory_guard_recovery_active,2.5,0,0,False,False,0,0,0,0,0,False,0,0,0,0,0,0,0,0,False,0,0,0,0,0,0,0,0,,,,,,,,,,,,,,,,,,,,,,,,20339.93063583815,346,3.953833847560279,80420.70620500513,406798.612716763,140752320.0,1.533903240299323,12.867312992800823,20.0,0,0,0.0,4.437315143894269,4.437315143894269,1.5297167070415165,0.0,1.533903240299323,1.533903240299323,5.971218384193592,4.437315143894269,1.533903240299323,13.69444612716763,9.214943208092485,4.477841936416185,1.1981815520231214,55.158,64.87227109698314,,25.19532088603576,True,89.26355703700392,sum_proc_rss_pss_swap,,57.924774,0.6489185051855761,1.0896535088031916,1.2052992385417594,3246.72265625,3223.7939453125,0.0,1,74.986596,0.8400583450748501,1.2716795818354356,1.37413599141793,3627.515625,3549.94921875,0.0,5,results/inprocess_raw_handoff_seed7_9_10_three_mode_n3_20260901_forensics/seed7_run1_sector.attempt1.cgroup.csv,1,0,True,,0,3246.765625,3223.7978515625,0.0,6561.3046875,1163.1484375,8141.79296875,187.421875,0.0,0.0,results/inprocess_raw_handoff_seed7_9_10_three_mode_n3_20260901_forensics/seed7_run1_sector.attempt1.memory.csv,True,True,results/inprocess_raw_handoff_seed7_9_10_three_mode_n3_20260901_forensics/seed7_run1_sector.attempt1.performance.csv,2,348,,
seed7,1,adaptive,3,3,,strict-burst,cpp-intra,True,True,True,,,,,,,,,,,,,0,36,36,36,0,0,6,7,0,0,0,0,0,0,0,0,0,0,36,82,0,14,0,19,17,0,28,36,37.75877404212952,1.0488548345035977,4.030137062072754,,,,,,,,,,,,,,,,,,,,,,,,,,,,,,,83.06,5,5,0,0.271,True,838860,0,0.377,0.177,"{'elapsed_s': 37.741825, 'position': [-25.149999618530273, 13.550000190734863, 2.1500000953674316], 'velocity': [0.0, -0.0, 0.0], 'speed_mps': 0.0, 'nearest_point': [-24.786500930786133, 13.634599685668945, 2.200000047683716], 'distance_m': 0.376548, 'clearance_m': 0.176548, 'waypoint_index': 2}",,,,,,,0,static_pcd,0,0,0,,,,,,,,,,,,,,,results/inprocess_raw_handoff_seed7_9_10_three_mode_n3_20260901_forensics/seed7_run1_adaptive.json,8306,7328,1.172,-0.872,1.257,-27.091,24.025,-27.121,25.857,230.762,7.001,7.001706,7.001706,7.001449,7.0,0.01,True,0,0,0,,,,,,0.0,1788234042.626833,0.607,0.667,1788234070.978361,-7.195,25.072,0,,,,,,,,,,,,,,,,,,,,,,,,,,,,,,,,,,,,,,,,,,,,,,,,,,,,,,,,,,,,,,,,,,,,,,,,,,60,True,0.6,1.2,1.5,2,1.5,1.5,3,True,False,56,54,False,54,54,0,0.040231,0.057438,427,427,0,498576256,427,498576256,325,267800312,102,5,,0,0,0,0,0,0,0,/rog_map/commit_version,0.12,0.1,0.25,0,True,/rog_map/cloud_process_ack,/sector/full_refresh_request,325,325,22,50,50,False,0,1,50,0,0,0,50,False,140,140,0,325,0,325,1788234125174219339,325,0,0.363485,0.776203,0.039697,0.059712,0.187219,1.190589,6000,1685853,814557,76.112,15580508,10343974,66.39,False,0,True,85.948,87.912,False,0.6,1.4,1.5,0.2,3,2.899323,0,0,0,,,,,,,,,0,0,,True,True,False,0.6,1.4,3,15,False,25,25,5,4,18.501,421,237,9,1788234044.6,1788234042.63,/planning/trajectory_guard_recovery_active,2.5,0,0,False,True,73,36,3,2,36,False,1,36,36,0,0,0,0.038923,0.095785,False,0,83.138,191,164,158,116,44.731,38.407,1788234042.63,,,,,,,,,,,,,,,,,,,,,,,31527.360606060607,330,3.973031543462557,125259.19816999759,816294.5818181818,269377212.0,3.092922327347959,25.94531297856971,25.12727272727273,427,498576256,5.724528896185739,5.724528896185739,5.724528896185739,3.07481675270865,0.0,3.092922327347959,8.817451223533698,14.541980119719437,5.724528896185739,8.817451223533698,28.327794363636364,18.67160309090909,9.654468151515152,1.6562336848484849,66.39,77.91125678082487,,25.24856749784596,True,85.42284323899366,sum_proc_rss_pss_swap,,66.597329,0.779619671680511,1.2845994023764533,1.3320928780337393,3273.77734375,3251.078125,0.0,1,83.297502,0.9751197553440425,1.455863477864108,1.5163534054718801,3654.6171875,3577.662109375,0.0,5,results/inprocess_raw_handoff_seed7_9_10_three_mode_n3_20260901_forensics/seed7_run1_adaptive.attempt1.cgroup.csv,1,0,True,,0,3273.77734375,3251.0791015625,0.0,6533.21875,1163.1484375,8186.51171875,187.421875,0.0,0.0,results/inprocess_raw_handoff_seed7_9_10_three_mode_n3_20260901_forensics/seed7_run1_adaptive.attempt1.memory.csv,True,True,results/inprocess_raw_handoff_seed7_9_10_three_mode_n3_20260901_forensics/seed7_run1_adaptive.attempt1.performance.csv,0,330,,
seed7,2,sector,4,1,,strict-burst,cpp-intra,True,True,True,,,,,,,,,,,,,0,0,0,0,0,0,7,7,0,0,0,0,0,0,0,0,0,0,35,67,0,0,0,20,14,0,31,35,38.18788528442383,1.0910824366978236,3.4833426475524902,,,,,,,,,,,,,,,,,,,,,,,,,,,,,,,84.06,5,5,0,0.364,True,838860,0,0.402,0.202,"{'elapsed_s': 72.782801, 'position': [20.70106315612793, -19.401630401611328, 1.9314759969711304], 'velocity': [0.28751999139785767, -0.04464000090956688, 0.2980499863624573], 'speed_mps': 0.416526, 'nearest_point': [20.799299240112305, -19.012699127197266, 1.899999976158142], 'distance_m': 0.402379, 'clearance_m': 0.202379, 'waypoint_index': 4}",,,,,,,0,static_pcd,0,0,0,,,,,,,,,,,,,,,results/inprocess_raw_handoff_seed7_9_10_three_mode_n3_20260901_forensics/seed7_run2_sector.json,8406,7580,0.972,-1.098,1.921,-27.221,24.026,-27.386,26.96,236.974,7.001,7.00143,7.00143,7.001081,7.0,0.01,True,0,0,0,,,,,,0.15,,,,,,,0,,,,,,,,,,,,,,,,,,,,,,,,,,,,,,,,,,,,,,,,,,,,,,,,,,,,,,,,,,,,,,,,,,,,,,,,,,60,True,0.6,1.2,1.5,2,0.2,0,0,False,False,0,0,False,0,0,0,0,0,414,414,0,480866624,0,480866624,414,161865340,0,0,,0,0,0,0,0,0,0,/rog_map/commit_version,0.12,0.1,0,0,False,/rog_map/cloud_process_ack,/sector/full_refresh_request,0,0,0,0,0,False,0,0,0,0,0,0,0,False,0,0,0,0,0,0,0,0,0,0,0,0,0,0,0,6000,0,0,100,15027082,8093267,53.858,False,0,False,0,0,False,0,0,1.5,0,1.5,1.5,0,0,0,,,,,,,,,0,0,,False,False,False,0,0,5,15,False,0,0,0,0,0,0,0,0,,,/planning/trajectory_guard_recovery_active,2.5,0,0,False,False,0,0,0,0,0,False,0,0,0,0,0,0,0,0,False,0,0,0,0,0,0,0,0,,,,,,,,,,,,,,,,,,,,,,,,19395.52619047619,420,4.996431120628123,96908.41065905306,387910.5238095238,162922420.0,1.8483812457857716,15.50534570544849,20.0,0,0,0.0,5.455509742157759,5.455509742157759,1.8363885019553323,0.0,1.8483812457857716,1.8483812457857716,7.3038909879435305,5.455509742157759,1.8483812457857716,13.588775595238095,9.050126333333333,4.537035238095238,1.1504737952380952,53.858,69.88539962073588,,26.418028381809275,True,85.39136098198651,sum_proc_rss_pss_swap,,59.701786,0.6991548713293634,1.1464748841827839,1.3363284641356024,3205.7109375,3183.0478515625,0.0,1,75.578507,0.8850837617630132,1.299887625023619,1.5198632891168677,3590.4140625,3513.4541015625,0.0,5,results/inprocess_raw_handoff_seed7_9_10_three_mode_n3_20260901_forensics/seed7_run2_sector.attempt1.cgroup.csv,1,0,True,,0,3205.7109375,3183.0478515625,0.0,6548.07421875,1163.1484375,8143.23828125,187.421875,0.0,0.0,results/inprocess_raw_handoff_seed7_9_10_three_mode_n3_20260901_forensics/seed7_run2_sector.attempt1.memory.csv,True,True,results/inprocess_raw_handoff_seed7_9_10_three_mode_n3_20260901_forensics/seed7_run2_sector.attempt1.performance.csv,2,422,,
seed7,2,adaptive,5,2,,strict-burst,cpp-intra,True,True,True,,,,,,,,,,,,,0,80,80,80,0,0,16,26,0,0,0,0,0,0,0,0,0,0,80,135,0,0,0,50,27,0,74,80,92.80986499786377,1.160123312473297,4.322711229324341,,,,,,,,,,,,,,,,,,,,,,,,,,,,,,,135.93,5,5,0,0.304,True,838860,0,0.351,0.151,"{'elapsed_s': 47.343254, 'position': [-9.456027030944824, 27.795583724975586, 0.9710400104522705], 'velocity': [-5.590991973876953, -0.3207260072231293, -0.08266100287437439], 'speed_mps': 5.600794, 'nearest_point': [-9.503999710083008, 28.141599655151367, 1.0], 'distance_m': 0.350524, 'clearance_m': 0.150524, 'waypoint_index': 1}",,,,,,,0,static_pcd,0,0,0,,,,,,,,,,,,,,,results/inprocess_raw_handoff_seed7_9_10_three_mode_n3_20260901_forensics/seed7_run2_adaptive.json,13592,12390,-0.674,-1.338,2.144,-26.148,24.025,-24.84,27.854,250.863,7.005,7.004855,7.004855,7.004752,7.0,0.01,True,0,0,0,,,,,,0.827,1788234229.807759,2.776,3.117,,,,0,,,,,,,,,,,,,,,,,,,,,,,,,,,,,,,,,,,,,,,,,,,,,,,,,,,,,,,,,,,,,,,,,,,,,,,,,,60,True,0.6,1.2,1.5,2,1.5,1.5,3,True,False,75,63,False,63,63,0,0.036647,0.054534,357,357,0,410859296,357,410859296,321,305996972,36,5,,0,0,0,0,0,0,0,/rog_map/commit_version,0.12,0.1,0.25,0,True,/rog_map/cloud_process_ack,/sector/full_refresh_request,321,321,10,65,65,False,0,1,65,0,0,0,65,False,208,208,0,321,0,321,1788234365326756349,321,0,0.457676,1.487051,0.035589,0.087166,0.362582,2.412783,6000,1331855,593749,89.916,12839353,10735210,83.612,False,0,True,97.759,98.806,False,0.6,1.4,1.5,0.2,3,2.889733,0,0,0,,,,,,,,,0,0,,True,True,False,0.6,1.4,3,15,False,30,30,1,0,10.644,404,194,6,1788234229.81,1788234229.8,/planning/trajectory_guard_recovery_active,2.5,0,0,False,True,161,80,1,0,80,False,1,80,80,0,0,0,0.036209,0.049533,False,0,97.759,259,90,242,73,72.549,25.21,1788234229.8,,,,,,,,,,,,,,,,,,,,,,,33529.040625,320,2.3541528728021777,78932.48730964467,955870.7625,305878644.0,2.146020795409186,18.00212721253586,27.8,353,407623776,2.859856734552596,2.882556891429067,2.882556891429067,2.146850975461505,0.0,2.146020795409186,5.005877529961782,7.8884344213908495,2.882556891429067,5.005877529961782,27.61598625,17.977282812499997,9.636954625,1.586263821875,83.612,44.88732969706367,,26.690287064238465,True,137.761472098995,sum_proc_rss_pss_swap,,61.868796,0.4491008629433145,0.9243867443902486,1.0478177282603933,3266.66015625,3243.99609375,0.0,1,88.556289,0.6428233355140377,1.0849697696904015,1.2079353382820177,3651.3671875,3574.4599609375,0.0,5,results/inprocess_raw_handoff_seed7_9_10_three_mode_n3_20260901_forensics/seed7_run2_adaptive.attempt1.cgroup.csv,1,0,True,,0,3266.66015625,3243.99609375,0.0,6490.51171875,1163.1484375,8219.96484375,187.421875,0.0,0.0,results/inprocess_raw_handoff_seed7_9_10_three_mode_n3_20260901_forensics/seed7_run2_adaptive.attempt1.memory.csv,True,True,results/inprocess_raw_handoff_seed7_9_10_three_mode_n3_20260901_forensics/seed7_run2_adaptive.attempt1.performance.csv,1,321,,
seed7,2,full,6,3,,strict-burst,direct,False,True,True,,,,,,,,,,,,,0,0,0,0,0,0,8,16,0,0,0,0,0,0,0,0,0,0,27,59,0,6,0,12,12,0,20,27,39.4022798538208,1.4593436982896593,10.083356857299805,,,,,,,,,,,,,,,,,,,,,,,,,,,,,,,81.31,5,5,0,0.393,True,838860,0,0.423,0.223,"{'elapsed_s': 42.003418, 'position': [-24.850000381469727, -8.050000190734863, 0.8500000238418579], 'velocity': [0.0, -0.0, -0.0], 'speed_mps': 0.0, 'nearest_point': [-25.125999450683594, -8.366700172424316, 0.800000011920929], 'distance_m': 0.423054, 'clearance_m': 0.223054, 'waypoint_index': 2}",,,,,,,0,static_pcd,0,0,0,,,,,,,,,,,,,,,results/inprocess_raw_handoff_seed7_9_10_three_mode_n3_20260901_forensics/seed7_run2_full.json,8130,7462,1.115,-0.918,1.508,-27.155,24.025,-25.334,25.235,227.662,7.0,7.000926,7.000926,6.999827,7.0,0.01,True,0,0,0,,,,,,1.444,,,,,,,0,,,,,,,,,,,,,,,,,,,,,,,,,,,,,,,,,,,,,,,,,,,,,,,,,,,,,,,,,,,,,,,,,,,,,,,,,,,,,,,,,,,,,,,,,,,,,,,,,,,,,,,,,,,,,,,,,,,,,,,,,,,,,,,,,,,,,,,,,,,,,,,,,,,,,,,,,,,,,,,,,,,,,,,,,,,,,,,,,,,,,,,,,,,,,,,,,,,,,,,,,,,,,,,,,,,,,,,,,,,,,,,,,,,,,,,,,,,,,,,,,,,,,,,,,,,36634.711165048546,412,5.067027425900873,185629.0862132579,1172310.8932038834,482992088.0,5.664950797602107,47.52105158037142,32.0,0,0,0.0,,,,,5.664950797602107,5.664950797602107,5.664950797602107,5.664950797602107,0.0,37.521138106796116,24.50530922330097,13.013986310679613,2.4815713373786408,,90.94789652553506,,,True,83.29480622800475,sum_proc_rss_pss_swap,,75.769407,0.9096534397666368,1.4581504007869273,1.5391350706438098,3278.1328125,3255.38671875,0.0,1,91.469899,1.0981464888653127,1.632973725890767,1.7200528594421474,3661.80078125,3584.3349609375,0.0,5,results/inprocess_raw_handoff_seed7_9_10_three_mode_n3_20260901_forensics/seed7_run2_full.attempt1.cgroup.csv,1,0,True,,0,3278.18359375,3255.38671875,0.0,6454.72265625,1163.1484375,8256.234375,187.421875,0.0,0.0,results/inprocess_raw_handoff_seed7_9_10_three_mode_n3_20260901_forensics/seed7_run2_full.attempt1.memory.csv,True,True,results/inprocess_raw_handoff_seed7_9_10_three_mode_n3_20260901_forensics/seed7_run2_full.attempt1.performance.csv,1,413,,
seed7,3,adaptive,7,1,,strict-burst,cpp-intra,True,True,True,,,,,,,,,,,,,0,61,61,61,0,0,8,8,0,0,0,0,0,0,0,0,0,0,61,109,0,0,0,37,23,0,58,60,62.078383922576904,1.0346397320429483,3.264523983001709,,,,,,,,,,,,,,,,,,,,,,,,,,,,,,,103.22,5,5,0,0.431,True,838860,0,0.489,0.289,"{'elapsed_s': 71.733854, 'position': [-18.685304641723633, -24.641075134277344, 1.9084080457687378], 'velocity': [2.584336996078491, 2.3200769424438477, -0.4070639908313751], 'speed_mps': 3.496749, 'nearest_point': [-19.026199340820312, -24.290800094604492, 1.899999976158142], 'distance_m': 0.488848, 'clearance_m': 0.288848, 'waypoint_index': 3}",,,,,,,0,static_pcd,0,0,0,,,,,,,,,,,,,,,results/inprocess_raw_handoff_seed7_9_10_three_mode_n3_20260901_forensics/seed7_run3_adaptive.json,10322,9275,1.019,-1.086,1.036,-28.265,24.025,-26.582,26.173,229.894,7.0,7.000385,7.000385,6.999964,7.0,0.01,True,0,0,0,,,,,,0.0,1788234467.759752,0.787,0.866,1788234508.512443,-18.416,24.309,0,,,,,,,,,,,,,,,,,,,,,,,,,,,,,,,,,,,,,,,,,,,,,,,,,,,,,,,,,,,,,,,,,,,,,,,,,,60,True,0.6,1.2,1.5,2,1.5,1.5,3,True,False,61,57,False,57,57,0,0.037405,0.059777,317,317,0,356500480,317,356500480,281,253892500,36,5,,0,0,0,0,0,0,0,/rog_map/commit_version,0.12,0.1,0.25,0,True,/rog_map/cloud_process_ack,/sector/full_refresh_request,281,281,13,50,50,False,0,1,50,0,0,0,50,False,168,168,0,281,0,281,1788234569706727669,281,0,0.392927,0.952967,0.040242,0.086429,0.30592,2.069063,6000,1211013,575327,88.644,11140640,9095546,81.643,False,0,True,96.53,98.002,False,0.6,1.4,1.5,0.2,3,2.89295,0,0,0,,,,,,,,,0,0,,True,True,False,0.6,1.4,3,15,False,19,19,2,1,10.41,344,173,6,1788234471.53,1788234467.76,/planning/trajectory_guard_recovery_active,2.5,0,0,True,True,122,61,3,2,61,False,1,61,61,0,0,0,0.036366,0.054363,False,0,95.899,201,103,188,82,63.407,32.492,1788234467.76,,,,,,,,,,,,,,,,,,,,,,,32239.116607773853,283,2.741716721565588,88390.52509203643,899134.2897526502,254455004.0,2.350970761440124,19.721372137182716,27.12367491166078,316,355769728,3.2870417762879045,3.293793369138733,3.293793369138733,2.345773652181494,0.0,2.350970761440124,5.638012537728029,8.931805906866762,3.293793369138733,5.638012537728029,28.891118303886927,18.837755830388694,10.051666431095407,1.7502947879858657,81.643,53.80782562167457,,24.940986703213078,True,105.03262785100378,sum_proc_rss_pss_swap,,56.541004,0.5383184745240062,1.0552278405573634,1.3857808855247773,3249.078125,3226.4716796875,0.0,1,78.038463,0.7429925785604744,1.2286666447051828,1.5561403779380807,3629.41015625,3552.4775390625,0.0,5,results/inprocess_raw_handoff_seed7_9_10_three_mode_n3_20260901_forensics/seed7_run3_adaptive.attempt1.cgroup.csv,1,0,True,,0,3249.12890625,3226.4716796875,0.0,6425.18359375,1161.8984375,8252.7578125,186.921875,0.0,0.0,results/inprocess_raw_handoff_seed7_9_10_three_mode_n3_20260901_forensics/seed7_run3_adaptive.attempt1.memory.csv,True,True,results/inprocess_raw_handoff_seed7_9_10_three_mode_n3_20260901_forensics/seed7_run3_adaptive.attempt1.performance.csv,0,283,,
seed7,3,full,8,2,,strict-burst,direct,False,True,True,,,,,,,,,,,,,0,0,0,0,0,0,12,16,0,0,0,0,0,0,0,0,0,0,34,60,0,0,0,20,13,0,28,34,36.173842906951904,1.0639365560868208,2.1071972846984863,,,,,,,,,,,,,,,,,,,,,,,,,,,,,,,91.51,5,5,0,0.399,True,838860,0,0.392,0.192,"{'elapsed_s': 3.504656, 'position': [10.850000381469727, 12.050000190734863, 2.049999952316284], 'velocity': [7.999999979801942e-06, 9.000000318337698e-06, 1.9999999949504854e-06], 'speed_mps': 1.2e-05, 'nearest_point': [11.217599868774414, 12.177900314331055, 2.0], 'distance_m': 0.392413, 'clearance_m': 0.192413, 'waypoint_index': 0}",,,,,,,0,static_pcd,0,0,0,,,,,,,,,,,,,,,results/inprocess_raw_handoff_seed7_9_10_three_mode_n3_20260901_forensics/seed7_run3_full.json,9151,8300,1.312,-0.707,1.42,-28.191,24.025,-27.947,26.437,246.314,6.996,7.00102,7.00102,6.995713,7.0,0.01,True,0,0,0,,,,,,0.42,,,,,,,0,,,,,,,,,,,,,,,,,,,,,,,,,,,,,,,,,,,,,,,,,,,,,,,,,,,,,,,,,,,,,,,,,,,,,,,,,,,,,,,,,,,,,,,,,,,,,,,,,,,,,,,,,,,,,,,,,,,,,,,,,,,,,,,,,,,,,,,,,,,,,,,,,,,,,,,,,,,,,,,,,,,,,,,,,,,,,,,,,,,,,,,,,,,,,,,,,,,,,,,,,,,,,,,,,,,,,,,,,,,,,,,,,,,,,,,,,,,,,,,,,,,,,,,,,,,37153.484988452656,433,4.731723308927986,175800.01092776743,1188911.6304849884,514798736.0,5.364991068097493,45.004806993771176,32.0,0,0,0.0,,,,,5.364991068097493,5.364991068097493,5.364991068097493,5.364991068097493,0.0,34.98314942263279,22.838075288683605,12.143169307159354,2.316001441108545,,83.1266535243212,,22.00063349097381,True,93.99631859999499,sum_proc_rss_pss_swap,,78.172163,0.8316513259701659,1.391792299372729,1.534702872076894,3295.18359375,3272.5224609375,0.0,1,95.674995,1.0178589589997526,1.5835191906032045,1.7118403385797885,3734.80859375,3657.6064453125,0.0,5,results/inprocess_raw_handoff_seed7_9_10_three_mode_n3_20260901_forensics/seed7_run3_full.attempt1.cgroup.csv,1,0,True,,0,3295.234375,3272.5224609375,0.0,6326.80078125,1161.8984375,8372.74609375,186.921875,0.0,0.0,results/inprocess_raw_handoff_seed7_9_10_three_mode_n3_20260901_forensics/seed7_run3_full.attempt1.memory.csv,True,True,results/inprocess_raw_handoff_seed7_9_10_three_mode_n3_20260901_forensics/seed7_run3_full.attempt1.performance.csv,2,435,,
seed7,3,sector,9,3,,strict-burst,cpp-intra,True,True,True,,,,,,,,,,,,,0,0,0,0,0,0,4,8,0,0,0,0,0,0,0,0,0,0,36,87,0,0,0,15,20,0,29,36,29.756204843521118,0.8265612456533644,3.5133235454559326,,,,,,,,,,,,,,,,,,,,,,,,,,,,,,,79.06,5,5,0,0.239,True,838860,0,0.353,0.153,"{'elapsed_s': 16.563099, 'position': [20.642744064331055, 24.14707374572754, 1.5166480541229248], 'velocity': [-6.215171813964844, 1.504093050956726, -0.5908629894256592], 'speed_mps': 6.42182, 'nearest_point': [20.55780029296875, 23.805200576782227, 1.5], 'distance_m': 0.352661, 'clearance_m': 0.152661, 'waypoint_index': 1}",,,,,,,0,static_pcd,0,0,0,,,,,,,,,,,,,,,results/inprocess_raw_handoff_seed7_9_10_three_mode_n3_20260901_forensics/seed7_run3_sector.json,7906,7056,1.17,-0.729,1.696,-25.707,24.108,-28.07,25.789,226.619,7.0,7.000888,7.000888,6.999543,7.0,0.01,True,0,0,0,,,,,,0.725,,,,,,,0,,,,,,,,,,,,,,,,,,,,,,,,,,,,,,,,,,,,,,,,,,,,,,,,,,,,,,,,,,,,,,,,,,,,,,,,,,60,True,0.6,1.2,1.5,2,0.2,0,0,False,False,0,0,False,0,0,0,0,0,377,377,0,426253696,0,426253696,377,140389360,0,0,,0,0,0,0,0,0,0,/rog_map/commit_version,0.12,0.1,0,0,False,/rog_map/cloud_process_ack,/sector/full_refresh_request,0,0,0,0,0,False,0,0,0,0,0,0,0,False,0,0,0,0,0,0,0,0,0,0,0,0,0,0,0,6000,0,0,100,13320428,7019468,52.697,False,0,False,0,0,False,0,0,1.5,0,1.5,1.5,0,0,0,,,,,,,,,0,0,,False,False,False,0,0,5,15,False,0,0,0,0,0,0,0,0,,,/planning/trajectory_guard_recovery_active,2.5,0,0,False,False,0,0,0,0,0,False,0,0,0,0,0,0,0,0,False,0,0,0,0,0,0,0,0,,,,,,,,,,,,,,,,,,,,,,,,18563.605263157893,380,4.806476094105743,89225.52491778396,371272.1052631579,141083400.0,1.701841829639129,14.276083986845434,20.0,0,0,0.0,5.1417556558112505,5.1417556558112505,1.693469857433733,0.0,1.701841829639129,1.701841829639129,6.843597485450379,5.1417556558112505,1.701841829639129,13.693815578947369,9.234581184210526,4.457683131578947,1.20252675,52.697,72.35476627149667,,22.614475318983946,True,81.28803381699254,sum_proc_rss_pss_swap,,58.843445,0.7238881571730095,1.1309425349400395,1.172836833467996,3203.34765625,3180.6494140625,0.0,1,72.48632,0.8917219004606726,1.2655218629247973,1.3221986542644653,3586.5625,3509.3466796875,0.0,5,results/inprocess_raw_handoff_seed7_9_10_three_mode_n3_20260901_forensics/seed7_run3_sector.attempt1.cgroup.csv,1,0,True,,0,3203.375,3180.6494140625,0.0,6455.5,1161.8984375,8240.10546875,186.921875,0.0,0.0,results/inprocess_raw_handoff_seed7_9_10_three_mode_n3_20260901_forensics/seed7_run3_sector.attempt1.memory.csv,True,True,results/inprocess_raw_handoff_seed7_9_10_three_mode_n3_20260901_forensics/seed7_run3_sector.attempt1.performance.csv,3,383,,
seed9,1,full,10,1,,strict-burst,direct,False,True,True,,,,,,,,,,,,,0,0,0,0,0,0,14,19,0,0,0,0,0,0,0,0,0,0,26,39,0,0,0,15,8,0,19,26,39.76481604576111,1.5294160017600427,5.582559585571289,,,,,,,,,,,,,,,,,,,,,,,,,,,,,,,88.54,5,5,0,0.397,True,1042220,0,0.462,0.262,"{'elapsed_s': 5.113586, 'position': [8.698779106140137, 8.793548583984375, 0.9785439968109131], 'velocity': [0.035624999552965164, -0.804053008556366, -0.9296079874038696], 'speed_mps': 1.22961, 'nearest_point': [9.15999984741211, 8.772000312805176, 1.0], 'distance_m': 0.462222, 'clearance_m': 0.262222, 'waypoint_index': 0}",,,,,,,0,static_pcd,0,0,0,,,,,,,,,,,,,,,results/inprocess_raw_handoff_seed7_9_10_three_mode_n3_20260901_forensics/seed9_run1_full.json,8854,8376,1.072,-1.017,1.021,-24.271,24.025,-25.947,24.193,242.689,7.0,7.004637,7.004637,6.9995,7.0,0.01,True,0,0,0,,,,,,1.478,,,,,,,0,,,,,,,,,,,,,,,,,,,,,,,,,,,,,,,,,,,,,,,,,,,,,,,,,,,,,,,,,,,,,,,,,,,,,,,,,,,,,,,,,,,,,,,,,,,,,,,,,,,,,,,,,,,,,,,,,,,,,,,,,,,,,,,,,,,,,,,,,,,,,,,,,,,,,,,,,,,,,,,,,,,,,,,,,,,,,,,,,,,,,,,,,,,,,,,,,,,,,,,,,,,,,,,,,,,,,,,,,,,,,,,,,,,,,,,,,,,,,,,,,,,,,,,,,,,41767.976,500,5.647165123108199,235870.6573300203,1336575.412,668287706.0,7.19820218186414,60.38289640840298,32.0,0,0,0.0,,,,,7.19820218186414,7.19820218186414,7.19820218186414,7.19820218186414,0.0,36.516255,24.4129844,12.101483499999999,2.379841404,,93.94608077850921,,24.830505473238166,True,90.9717562480073,sum_proc_rss_pss_swap,,85.513913,0.9400050798939386,1.4938530935249565,1.6512087909225788,3298.06640625,3275.4462890625,0.0,1,100.715088,1.1071028212913734,1.6638714530273762,1.8354444330386939,3784.140625,3707.3427734375,0.0,5,results/inprocess_raw_handoff_seed7_9_10_three_mode_n3_20260901_forensics/seed9_run1_full.attempt1.cgroup.csv,1,0,True,,0,3298.1171875,3275.4462890625,0.0,6207.23828125,1161.8984375,8489.48828125,186.921875,0.0,0.0,results/inprocess_raw_handoff_seed7_9_10_three_mode_n3_20260901_forensics/seed9_run1_full.attempt1.memory.csv,True,True,results/inprocess_raw_handoff_seed7_9_10_three_mode_n3_20260901_forensics/seed9_run1_full.attempt1.performance.csv,2,502,,
seed9,1,sector,11,2,,strict-burst,cpp-intra,True,True,True,,,,,,,,,,,,,0,0,0,0,0,0,12,12,0,0,0,0,0,0,0,0,0,0,55,101,0,0,0,30,23,0,48,54,50.95443415641785,0.9436006325262564,3.245866298675537,,,,,,,,,,,,,,,,,,,,,,,,,,,,,,,99.84,5,5,0,0.238,True,1042220,0,0.315,0.115,"{'elapsed_s': 63.007876, 'position': [-20.920774459838867, -23.757699966430664, 1.7819299697875977], 'velocity': [6.931239128112793, 0.21416600048542023, 0.16165100038051605], 'speed_mps': 6.936431, 'nearest_point': [-20.898099899291992, -23.444499969482422, 1.7999999523162842], 'distance_m': 0.314539, 'clearance_m': 0.114539, 'waypoint_index': 3}",,,,,,,0,static_pcd,0,0,0,,,,,,,,,,,,,,,results/inprocess_raw_handoff_seed7_9_10_three_mode_n3_20260901_forensics/seed9_run1_sector.json,9983,9510,1.25,-0.822,1.681,-24.116,24.025,-29.859,25.236,239.848,7.0,7.003551,7.00355,6.999861,7.0,0.01,True,0,0,0,,,,,,0.157,,,,,,,0,,,,,,,,,,,,,,,,,,,,,,,,,,,,,,,,,,,,,,,,,,,,,,,,,,,,,,,,,,,,,,,,,,,,,,,,,,60,True,0.6,1.2,1.5,2,0.2,0,0,False,False,0,0,False,0,0,0,0,0,377,377,0,498669696,0,498669696,377,172650720,0,0,,0,0,0,0,0,0,0,/rog_map/commit_version,0.12,0.1,0,0,False,/rog_map/cloud_process_ack,/sector/full_refresh_request,0,0,0,0,0,False,0,0,0,0,0,0,0,False,0,0,0,0,0,0,0,0,0,0,0,0,0,0,0,6000,0,0,100,15583428,8632536,55.396,False,0,False,0,0,False,0,0,1.5,0,1.5,1.5,0,0,0,,,,,,,,,0,0,,False,False,False,0,0,5,15,False,0,0,0,0,0,0,0,0,,,/planning/trajectory_guard_recovery_active,2.5,0,0,False,False,0,0,0,0,0,False,0,0,0,0,0,0,0,0,False,0,0,0,0,0,0,0,0,,,,,,,,,,,,,,,,,,,,,,,,22814.775725593667,379,3.7960737179487176,86606.57051282052,456295.51451187336,172936000.0,1.6518892386020758,13.857051282051282,20.0,0,0,0.0,4.763306104219876,4.763306104219876,1.649164236508883,0.0,1.6518892386020758,1.6518892386020758,6.415195342821953,4.763306104219876,1.6518892386020758,12.388795514511873,8.38810340369393,3.9991286912928756,1.1642911503957782,55.396,57.426799200074996,,27.42552541372331,True,101.97527001000708,sum_proc_rss_pss_swap,,58.583441,0.5744867456026452,1.0231299521111608,1.1809771917866885,3228.16796875,3205.6103515625,0.0,1,78.483251,0.7696302347843574,1.1904996461666992,1.3434366647630898,3717.2578125,3639.92578125,0.0,5,results/inprocess_raw_handoff_seed7_9_10_three_mode_n3_20260901_forensics/seed9_run1_sector.attempt1.cgroup.csv,1,0,True,,0,3228.25,3205.6103515625,0.0,6260.9140625,1161.8984375,8443.69921875,186.921875,0.0,0.0,results/inprocess_raw_handoff_seed7_9_10_three_mode_n3_20260901_forensics/seed9_run1_sector.attempt1.memory.csv,True,True,results/inprocess_raw_handoff_seed7_9_10_three_mode_n3_20260901_forensics/seed9_run1_sector.attempt1.performance.csv,1,380,,
seed9,1,adaptive,12,3,,strict-burst,cpp-intra,True,True,True,,,,,,,,,,,,,0,71,71,71,0,0,9,9,0,0,0,0,0,0,0,0,0,0,71,98,0,0,0,50,21,0,67,71,77.81065797805786,1.095924760254336,2.5901668071746826,,,,,,,,,,,,,,,,,,,,,,,,,,,,,,,117.78,5,5,0,0.365,True,1042220,0,0.417,0.217,"{'elapsed_s': 38.443926, 'position': [-10.355891227722168, 22.40329360961914, 1.5416300296783447], 'velocity': [-2.420232057571411, 1.383713960647583, -0.3241260051727295], 'speed_mps': 2.806643, 'nearest_point': [-10.13230037689209, 22.752399444580078, 1.5], 'distance_m': 0.416654, 'clearance_m': 0.216654, 'waypoint_index': 1}",,,,,,,0,static_pcd,0,0,0,,,,,,,,,,,,,,,results/inprocess_raw_handoff_seed7_9_10_three_mode_n3_20260901_forensics/seed9_run1_adaptive.json,11778,11062,1.234,-0.834,2.245,-25.781,23.664,-30.045,24.719,235.166,6.996,7.000668,7.000667,6.995761,7.0,0.01,True,0,0,0,,,,,,0.0,1788234982.922313,0.431,0.437,1788235011.795183,4.45,23.25,0,,,,,,,,,,,,,,,,,,,,,,,,,,,,,,,,,,,,,,,,,,,,,,,,,,,,,,,,,,,,,,,,,,,,,,,,,,60,True,0.6,1.2,1.5,2,1.5,1.5,3,False,True,66,59,False,59,59,0,0.03538,0.073932,340,340,0,441963328,340,441963328,296,317584156,44,5,,0,0,0,0,0,0,0,/rog_map/commit_version,0.12,0.1,0.25,0,True,/rog_map/cloud_process_ack,/sector/full_refresh_request,296,296,17,63,63,False,0,1,63,0,0,0,63,False,193,193,0,296,0,296,1788235098793271259,296,0,0.372864,1.973887,0.034625,0.055217,0.330646,1.975702,6000,1166623,503046,87.059,13811354,11110868,80.447,False,0,True,98.235,98.965,False,0.6,1.4,1.5,0.2,3,2.887519,0,0,0,,,,,,,,,0,0,,True,True,False,0.6,1.4,3,15,False,21,21,2,1,10.882,346,168,8,1788234990,1788234982.92,/planning/trajectory_guard_recovery_active,2.5,0,0,False,True,143,71,2,1,71,False,1,71,71,0,0,0,0.034801,0.052409,False,0,97.353,223,108,205,83,65.588,31.765,1788234982.92,,,,,,,,,,,,,,,,,,,,,,,37377.86577181208,298,2.5301409407369673,94571.26846663271,1068437.6979865772,318394434.0,2.578065836241339,21.626383698420785,27.812080536912752,339,441186464,3.5723229704779302,3.57861330197853,3.57861330197853,2.571504948843232,0.0,2.578065836241339,6.150388806719269,9.729002108697799,3.57861330197853,6.150388806719269,26.316825268456377,17.46459489932886,8.850544932885906,1.6116175402684563,80.447,43.98653313081306,,25.623533392357547,True,119.91385586699471,sum_proc_rss_pss_swap,,52.771706,0.4400801360147487,1.0204973406688136,1.2945560150892703,3262.125,3239.2685546875,0.0,1,77.782474,0.6486529303692333,1.1863371890013195,1.4424141936058734,3750.140625,3672.5859375,0.0,5,results/inprocess_raw_handoff_seed7_9_10_three_mode_n3_20260901_forensics/seed9_run1_adaptive.attempt1.cgroup.csv,1,0,True,,0,3262.1484375,3239.263671875,0.0,6233.171875,1161.8984375,8496.84375,186.921875,0.0,0.0,results/inprocess_raw_handoff_seed7_9_10_three_mode_n3_20260901_forensics/seed9_run1_adaptive.attempt1.memory.csv,True,True,results/inprocess_raw_handoff_seed7_9_10_three_mode_n3_20260901_forensics/seed9_run1_adaptive.attempt1.performance.csv,0,298,,
seed9,2,sector,13,1,,strict-burst,cpp-intra,True,True,True,,,,,,,,,,,,,0,0,0,0,0,0,7,24,0,0,0,0,0,0,0,0,0,0,43,76,0,0,0,25,18,0,36,42,45.99842119216919,1.095200504575457,10.66683840751648,,,,,,,,,,,,,,,,,,,,,,,,,,,,,,,94.28,5,5,0,0.359,True,1042220,0,0.388,0.188,"{'elapsed_s': 5.955609, 'position': [12.77004337310791, 11.784493446350098, 1.699834942817688], 'velocity': [-0.0, -0.0, 0.0], 'speed_mps': 0.0, 'nearest_point': [13.133099555969238, 11.92199993133545, 1.7000000476837158], 'distance_m': 0.388224, 'clearance_m': 0.188224, 'waypoint_index': 0}",,,,,,,0,static_pcd,0,0,0,,,,,,,,,,,,,,,results/inprocess_raw_handoff_seed7_9_10_three_mode_n3_20260901_forensics/seed9_run2_sector.json,9427,8999,0.887,-1.161,1.764,-25.628,24.026,-26.939,24.146,235.563,7.0,7.005778,7.005778,6.999996,7.0,0.01,True,0,0,0,,,,,,0.0,,,,,,,0,,,,,,,,,,,,,,,,,,,,,,,,,,,,,,,,,,,,,,,,,,,,,,,,,,,,,,,,,,,,,,,,,,,,,,,,,,60,True,0.6,1.2,1.5,2,0.2,0,0,False,False,0,0,False,0,0,0,0,0,394,394,0,539594528,0,539594528,394,190784860,0,0,,0,0,0,0,0,0,0,/rog_map/commit_version,0.12,0.1,0,0,False,/rog_map/cloud_process_ack,/sector/full_refresh_request,0,0,0,0,0,False,0,0,0,0,0,0,0,False,0,0,0,0,0,0,0,0,0,0,0,0,0,0,0,6000,0,0,100,16862329,9539243,56.571,False,0,False,0,0,False,0,0,1.5,0,1.5,1.5,0,0,0,,,,,,,,,0,0,,False,False,False,0,0,5,15,False,0,0,0,0,0,0,0,0,,,/planning/trajectory_guard_recovery_active,2.5,0,0,False,False,0,0,0,0,0,False,0,0,0,0,0,0,0,0,False,0,0,0,0,0,0,0,0,,,,,,,,,,,,,,,,,,,,,,,,24126.378787878788,396,4.2002545608824775,101336.93254136614,482527.57575757575,191080920.0,1.9328485973618725,16.213909206618585,20.0,0,0,0.0,5.458182463162422,5.458182463162422,1.9298538496092714,0.0,1.9328485973618725,1.9328485973618725,7.391031060524294,5.458182463162422,1.9328485973618725,13.381741616161616,9.045665075757576,4.334486691919192,1.2074146464646465,56.571,64.54347043216562,,25.15220013828415,True,96.19399460799468,sum_proc_rss_pss_swap,,62.107909,0.6456526652531613,1.0896391657344469,1.2655519262397192,3225.20703125,3202.265625,0.0,1,79.713907,0.8286786230766945,1.270754471135945,1.4360127734635664,3712.37890625,3634.8828125,0.0,5,results/inprocess_raw_handoff_seed7_9_10_three_mode_n3_20260901_forensics/seed9_run2_sector.attempt1.cgroup.csv,1,0,True,,0,3225.20703125,3202.265625,0.0,6221.47265625,1161.8984375,8482.66015625,186.921875,0.0,0.0,results/inprocess_raw_handoff_seed7_9_10_three_mode_n3_20260901_forensics/seed9_run2_sector.attempt1.memory.csv,True,True,results/inprocess_raw_handoff_seed7_9_10_three_mode_n3_20260901_forensics/seed9_run2_sector.attempt1.performance.csv,0,396,,
seed9,2,adaptive,14,2,,strict-burst,cpp-intra,True,True,True,,,,,,,,,,,,,0,41,41,41,0,0,7,11,0,0,0,0,0,0,0,0,0,0,41,34,0,0,0,33,8,0,39,41,49.374759912490845,1.2042624368900205,3.708641529083252,,,,,,,,,,,,,,,,,,,,,,,,,,,,,,,92.97,5,5,0,0.383,True,1042220,0,0.472,0.272,"{'elapsed_s': 82.127233, 'position': [8.94221305847168, -9.737489700317383, 1.2445889711380005], 'velocity': [-1.5658949613571167, 2.231812000274658, 1.13674795627594], 'speed_mps': 2.953846, 'nearest_point': [8.555700302124023, -10.003999710083008, 1.2000000476837158], 'distance_m': 0.471601, 'clearance_m': 0.271601, 'waypoint_index': 4}",,,,,,,0,static_pcd,0,0,0,,,,,,,,,,,,,,,results/inprocess_raw_handoff_seed7_9_10_three_mode_n3_20260901_forensics/seed9_run2_adaptive.json,9296,8660,1.135,-0.937,1.081,-24.615,24.025,-25.8,24.475,235.995,6.999,7.002147,7.002146,6.999023,7.0,0.01,True,0,0,0,,,,,,1.472,1788235228.858724,20.297,20.286,1788235228.779111,20.221,20.222,0,,,,,,,,,,,,,,,,,,,,,,,,,,,,,,,,,,,,,,,,,,,,,,,,,,,,,,,,,,,,,,,,,,,,,,,,,,60,True,0.6,1.2,1.5,2,1.5,1.5,3,True,False,54,54,False,54,54,0,0.039746,0.064714,409,409,0,541962016,409,541962016,327,324310904,82,5,,0,0,0,0,0,0,0,/rog_map/commit_version,0.12,0.1,0.25,0,True,/rog_map/cloud_process_ack,/sector/full_refresh_request,327,327,19,75,75,False,0,1,75,0,0,0,75,False,170,170,0,327,0,327,1788235306280002082,327,0,0.355648,0.763906,0.037685,0.059723,0.21763,1.470902,6000,1699526,699474,79.951,16936313,11931406,70.449,True,11.247,True,87.531,86.693,True,0.6,1.4,1.5,0.2,3,2.8735,1,1,0,1788235293.88,1788235293.88,1788235294.09,1788235295.76,1788235296.96,1.200296,,,2,1.200296,0,True,True,False,0.6,1.4,3,15,False,22,22,9,8,13.692,385,214,7,1788235221.37,1788235213.21,/planning/trajectory_guard_recovery_active,2.5,0,0,False,True,83,41,4,3,41,False,1,41,41,0,0,0,0.040155,0.065966,False,0,82.885,216,123,184,92,52.812,30.073,1788235213.21,,,,,,,,,,,,,,,,,,,,,,,36538.71559633027,327,3.517263633430139,128516.2955792191,993656.2629969419,324925598.0,3.3330450420086266,27.9596083037539,26.275229357798164,408,541139520,5.550939677491732,5.55937673579599,5.55937673579599,3.3267395899246313,0.0,3.3330450420086266,8.883984719500358,14.443361455296348,5.55937673579599,8.883984719500358,27.60904859327217,18.35938388379205,9.24797259938838,1.7062236391437309,70.449,64.00895692859896,,,True,95.00287936799577,sum_proc_rss_pss_swap,,60.839988,0.6404015162986265,1.2897695658971728,1.4329850225083836,3292.0703125,3269.2861328125,0.0,1,78.676842,0.8281521836327033,1.4604055250207777,1.6179796371376634,3779.90625,3702.595703125,0.0,5,results/inprocess_raw_handoff_seed7_9_10_three_mode_n3_20260901_forensics/seed9_run2_adaptive.attempt1.cgroup.csv,1,0,True,,0,3292.078125,3269.2783203125,0.0,6181.09765625,1161.8984375,8559.859375,186.921875,0.0,0.0,results/inprocess_raw_handoff_seed7_9_10_three_mode_n3_20260901_forensics/seed9_run2_adaptive.attempt1.memory.csv,True,True,results/inprocess_raw_handoff_seed7_9_10_three_mode_n3_20260901_forensics/seed9_run2_adaptive.attempt1.performance.csv,1,328,,
seed9,2,full,15,3,,strict-burst,direct,False,True,True,,,,,,,,,,,,,0,0,0,0,0,0,15,18,0,0,0,0,0,0,0,0,0,0,65,118,0,1,0,41,21,0,58,65,75.9590950012207,1.1686014615572415,3.5130112171173096,,,,,,,,,,,,,,,,,,,,,,,,,,,,,,,119.71,5,5,0,0.379,True,1042220,0,0.463,0.263,"{'elapsed_s': 61.671045, 'position': [-23.649999618530273, -9.350000381469727, 2.450000047683716], 'velocity': [2.4000000848900527e-05, -5.999999848427251e-05, -1.2000000424450263e-05], 'speed_mps': 6.6e-05, 'nearest_point': [-23.3439998626709, -9.694100379943848, 2.4000000953674316], 'distance_m': 0.463185, 'clearance_m': 0.263185, 'waypoint_index': 2}",,,,,,,0,static_pcd,0,0,0,,,,,,,,,,,,,,,results/inprocess_raw_handoff_seed7_9_10_three_mode_n3_20260901_forensics/seed9_run2_full.json,11970,11147,1.221,-0.841,1.983,-24.064,23.815,-26.923,24.906,240.528,6.996,7.003171,7.003171,6.996238,7.0,0.01,True,0,0,0,,,,,,1.03,,,,,,,0,,,,,,,,,,,,,,,,,,,,,,,,,,,,,,,,,,,,,,,,,,,,,,,,,,,,,,,,,,,,,,,,,,,,,,,,,,,,,,,,,,,,,,,,,,,,,,,,,,,,,,,,,,,,,,,,,,,,,,,,,,,,,,,,,,,,,,,,,,,,,,,,,,,,,,,,,,,,,,,,,,,,,,,,,,,,,,,,,,,,,,,,,,,,,,,,,,,,,,,,,,,,,,,,,,,,,,,,,,,,,,,,,,,,,,,,,,,,,,,,,,,,,,,,,,,41087.47040498442,321,2.6814802439228136,110175.24016372902,1314799.2274143302,422050552.0,3.3622819452633905,28.20486522429204,32.0,0,0,0.0,,,,,3.3622819452633905,3.3622819452633905,3.3622819452633905,3.3622819452633905,0.0,30.781330529595017,19.878942367601244,10.900560124610593,2.49672976635514,,50.919755831937614,,26.828700735437565,True,122.18114561900438,sum_proc_rss_pss_swap,,62.199631,0.5090771631324866,1.2275805488548703,1.4164057002049462,3303.359375,3280.4619140625,0.0,1,90.609838,0.7416024587177082,1.4411089268887451,1.6108810778800087,3788.921875,3711.5322265625,0.0,5,results/inprocess_raw_handoff_seed7_9_10_three_mode_n3_20260901_forensics/seed9_run2_full.attempt1.cgroup.csv,1,0,True,,0,3303.47265625,3280.462890625,0.0,6117.5703125,1161.8984375,8595.55859375,186.921875,0.0,0.0,results/inprocess_raw_handoff_seed7_9_10_three_mode_n3_20260901_forensics/seed9_run2_full.attempt1.memory.csv,True,True,results/inprocess_raw_handoff_seed7_9_10_three_mode_n3_20260901_forensics/seed9_run2_full.attempt1.performance.csv,2,323,,
seed9,3,adaptive,16,1,,strict-burst,cpp-intra,True,True,True,,,,,,,,,,,,,0,33,33,33,0,0,9,10,0,0,0,0,0,0,0,0,0,0,33,62,0,1,0,19,13,0,23,33,35.07551407814026,1.0628943660042502,2.0398075580596924,,,,,,,,,,,,,,,,,,,,,,,,,,,,,,,85.94,5,5,1,0.192,True,1042220,0,0.29,0.09,"{'elapsed_s': 50.643457, 'position': [-16.2474308013916, -23.001483917236328, 0.8080729842185974], 'velocity': [0.8912010192871094, 0.7156580090522766, -0.33901700377464294], 'speed_mps': 1.192199, 'nearest_point': [-16.430500030517578, -22.777299880981445, 0.800000011920929], 'distance_m': 0.289548, 'clearance_m': 0.089548, 'waypoint_index': 3}",,,,,,,1,static_pcd,0,1,0,live_cloud,50.5756,0.19827,-16.327600479125977,-23.0660400390625,0.838729977607727,1.87765,-16.412189483642578,-22.887659072875977,0.8571100234985352,0.2947,0.0947,False,0.10616,results/inprocess_raw_handoff_seed7_9_10_three_mode_n3_20260901_forensics/seed9_run3_adaptive.json,8593,8179,0.972,-0.819,1.933,-25.47,24.025,-29.722,25.211,238.082,7.0,7.001984,7.001984,6.999974,7.0,0.01,True,0,0,0,,,,,,1.271,1788235448.544633,6.451,5.77,1788235447.814041,4.791,3.037,0,,,,,,,,,,,,,,,,,,,,,,,,,,,,,,,,,,,,,,,,,,,,,,,,,,,,,,,,,,,,,,,,,,,,,,,,,,60,True,0.6,1.2,1.5,2,1.5,1.5,3,True,False,56,54,True,53,53,0,0.039543,0.064136,389,389,0,513158048,389,513158048,311,304009180,78,5,,0,0,0,0,0,0,0,/rog_map/commit_version,0.12,0.1,0.25,0,True,/rog_map/cloud_process_ack,/sector/full_refresh_request,310,310,24,68,68,False,0,1,68,0,0,0,68,False,155,155,0,310,0,310,1788235532506611985,310,0,0.338633,0.757197,0.04287,0.114456,0.21105,1.081068,6000,1467292,670753,79.949,16036189,11418410,71.204,True,43.959,True,84.576,86.061,False,0.6,1.4,1.5,0.2,3,2.898678,1,0,0,1788235493.53,1788235493.53,1788235494.82,,,,,,27,1.119853,0,True,True,True,0.6,1.4,3,15,True,27,26,11,10,17.738,432,239,8,1788235447.19,1788235447.19,/planning/trajectory_guard_recovery_active,2.5,0,0,False,True,67,33,5,4,33,False,1,33,33,0,0,0,0.03832,0.053277,False,0,80.463,152,161,133,122,39.075,41.388,1788235448.54,,,,,,,,,,,,,,,,,,,,,,,36634.463258785945,313,3.6420758668838724,133425.4945310682,975293.5974440895,305266896.0,3.3875401252531745,28.416746195019783,25.98083067092652,388,512160960,5.68343906699987,5.6945037309141915,5.6945037309141915,3.3735832780745243,0.0,3.3875401252531745,9.070979192253043,14.765482923167236,5.6945037309141915,9.070979192253043,28.968138466453674,19.359794313099044,9.606481968051119,1.768457591054313,71.204,75.93840965911977,,,True,87.99680929500028,sum_proc_rss_pss_swap,,66.851376,0.7597022725663566,1.2105413513603855,1.3072605886538673,3284.33203125,3261.5927734375,0.0,1,84.115528,0.9558929315040426,1.396775108293437,1.489321441057102,3707.26953125,3630.1630859375,0.0,5,results/inprocess_raw_handoff_seed7_9_10_three_mode_n3_20260901_forensics/seed9_run3_adaptive.attempt1.cgroup.csv,1,0,True,,0,3284.33203125,3261.5927734375,0.0,6182.5703125,1161.8984375,8532.78125,186.921875,0.0,0.0,results/inprocess_raw_handoff_seed7_9_10_three_mode_n3_20260901_forensics/seed9_run3_adaptive.attempt1.memory.csv,True,True,results/inprocess_raw_handoff_seed7_9_10_three_mode_n3_20260901_forensics/seed9_run3_adaptive.attempt1.performance.csv,1,314,,
seed9,3,full,17,2,,strict-burst,direct,False,True,True,,,,,,,,,,,,,0,0,0,0,0,0,19,27,0,0,0,0,0,0,0,0,0,0,52,101,0,1,0,25,21,0,35,52,55.19894981384277,1.0615182656508226,3.8547415733337402,,,,,,,,,,,,,,,,,,,,,,,,,,,,,,,112.8,5,5,0,0.355,True,1042220,0,0.419,0.219,"{'elapsed_s': 98.754557, 'position': [16.773914337158203, -22.177087783813477, 1.8236219882965088], 'velocity': [-0.0577239990234375, -0.11265599727630615, -0.07173000276088715], 'speed_mps': 0.145494, 'nearest_point': [16.8351993560791, -21.763099670410156, 1.7999999523162842], 'distance_m': 0.419166, 'clearance_m': 0.219166, 'waypoint_index': 3}",,,,,,,0,static_pcd,0,0,0,,,,,,,,,,,,,,,results/inprocess_raw_handoff_seed7_9_10_three_mode_n3_20260901_forensics/seed9_run3_full.json,11280,10577,1.096,-0.985,1.147,-32.505,24.025,-26.884,24.982,261.701,7.0,7.002814,7.002815,7.000097,7.0,0.01,True,0,0,0,,,,,,1.474,,,,,,,0,,,,,,,,,,,,,,,,,,,,,,,,,,,,,,,,,,,,,,,,,,,,,,,,,,,,,,,,,,,,,,,,,,,,,,,,,,,,,,,,,,,,,,,,,,,,,,,,,,,,,,,,,,,,,,,,,,,,,,,,,,,,,,,,,,,,,,,,,,,,,,,,,,,,,,,,,,,,,,,,,,,,,,,,,,,,,,,,,,,,,,,,,,,,,,,,,,,,,,,,,,,,,,,,,,,,,,,,,,,,,,,,,,,,,,,,,,,,,,,,,,,,,,,,,,,41801.92656587473,463,4.1046099290780145,171580.60283687944,1337661.6285097192,619337334.0,5.236224367263469,43.92463361702128,32.0,0,0,0.0,,,,,5.236224367263469,5.236224367263469,5.236224367263469,5.236224367263469,0.0,32.26024233261339,21.508186760259182,10.750272786177106,2.258454835853132,,72.43921402288797,,,True,115.00715752399992,sum_proc_rss_pss_swap,,83.330088,0.7245643644623642,1.3466066825530152,1.631559888936541,3302.90625,3280.142578125,0.0,1,106.418486,0.9253205477910571,1.533341187609961,1.844198614756145,3787.78515625,3710.638671875,0.0,5,results/inprocess_raw_handoff_seed7_9_10_three_mode_n3_20260901_forensics/seed9_run3_full.attempt1.cgroup.csv,1,0,True,,0,3302.95703125,3280.142578125,0.0,6078.9765625,1161.8984375,8635.6484375,186.921875,0.0,0.0,results/inprocess_raw_handoff_seed7_9_10_three_mode_n3_20260901_forensics/seed9_run3_full.attempt1.memory.csv,True,True,results/inprocess_raw_handoff_seed7_9_10_three_mode_n3_20260901_forensics/seed9_run3_full.attempt1.performance.csv,1,464,,
seed9,3,sector,18,3,,strict-burst,cpp-intra,True,True,True,,,,,,,,,,,,,0,0,0,0,0,0,8,8,0,0,0,0,0,0,0,0,0,0,36,61,0,1,0,20,14,0,30,35,33.26396584510803,0.9503990241459438,2.1148271560668945,,,,,,,,,,,,,,,,,,,,,,,,,,,,,,,84.82,5,5,0,0.351,True,1042220,0,0.468,0.268,"{'elapsed_s': 25.777203, 'position': [-6.639810085296631, 23.962940216064453, 2.2550649642944336], 'velocity': [-0.22762300074100494, -0.34313899278640747, -0.08808500319719315], 'speed_mps': 0.421089, 'nearest_point': [-7.018499851226807, 24.234399795532227, 2.299999952316284], 'distance_m': 0.468097, 'clearance_m': 0.268097, 'waypoint_index': 1}",,,,,,,0,static_pcd,0,0,0,,,,,,,,,,,,,,,results/inprocess_raw_handoff_seed7_9_10_three_mode_n3_20260901_forensics/seed9_run3_sector.json,8481,7932,1.198,-0.818,2.151,-24.849,24.025,-26.55,24.931,233.973,7.001,7.001334,7.001333,7.00109,7.0,0.01,True,0,0,0,,,,,,0.356,,,,,,,0,,,,,,,,,,,,,,,,,,,,,,,,,,,,,,,,,,,,,,,,,,,,,,,,,,,,,,,,,,,,,,,,,,,,,,,,,,60,True,0.6,1.2,1.5,2,0.2,0,0,False,False,0,0,False,0,0,0,0,0,361,361,0,485973312,0,485973312,361,160455840,0,0,,0,0,0,0,0,0,0,/rog_map/commit_version,0.12,0.1,0,0,False,/rog_map/cloud_process_ack,/sector/full_refresh_request,0,0,0,0,0,False,0,0,0,0,0,0,0,False,0,0,0,0,0,0,0,0,0,0,0,0,0,0,0,6000,0,0,100,15186666,8022792,52.828,False,0,False,0,0,False,0,0,1.5,0,1.5,1.5,0,0,0,,,,,,,,,0,0,,False,False,False,0,0,5,15,False,0,0,0,0,0,0,0,0,,,/planning/trajectory_guard_recovery_active,2.5,0,0,False,False,0,0,0,0,0,False,0,0,0,0,0,0,0,0,False,0,0,0,0,0,0,0,0,,,,,,,,,,,,,,,,,,,,,,,,22182.491712707182,362,4.267861353454374,94671.79910398491,443649.83425414364,160601240.0,1.8057212658688528,15.147487856637586,20.0,0,0,0.0,5.464044637034677,5.464044637034677,1.8040864598607715,0.0,1.8057212658688528,1.8057212658688528,7.269765902903529,5.464044637034677,1.8057212658688528,13.457480303867403,8.941964337016575,4.514046685082873,1.3821342569060773,52.828,68.39465895150249,,25.759352537416472,True,86.9674591619987,sum_proc_rss_pss_swap,,59.522259,0.6844198919175604,1.1181530836251519,1.2751474884004992,3204.0390625,3181.025390625,0.0,1,76.287252,0.8771930643379595,1.2887274379366487,1.449528261814154,3628.9140625,3551.23046875,0.0,5,results/inprocess_raw_handoff_seed7_9_10_three_mode_n3_20260901_forensics/seed9_run3_sector.attempt1.cgroup.csv,1,0,True,,0,3204.0390625,3181.025390625,0.0,6207.7734375,1161.8984375,8501.61328125,186.921875,0.0,0.0,results/inprocess_raw_handoff_seed7_9_10_three_mode_n3_20260901_forensics/seed9_run3_sector.attempt1.memory.csv,True,True,results/inprocess_raw_handoff_seed7_9_10_three_mode_n3_20260901_forensics/seed9_run3_sector.attempt1.performance.csv,0,362,,
seed10,1,full,19,1,,strict-burst,direct,False,True,True,,,,,,,,,,,,,0,0,0,0,0,0,13,17,0,0,0,0,0,1,1,0,0,0,39,51,0,0,0,26,11,0,34,38,43.19580364227295,1.1367316747966565,4.41167688369751,,,,,,,,,,,,,,,,,,,,,,,,,,,,,,,95.29,5,5,0,0.302,True,1042220,0,0.389,0.189,"{'elapsed_s': 29.696974, 'position': [0.3134689927101135, 23.721874237060547, 0.80936598777771], 'velocity': [-0.0009629999985918403, -0.0005230000242590904, 0.0002849999873433262], 'speed_mps': 0.001132, 'nearest_point': [0.33149999380111694, 23.33370018005371, 0.800000011920929], 'distance_m': 0.388705, 'clearance_m': 0.188705, 'waypoint_index': 1}",,,,,,,0,static_pcd,0,0,0,,,,,,,,,,,,,,,results/inprocess_raw_handoff_seed7_9_10_three_mode_n3_20260901_forensics/seed10_run1_full.json,9528,9160,1.456,-0.347,2.512,-27.044,24.025,-24.344,25.423,240.087,6.999,7.002243,7.002242,6.998814,7.0,0.01,True,0,0,0,,,,,,1.497,,,,,,,0,,,,,,,,,,,,,,,,,,,,,,,,,,,,,,,,,,,,,,,,,,,,,,,,,,,,,,,,,,,,,,,,,,,,,,,,,,,,,,,,,,,,,,,,,,,,,,,,,,,,,,,,,,,,,,,,,,,,,,,,,,,,,,,,,,,,,,,,,,,,,,,,,,,,,,,,,,,,,,,,,,,,,,,,,,,,,,,,,,,,,,,,,,,,,,,,,,,,,,,,,,,,,,,,,,,,,,,,,,,,,,,,,,,,,,,,,,,,,,,,,,,,,,,,,,,41505.47848101266,395,4.1452408437401616,172050.20463847203,1328175.6202531646,524629370.0,5.250556782468166,44.04486262986672,32.0,0,0,0.0,,,,,5.250556782468166,5.250556782468166,5.250556782468166,5.250556782468166,0.0,33.89962784810126,22.102402025316458,11.795303189873417,2.462100582278481,,73.70792559226227,,24.88482990241995,True,97.21162292901136,sum_proc_rss_pss_swap,,71.653072,0.737083384075632,1.3178097816552874,1.4346973559183753,3279.66796875,3256.580078125,0.0,1,89.111643,0.9166768367304561,1.4807899455745803,1.6000432383082908,3703.41796875,3625.7177734375,0.0,5,results/inprocess_raw_handoff_seed7_9_10_three_mode_n3_20260901_forensics/seed10_run1_full.attempt1.cgroup.csv,1,0,True,,0,3279.66796875,3256.580078125,0.0,6099.125,1161.8984375,8625.265625,186.921875,0.0,0.0,results/inprocess_raw_handoff_seed7_9_10_three_mode_n3_20260901_forensics/seed10_run1_full.attempt1.memory.csv,True,True,results/inprocess_raw_handoff_seed7_9_10_three_mode_n3_20260901_forensics/seed10_run1_full.attempt1.performance.csv,2,397,,
seed10,1,sector,20,2,,strict-burst,cpp-intra,True,True,True,,,,,,,,,,,,,0,0,0,0,0,0,7,7,0,0,0,0,0,0,0,0,0,0,42,72,0,1,0,23,16,0,28,42,37.37836146354675,0.8899609872273037,1.8870182037353516,,,,,,,,,,,,,,,,,,,,,,,,,,,,,,,93.26,5,5,0,0.395,True,1042220,0,0.46,0.26,"{'elapsed_s': 24.262084, 'position': [5.277215957641602, 23.121593475341797, 1.9232319593429565], 'velocity': [-0.48500698804855347, -0.04832400009036064, -0.13717800378799438], 'speed_mps': 0.506345, 'nearest_point': [5.33650016784668, 22.665700912475586, 1.899999976158142], 'distance_m': 0.460318, 'clearance_m': 0.260318, 'waypoint_index': 1}",,,,,,,0,static_pcd,0,0,0,,,,,,,,,,,,,,,results/inprocess_raw_handoff_seed7_9_10_three_mode_n3_20260901_forensics/seed10_run1_sector.json,9326,8825,1.281,-0.606,2.015,-25.082,24.025,-24.282,27.246,238.487,7.0,7.002372,7.002372,6.999921,7.0,0.01,True,0,0,0,,,,,,1.229,,,,,,,0,,,,,,,,,,,,,,,,,,,,,,,,,,,,,,,,,,,,,,,,,,,,,,,,,,,,,,,,,,,,,,,,,,,,,,,,,,60,True,0.6,1.2,1.5,2,0.2,0,0,False,False,0,0,False,0,0,0,0,0,397,397,0,535958272,0,535958272,397,189681340,0,0,,0,0,0,0,0,0,0,/rog_map/commit_version,0.12,0.1,0,0,False,/rog_map/cloud_process_ack,/sector/full_refresh_request,0,0,0,0,0,False,0,0,0,0,0,0,0,False,0,0,0,0,0,0,0,0,0,0,0,0,0,0,0,6000,0,0,100,16748696,9484067,56.626,False,0,False,0,0,False,0,0,1.5,0,1.5,1.5,0,0,0,,,,,,,,,0,0,,False,False,False,0,0,5,15,False,0,0,0,0,0,0,0,0,,,/planning/trajectory_guard_recovery_active,2.5,0,0,False,False,0,0,0,0,0,False,0,0,0,0,0,0,0,0,False,0,0,0,0,0,0,0,0,,,,,,,,,,,,,,,,,,,,,,,,23768.0875,400,4.289084280506112,101943.3304739438,475361.75,190144700.0,1.944414720038296,16.31093287583101,20.0,0,0,0.0,5.48069524632077,5.48069524632077,1.939676412819231,0.0,1.944414720038296,1.944414720038296,7.425109966359066,5.48069524632077,1.944414720038296,13.030060325,8.544746175,4.483749925,1.3009584425,56.626,67.90417158886146,,24.76855493940529,True,95.28329499300162,sum_proc_rss_pss_swap,,64.714701,0.6791820224600039,1.1094883260964288,1.1979869834490393,3215.04296875,3192.0703125,0.0,1,83.282964,0.8740562971307508,1.2769740496153845,1.367959560349265,3700.22265625,3622.6357421875,0.0,5,results/inprocess_raw_handoff_seed7_9_10_three_mode_n3_20260901_forensics/seed10_run1_sector.attempt1.cgroup.csv,1,0,True,,0,3215.04296875,3192.0703125,0.0,6097.53125,1161.8984375,8634.6484375,186.921875,0.0,0.0,results/inprocess_raw_handoff_seed7_9_10_three_mode_n3_20260901_forensics/seed10_run1_sector.attempt1.memory.csv,True,True,results/inprocess_raw_handoff_seed7_9_10_three_mode_n3_20260901_forensics/seed10_run1_sector.attempt1.performance.csv,0,400,,
seed10,1,adaptive,21,3,,strict-burst,cpp-intra,True,True,True,,,,,,,,,,,,,0,41,41,41,0,0,5,6,0,0,0,0,0,0,0,0,0,0,41,54,0,5,0,28,12,0,38,41,40.668635845184326,0.9919179474435201,1.6541533470153809,,,,,,,,,,,,,,,,,,,,,,,,,,,,,,,85.31,5,5,0,0.309,True,1042220,0,0.309,0.109,"{'elapsed_s': 8.043241, 'position': [15.280718803405762, 15.636017799377441, 2.164051055908203], 'velocity': [5.904758930206299, -0.14421400427818298, 0.11363399773836136], 'speed_mps': 5.907613, 'nearest_point': [15.301899909973145, 15.329500198364258, 2.200000047683716], 'distance_m': 0.309345, 'clearance_m': 0.109345, 'waypoint_index': 0}",,,,,,,0,static_pcd,0,0,0,,,,,,,,,,,,,,,results/inprocess_raw_handoff_seed7_9_10_three_mode_n3_20260901_forensics/seed10_run1_adaptive.json,8531,8178,1.28,-0.675,1.03,-26.798,24.025,-24.37,24.723,228.517,7.0,7.006521,7.006521,6.999807,7.0,0.01,True,0,0,0,,,,,,1.064,1788236026.779469,-23.613,-23.881,1788236026.201787,-24.042,-23.925,0,,,,,,,,,,,,,,,,,,,,,,,,,,,,,,,,,,,,,,,,,,,,,,,,,,,,,,,,,,,,,,,,,,,,,,,,,,60,True,0.6,1.2,1.5,2,1.5,1.5,3,False,False,53,50,False,50,50,0,0.040814,0.058098,369,369,0,475080160,369,475080160,297,292437708,72,5,,0,0,0,0,0,0,0,/rog_map/commit_version,0.12,0.1,0.25,0,True,/rog_map/cloud_process_ack,/sector/full_refresh_request,297,297,17,68,68,False,0,1,68,0,0,0,68,False,159,159,0,297,0,297,1788236056199437858,297,0,0.330531,0.670924,0.041381,0.064203,0.221119,1.28708,6000,1621003,684000,80.488,14846255,10681101,71.945,False,0,True,92.683,93.705,False,0.6,1.4,1.5,0.2,3,2.883025,0,0,0,,,,,,,,,0,0,,True,True,False,0.6,1.4,3,15,False,22,22,6,5,15.718,394,196,8,1788235973.7,1788235970.23,/planning/trajectory_guard_recovery_active,2.5,0,0,False,True,83,41,5,4,41,False,1,41,41,0,0,0,0.039807,0.062023,False,0,90.244,189,144,159,112,51.22,39.024,1788235970.23,,,,,,,,,,,,,,,,,,,,,,,35963.22895622896,297,3.4814207009729223,125203.12976204431,984637.2121212122,292437252.0,3.269134877421431,27.423490985816436,26.424242424242426,368,474422688,5.3035368968000896,5.310886728709083,5.310886728709083,3.2691399750124317,0.0,3.269134877421431,8.57267177422152,13.883558502930603,5.310886728709083,8.57267177422152,29.859182390572393,19.803318922558923,10.054045151515153,1.832972952861953,71.945,69.26056000456595,,26.158382360348,True,87.88157664399478,sum_proc_rss_pss_swap,,60.899142,0.6929682457416566,1.2351752944728733,1.269195227631102,3282.05078125,3259.1875,0.0,1,78.603433,0.894424474408553,1.4143923698811136,1.4509493790816401,3770.11328125,3692.74609375,0.0,5,results/inprocess_raw_handoff_seed7_9_10_three_mode_n3_20260901_forensics/seed10_run1_adaptive.attempt1.cgroup.csv,1,0,True,,0,3282.08203125,3259.1875,0.0,6011.35546875,1161.8984375,8724.98046875,186.921875,0.0,0.0,results/inprocess_raw_handoff_seed7_9_10_three_mode_n3_20260901_forensics/seed10_run1_adaptive.attempt1.memory.csv,True,True,results/inprocess_raw_handoff_seed7_9_10_three_mode_n3_20260901_forensics/seed10_run1_adaptive.attempt1.performance.csv,1,298,,
seed10,2,sector,22,1,,strict-burst,cpp-intra,True,True,True,,,,,,,,,,,,,0,0,0,0,0,0,11,11,0,0,0,0,0,0,0,0,0,0,60,108,0,0,0,32,23,0,52,60,60.33819556236267,1.0056365927060444,3.6107094287872314,,,,,,,,,,,,,,,,,,,,,,,,,,,,,,,106.02,5,5,0,0.284,True,1042220,0,0.304,0.104,"{'elapsed_s': 101.076843, 'position': [6.045163154602051, -3.2140800952911377, 2.3657379150390625], 'velocity': [0.0, 0.0, 0.0], 'speed_mps': 0.0, 'nearest_point': [5.975500106811523, -2.9196999073028564, 2.4000000953674316], 'distance_m': 0.304444, 'clearance_m': 0.104444, 'waypoint_index': 4}",,,,,,,0,static_pcd,0,0,0,,,,,,,,,,,,,,,results/inprocess_raw_handoff_seed7_9_10_three_mode_n3_20260901_forensics/seed10_run2_sector.json,10601,9891,1.446,-0.208,1.71,-28.323,24.298,-24.625,24.998,245.646,7.003,7.003688,7.003688,7.003473,7.0,0.01,True,0,0,0,,,,,,0.0,,,,,,,0,,,,,,,,,,,,,,,,,,,,,,,,,,,,,,,,,,,,,,,,,,,,,,,,,,,,,,,,,,,,,,,,,,,,,,,,,,60,True,0.6,1.2,1.5,2,0.2,0,0,False,False,0,0,False,0,0,0,0,0,370,370,0,502454400,0,502454400,370,177775040,0,0,,0,0,0,0,0,0,0,/rog_map/commit_version,0.12,0.1,0,0,False,/rog_map/cloud_process_ack,/sector/full_refresh_request,0,0,0,0,0,False,0,0,0,0,0,0,0,False,0,0,0,0,0,0,0,0,0,0,0,0,0,0,0,6000,0,0,100,15701700,8888752,56.61,False,0,False,0,0,False,0,0,1.5,0,1.5,1.5,0,0,0,,,,,,,,,0,0,,False,False,False,0,0,5,15,False,0,0,0,0,0,0,0,0,,,/planning/trajectory_guard_recovery_active,2.5,0,0,False,False,0,0,0,0,0,False,0,0,0,0,0,0,0,0,False,0,0,0,0,0,0,0,0,,,,,,,,,,,,,,,,,,,,,,,,23933.766129032258,372,3.5087719298245617,83978.12676853425,478675.32258064515,178067220.0,1.601755652781186,13.43650028296548,20.0,0,0,0.0,4.519693043249505,4.519693043249505,1.5991274263921313,0.0,1.601755652781186,1.601755652781186,6.121448696030691,4.519693043249505,1.601755652781186,12.975755645161291,8.775318037634408,4.1987633924731185,1.2436781048387098,56.61,53.209257476475585,,24.155163180455833,True,108.68422191099671,sum_proc_rss_pss_swap,,57.843842,0.532219313741504,1.0099813736074545,1.2609314499307989,3222.59375,3199.8642578125,0.0,1,79.959803,0.7357075534430415,1.194172427861995,1.4448884370792567,3709.7890625,3632.4228515625,0.0,5,results/inprocess_raw_handoff_seed7_9_10_three_mode_n3_20260901_forensics/seed10_run2_sector.attempt1.cgroup.csv,1,0,True,,0,3222.61328125,3199.8642578125,0.0,6028.05078125,1161.8984375,8686.02734375,186.921875,0.0,0.0,results/inprocess_raw_handoff_seed7_9_10_three_mode_n3_20260901_forensics/seed10_run2_sector.attempt1.memory.csv,True,True,results/inprocess_raw_handoff_seed7_9_10_three_mode_n3_20260901_forensics/seed10_run2_sector.attempt1.performance.csv,0,372,,
seed10,2,adaptive,23,2,,strict-burst,cpp-intra,True,True,True,,,,,,,,,,,,,0,27,27,27,0,0,8,9,0,0,0,0,0,0,0,0,0,0,27,50,0,0,0,15,10,0,18,27,29.326343297958374,1.0861608628873471,3.1153247356414795,,,,,,,,,,,,,,,,,,,,,,,,,,,,,,,78.97,5,5,0,0.34,True,1042220,0,0.388,0.188,"{'elapsed_s': 63.563731, 'position': [20.180709838867188, -23.98831558227539, 2.349289894104004], 'velocity': [3.437983989715576, -2.4905591011047363, -1.0824600458145142], 'speed_mps': 4.381134, 'nearest_point': [20.023700714111328, -24.33930015563965, 2.299999952316284], 'distance_m': 0.387649, 'clearance_m': 0.187649, 'waypoint_index': 3}",,,,,,,0,static_pcd,0,0,0,,,,,,,,,,,,,,,results/inprocess_raw_handoff_seed7_9_10_three_mode_n3_20260901_forensics/seed10_run2_adaptive.json,7897,7160,0.799,-1.247,1.731,-25.888,24.103,-25.342,28.661,229.588,7.0,7.003531,7.003531,7.000129,7.0,0.01,True,0,0,0,,,,,,1.207,1788236183.324114,2.051,1.588,1788236190.71312,14.422,16.139,0,,,,,,,,,,,,,,,,,,,,,,,,,,,,,,,,,,,,,,,,,,,,,,,,,,,,,,,,,,,,,,,,,,,,,,,,,,60,True,0.6,1.2,1.5,2,1.5,1.5,3,True,False,48,46,False,46,46,0,0.042457,0.058586,393,393,0,501835936,393,501835936,314,295771700,79,5,,0,0,0,0,0,0,0,/rog_map/commit_version,0.12,0.1,0.25,0,True,/rog_map/cloud_process_ack,/sector/full_refresh_request,314,314,29,76,76,False,0,1,76,0,0,0,76,False,149,149,0,314,0,314,1788236262009440627,314,0,0.333906,0.762642,0.041304,0.06322,0.190623,0.964803,6000,1537250,695069,79.898,15682373,11108671,70.835,True,32.824,True,83.969,84.683,True,0.6,1.4,1.5,0.2,3,2.900026,1,1,0,1788236234.98,1788236234.98,1788236235.32,1788236248.04,1788236249.24,1.200061,,,9,1.200061,0,True,True,True,0.6,1.4,3,15,True,25,24,11,10,17.557,429,265,8,1788236183.32,1788236183.32,/planning/trajectory_guard_recovery_active,2.5,0,0,False,False,55,27,6,6,27,False,1,27,27,0,0,0,0.040158,0.062235,False,0,78.372,136,172,116,135,34.606,43.766,1788236184.24,,,,,,,,,,,,,,,,,,,,,,,35056.48902821317,319,4.039508674180069,141610.9915157655,932662.4827586206,297519332.0,3.592966260133521,30.139985513486135,25.642633228840126,400,506976832,6.1224614877979775,6.060377905696981,6.060377905696981,3.5718611347323597,0.0,3.592966260133521,9.715427747931498,15.77580565362848,6.060377905696981,9.715427747931498,29.157591003134794,19.431095956112852,9.724752068965516,1.7855420313479624,70.835,83.48440637446596,,24.80152708268957,True,81.61604933701165,sum_proc_rss_pss_swap,,68.182877,0.835410162019201,1.266926521377338,1.3128503717209228,3270.41015625,3247.845703125,0.0,1,83.669294,1.0251573640193,1.4467795733442164,1.4835824007897163,3691.33203125,3614.427734375,0.0,5,results/inprocess_raw_handoff_seed7_9_10_three_mode_n3_20260901_forensics/seed10_run2_adaptive.attempt1.cgroup.csv,1,0,True,,0,3270.4609375,3247.876953125,0.0,6040.63671875,1161.8984375,8684.12109375,186.921875,0.0,0.0,results/inprocess_raw_handoff_seed7_9_10_three_mode_n3_20260901_forensics/seed10_run2_adaptive.attempt1.memory.csv,True,True,results/inprocess_raw_handoff_seed7_9_10_three_mode_n3_20260901_forensics/seed10_run2_adaptive.attempt1.performance.csv,1,320,,
seed10,2,full,24,3,,strict-burst,direct,False,True,True,,,,,,,,,,,,,0,0,0,0,0,0,10,17,0,0,0,0,0,0,0,0,0,0,20,19,0,1,0,17,3,0,14,20,55.0286910533905,2.751434552669525,22.493858098983765,,,,,,,,,,,,,,,,,,,,,,,,,,,,,,,80.43,5,5,0,0.438,True,1042220,0,0.449,0.249,"{'elapsed_s': 22.864977, 'position': [18.18317413330078, 25.24000358581543, 1.5469239950180054], 'velocity': [-0.0, 0.0, 0.0], 'speed_mps': 0.0, 'nearest_point': [18.013900756835938, 24.82710075378418, 1.5], 'distance_m': 0.448714, 'clearance_m': 0.248714, 'waypoint_index': 1}",,,,,,,0,static_pcd,0,0,0,,,,,,,,,,,,,,,results/inprocess_raw_handoff_seed7_9_10_three_mode_n3_20260901_forensics/seed10_run2_full.json,8043,7230,1.332,-0.622,1.464,-26.073,24.025,-24.689,28.79,238.084,7.0,7.000647,7.000647,7.000019,7.0,0.01,True,0,0,0,,,,,,1.47,,,,,,,0,,,,,,,,,,,,,,,,,,,,,,,,,,,,,,,,,,,,,,,,,,,,,,,,,,,,,,,,,,,,,,,,,,,,,,,,,,,,,,,,,,,,,,,,,,,,,,,,,,,,,,,,,,,,,,,,,,,,,,,,,,,,,,,,,,,,,,,,,,,,,,,,,,,,,,,,,,,,,,,,,,,,,,,,,,,,,,,,,,,,,,,,,,,,,,,,,,,,,,,,,,,,,,,,,,,,,,,,,,,,,,,,,,,,,,,,,,,,,,,,,,,,,,,,,,,39881.380952380954,441,5.483028720626631,218670.75718015665,1276204.0498866213,562805986.0,6.6733011807521505,55.97970767126694,32.0,0,0,0.0,,,,,6.6733011807521505,6.6733011807521505,6.6733011807521505,6.6733011807521505,0.0,36.425983219954645,24.243053968253967,12.181157188208617,2.4857134149659865,,95.44318279674698,,25.2473011034449,True,82.92588655000145,sum_proc_rss_pss_swap,,79.191448,0.9549665526005595,1.5113761052368564,1.6510995460685802,3312.5546875,3289.708984375,0.0,1,95.179833,1.1477698576379989,1.6834742890946164,1.8394063738897084,3799.1328125,3721.83203125,0.0,5,results/inprocess_raw_handoff_seed7_9_10_three_mode_n3_20260901_forensics/seed10_run2_full.attempt1.cgroup.csv,1,0,True,,0,3312.60546875,3289.708984375,0.0,5910.8125,1161.8984375,8813.84375,186.921875,0.0,0.0,results/inprocess_raw_handoff_seed7_9_10_three_mode_n3_20260901_forensics/seed10_run2_full.attempt1.memory.csv,True,True,results/inprocess_raw_handoff_seed7_9_10_three_mode_n3_20260901_forensics/seed10_run2_full.attempt1.performance.csv,3,444,,
seed10,3,adaptive,25,1,,strict-burst,cpp-intra,True,True,True,,,,,,,,,,,,,0,35,35,35,0,0,5,6,0,0,0,0,0,0,0,0,0,0,35,57,0,0,0,22,13,0,28,35,32.64942741394043,0.9328407832554408,1.705744743347168,,,,,,,,,,,,,,,,,,,,,,,,,,,,,,,79.94,5,5,0,0.375,True,1042220,0,0.446,0.246,"{'elapsed_s': 65.068594, 'position': [20.565284729003906, -23.834369659423828, 2.4903581142425537], 'velocity': [1.5295439958572388, -0.3453789949417114, 0.12156400084495544], 'speed_mps': 1.572758, 'nearest_point': [20.66320037841797, -23.399099349975586, 2.5], 'distance_m': 0.446252, 'clearance_m': 0.246252, 'waypoint_index': 3}",,,,,,,0,static_pcd,0,0,0,,,,,,,,,,,,,,,results/inprocess_raw_handoff_seed7_9_10_three_mode_n3_20260901_forensics/seed10_run3_adaptive.json,7993,7370,0.797,-1.221,1.57,-25.967,24.025,-25.787,28.702,230.657,6.994,7.001307,7.001307,6.994097,7.0,0.01,True,0,0,0,,,,,,1.411,1788236380.081413,20.762,24.84,1788236379.656049,23.273,23.811,0,,,,,,,,,,,,,,,,,,,,,,,,,,,,,,,,,,,,,,,,,,,,,,,,,,,,,,,,,,,,,,,,,,,,,,,,,,60,True,0.6,1.2,1.5,2,1.5,1.5,3,False,False,49,48,False,48,48,0,0.041402,0.071343,380,380,0,487966688,380,487966688,303,282728704,77,5,,0,0,0,0,0,0,0,/rog_map/commit_version,0.12,0.1,0.25,0,True,/rog_map/cloud_process_ack,/sector/full_refresh_request,303,303,18,61,61,False,0,1,61,0,0,0,61,False,144,144,0,303,0,303,1788236444954612304,303,0,0.341303,0.473656,0.040207,0.058472,0.202292,1.270855,6000,1571224,735638,79.737,15248959,10751828,70.509,True,29.737,False,90,91.204,True,0.6,1.4,1.5,0.2,3,2.893601,1,1,0,1788236422.05,1788236422.05,1788236422.34,1788236434.57,1788236435.77,1.200042,,,9,1.200042,0,True,True,False,0.6,1.4,3,15,False,23,23,8,8,15.263,423,224,9,1788236368.93,1788236364,/planning/trajectory_guard_recovery_active,2.5,0,0,False,False,71,35,6,6,35,False,1,35,35,0,0,0,0.039836,0.055037,False,0,83.947,160,159,136,121,42.105,41.842,1788236364,,,,,,,,,,,,,,,,,,,,,,,35484.58085808581,303,3.7903427570678008,134498.72404303227,933097.9603960396,282728682.0,3.372918220350138,28.29408876657493,25.702970297029704,378,486655392,5.8057386576309185,5.821382256785363,5.821382256785363,3.3729184828074183,0.0,3.372918220350138,9.178656877981057,15.00003913476642,5.821382256785363,9.178656877981057,28.826835412541254,19.271176798679868,9.553921155115512,1.756087798679868,70.509,76.33589481963338,,,True,82.73992783400172,sum_proc_rss_pss_swap,,63.188071,0.7636950219097611,1.2849796721865625,1.346688686901445,3275.63671875,3252.9228515625,0.0,1,79.211347,0.9573533489045218,1.474035791362433,1.5346362414725212,3762.97265625,3685.8037109375,0.0,5,results/inprocess_raw_handoff_seed7_9_10_three_mode_n3_20260901_forensics/seed10_run3_adaptive.attempt1.cgroup.csv,1,0,True,,0,3275.6875,3252.9228515625,0.0,5916.9609375,1161.8984375,8789.51171875,186.921875,0.0,0.0,results/inprocess_raw_handoff_seed7_9_10_three_mode_n3_20260901_forensics/seed10_run3_adaptive.attempt1.memory.csv,True,True,results/inprocess_raw_handoff_seed7_9_10_three_mode_n3_20260901_forensics/seed10_run3_adaptive.attempt1.performance.csv,0,303,,
seed10,3,full,26,2,,strict-burst,direct,False,True,True,,,,,,,,,,,,,0,0,0,0,0,0,18,23,0,0,0,0,0,0,0,0,0,0,24,73,0,1,0,7,16,0,14,23,26.313661336898804,1.1440722320390784,7.12565803527832,,,,,,,,,,,,,,,,,,,,,,,,,,,,,,,85.42,5,5,0,0.41,True,1042220,0,0.462,0.262,"{'elapsed_s': 45.954361, 'position': [-23.25, -4.150000095367432, 2.049999952316284], 'velocity': [7.999999979801942e-06, -9.999999747378752e-06, -3.000000106112566e-06], 'speed_mps': 1.3e-05, 'nearest_point': [-23.565500259399414, -4.483699798583984, 2.0], 'distance_m': 0.461948, 'clearance_m': 0.261948, 'waypoint_index': 2}",,,,,,,0,static_pcd,0,0,0,,,,,,,,,,,,,,,results/inprocess_raw_handoff_seed7_9_10_three_mode_n3_20260901_forensics/seed10_run3_full.json,8542,7820,0.778,-1.272,1.868,-25.681,24.157,-25.993,29.198,241.962,7.0,7.002244,7.002244,6.999624,7.0,0.01,True,0,0,0,,,,,,1.491,,,,,,,0,,,,,,,,,,,,,,,,,,,,,,,,,,,,,,,,,,,,,,,,,,,,,,,,,,,,,,,,,,,,,,,,,,,,,,,,,,,,,,,,,,,,,,,,,,,,,,,,,,,,,,,,,,,,,,,,,,,,,,,,,,,,,,,,,,,,,,,,,,,,,,,,,,,,,,,,,,,,,,,,,,,,,,,,,,,,,,,,,,,,,,,,,,,,,,,,,,,,,,,,,,,,,,,,,,,,,,,,,,,,,,,,,,,,,,,,,,,,,,,,,,,,,,,,,,,43607.56801470588,544,6.368531959728401,277716.1905876844,1395442.4044117648,759120668.0,8.475226927239005,71.09535640365253,32.0,0,0,0.0,,,,,8.475226927239005,8.475226927239005,8.475226927239005,8.475226927239005,0.0,36.06380441176471,24.171826838235294,11.890144540441176,2.2767663014705883,,108.5936181262944,,24.8267536776166,True,87.51342884699989,sum_proc_rss_pss_swap,,95.061603,1.086251610209407,1.532974235020044,1.5976492484491804,3338.41796875,3315.6328125,0.0,1,110.156438,1.258737538356393,1.7049649854643798,1.7618881905011554,3825.265625,3747.984375,0.0,5,results/inprocess_raw_handoff_seed7_9_10_three_mode_n3_20260901_forensics/seed10_run3_full.attempt1.cgroup.csv,1,0,True,,0,3338.4375,3315.6328125,0.0,5831.91015625,1161.8984375,8881.65234375,186.921875,0.0,0.0,results/inprocess_raw_handoff_seed7_9_10_three_mode_n3_20260901_forensics/seed10_run3_full.attempt1.memory.csv,True,True,results/inprocess_raw_handoff_seed7_9_10_three_mode_n3_20260901_forensics/seed10_run3_full.attempt1.performance.csv,3,547,,
seed10,3,sector,27,3,,strict-burst,cpp-intra,True,True,True,,,,,,,,,,,,,0,0,0,0,0,0,11,16,0,0,0,0,0,4,1,0,0,0,59,136,0,0,0,31,25,0,51,59,59.47528696060181,1.0080557111966408,4.079436779022217,,,,,,,,,,,,,,,,,,,,,,,,,,,,,,,111.99,5,5,1,0.052,True,1042220,1,0.135,-0.065,"{'elapsed_s': 21.211271, 'position': [19.94057273864746, 21.47825050354004, 1.9432079792022705], 'velocity': [6.565686225891113, 1.0589569807052612, -0.2339099943637848], 'speed_mps': 6.654648, 'nearest_point': [19.978500366210938, 21.35569953918457, 1.899999976158142], 'distance_m': 0.135367, 'clearance_m': -0.064633, 'waypoint_index': 0}",,,,,,,2,static_pcd,1,1,0,live_cloud,21.1515,0.16332,19.534759521484375,21.429460525512695,1.952139973640442,6.92748,19.660869598388672,21.327280044555664,1.9702999591827393,0.2424,0.0424,False,0.08677,results/inprocess_raw_handoff_seed7_9_10_three_mode_n3_20260901_forensics/seed10_run3_sector.json,11198,10160,0.826,-1.247,1.713,-26.675,24.213,-24.514,28.537,240.952,7.001,7.002573,7.002573,7.000734,7.0,0.01,True,0,0,0,,,,,,0.0,,,,,,,0,,,,,,,,,,,,,,,,,,,,,,,,,,,,,,,,,,,,,,,,,,,,,,,,,,,,,,,,,,,,,,,,,,,,,,,,,,60,True,0.6,1.2,1.5,2,0.2,0,0,False,False,0,0,False,0,0,0,0,0,371,371,0,491018240,0,491018240,371,178019620,0,0,,0,0,0,0,0,0,0,/rog_map/commit_version,0.12,0.1,0,0,False,/rog_map/cloud_process_ack,/sector/full_refresh_request,0,0,0,0,0,False,0,0,0,0,0,0,0,False,0,0,0,0,0,0,0,0,0,0,0,0,0,0,0,6000,0,0,100,15344320,8900981,58.008,False,0,False,0,0,False,0,0,1.5,0,1.5,1.5,0,0,0,,,,,,,,,0,0,,False,False,False,0,0,5,15,False,0,0,0,0,0,0,0,0,,,/planning/trajectory_guard_recovery_active,2.5,0,0,False,False,0,0,0,0,0,False,0,0,0,0,0,0,0,0,False,0,0,0,0,0,0,0,0,,,,,,,,,,,,,,,,,,,,,,,,23865.026737967914,374,3.3395838914188767,79699.25886239843,477300.53475935827,178510400.0,1.5201427242736518,12.75188141798375,20.0,0,0,0.0,4.181368732699348,4.181368732699348,1.5159633843236038,0.0,1.5201427242736518,1.5201427242736518,5.701511456973,4.181368732699348,1.5201427242736518,12.380508529411765,8.24875344919786,4.130143628342245,1.2042706417112299,58.008,52.96736304987635,,,True,114.25056723298621,sum_proc_rss_pss_swap,,60.562544,0.5300852806839675,1.1167000069626791,1.2122099817029424,3245.1640625,3222.44140625,0.0,1,84.023204,0.7354292064796067,1.3001766740659448,1.3813301674669454,3732.46484375,3655.494140625,0.0,5,results/inprocess_raw_handoff_seed7_9_10_three_mode_n3_20260901_forensics/seed10_run3_sector.attempt1.cgroup.csv,1,0,True,,0,3245.1953125,3222.44140625,0.0,5893.765625,1161.8984375,8797.2109375,186.921875,0.0,0.0,results/inprocess_raw_handoff_seed7_9_10_three_mode_n3_20260901_forensics/seed10_run3_sector.attempt1.memory.csv,True,True,results/inprocess_raw_handoff_seed7_9_10_three_mode_n3_20260901_forensics/seed10_run3_sector.attempt1.performance.csv,1,375,,
