map,run,mode,success,mission_time_s,waypoints_reached,n_waypoints,collisions,min_clearance_m,samples,pts_mean,total_ms_mean,raycast_ms_mean,update_ms_mean,inflation_ms_mean,kept_pct,fsm_cpu_pct,filter_cpu_pct,perf_row_start,perf_row_end
seed1,1,full,True,38.13,5,5,0,0.576,3810,6748.99511002445,1.1800636943765281,0.47591653056234723,0.7027054278728606,0.2802050366748166,,80.47374459448395,7.265175583149076,0,409
seed1,1,sector,True,38.07,5,5,0,0.633,3802,2014.0294117647059,0.5396346642156863,0.1599269117647059,0.3782528995098039,0.19359014215686274,29,85.73111539623854,7.622541132592612,0,408
seed1,1,adaptive,True,38.88,5,5,0,0.668,3883,2063.853717026379,0.5543281606714628,0.16404566906474818,0.38891411990407676,0.19958105515587532,30,87.0998899861799,7.595243641900341,0,417
seed1,2,full,True,37.55,5,5,0,0.605,3749,6805.623762376237,1.1974206485148515,0.48683919801980197,0.7090283836633664,0.28720613613861384,,87.23971490781858,7.557629642070002,0,404
seed1,2,sector,True,39.39,5,5,0,0.574,3931,2030.9170616113745,0.48945949289099533,0.1473768127962085,0.3410140450236967,0.1757221943127962,29,83.60401622112046,7.468473515372539,0,422
seed1,2,adaptive,True,37.79,5,5,0,0.652,3773,2106.4148148148147,0.5574687358024691,0.1641386172839506,0.39183191111111115,0.20182788148148148,30,86.19684947108456,7.269861849765554,0,405
seed1,3,full,True,39.27,5,5,0,0.685,3922,6721.2095238095235,1.2199685738095238,0.49825018571428575,0.7202418642857144,0.28832866904761906,,84.9305513484465,6.983057533531564,0,420
seed1,3,sector,True,38.88,5,5,0,0.518,3888,2078.6474820143885,0.5013304268585131,0.15541300959232615,0.34461021582733814,0.17801272182254196,31,84.90536997010064,8.581888592264212,0,417
seed1,3,adaptive,True,37.55,5,5,0,0.545,3753,2105.9131513647644,0.5450445186104218,0.16194614392059553,0.38171124565756825,0.19738117369727046,31,87.3577133642361,7.360655136693477,0,403
seed1,4,full,True,37.52,5,5,0,0.669,3750,6724.0173697270475,1.2507828362282878,0.49252268982630276,0.756783188585608,0.305816905707196,,85.52746369858751,7.385153141408312,0,403
seed1,4,sector,True,37.17,5,5,0,0.642,3712,2058.3875,0.5217098925,0.157401385,0.36310893,0.1862359675,30,86.47414472595412,7.557980785811515,0,400
seed1,4,adaptive,True,37.03,5,5,0,0.632,3696,2190.615577889447,0.5099990703517588,0.15636336180904523,0.3522885527638191,0.1824986055276382,32,82.70932784736453,7.412473505577913,0,398
seed1,5,full,True,37.78,5,5,0,0.599,3770,6913.603448275862,1.2776627463054187,0.5148599187192118,0.7613067068965517,0.3136140270935961,,82.53873947589943,7.2958566578239825,0,406
seed1,5,sector,True,38.01,5,5,0,0.629,3798,1994.3431372549019,0.5057161200980391,0.15229000980392154,0.35221183333333334,0.18242462254901962,29,85.354509454133,7.888126407114221,0,408
seed1,5,adaptive,True,37.43,5,5,0,0.644,3737,2055.8507462686566,0.5437860572139303,0.16116307462686566,0.38126859452736317,0.19672549253731342,30,86.97135863912816,7.779588025099454,0,402
seed2,1,full,True,38.86,5,5,0,0.548,3885,6589.706024096386,1.163334344578313,0.47461133975903613,0.6873164289156626,0.28094434457831324,,84.35814031293506,7.062059190690618,0,415
seed2,1,sector,True,39.03,5,5,0,0.618,3902,2188.150717703349,0.4981622799043062,0.15645088038277513,0.34008052392344496,0.17097236363636364,33,81.5248279822522,7.675883650880057,0,418
seed2,1,adaptive,True,39.92,5,5,0,0.814,3989,1983.1615925058547,0.49338738173302105,0.15174351288056204,0.3404105807962529,0.17234984543325527,32,82.04238178161178,7.865578034474373,0,427
seed2,2,full,True,38.58,5,5,0,0.578,3852,6610.722222222223,1.1776146280193236,0.4688402898550724,0.7075206400966184,0.29124872463768114,,85.49481690913703,7.053755552136473,0,414
seed2,2,sector,True,39.65,5,5,0,0.604,3960,2247.441037735849,0.5206031155660378,0.16629210613207548,0.35304229952830185,0.17768516273584906,33,85.33552692532174,8.094126980163498,0,424
seed2,2,adaptive,True,39.04,5,5,0,0.673,3903,2121.0478468899523,0.4995306866028708,0.1575923851674641,0.3406577009569378,0.1745256052631579,33,87.13155278644213,7.85611540975671,0,418
seed2,3,full,True,40.51,5,5,0,0.602,4042,6388.803695150115,1.1760181478060046,0.47667549653579677,0.697926974595843,0.28200589607390303,,86.28599625462324,7.0990601603161805,0,433
seed2,3,sector,True,39.71,5,5,0,0.633,3962,2181.4729411764706,0.5071772282352941,0.16058850823529414,0.34542843529411765,0.17218049647058825,33,82.09884068354872,7.916735930402109,0,425
seed2,3,adaptive,True,38.48,5,5,0,0.701,3842,2092.406779661017,0.5066854866828088,0.1535539927360775,0.35189250363196123,0.17653250121065375,32,84.81789291620579,7.950840591536428,0,413
seed2,4,full,True,39.85,5,5,0,0.756,3984,6389.023419203747,1.1738424637002343,0.46485361124121777,0.7075591943793911,0.2898588594847775,,84.64221104764583,6.805318368537322,0,427
seed2,4,sector,True,38.79,5,5,0,0.732,3872,2150.043373493976,0.5160211855421686,0.16039153493975905,0.354416643373494,0.17877735421686747,33,84.7720756751584,7.755381780384636,0,415
seed2,4,adaptive,True,39.48,5,5,0,0.662,3942,2050.449172576832,0.5069974515366431,0.15436517257683213,0.3513721725768321,0.1796574208037825,31,82.16971108476939,7.571687533451166,0,423
seed2,5,full,True,39.47,5,5,0,0.683,3944,6358.203309692672,1.17852268321513,0.4624165697399527,0.7145548747044917,0.2846706855791962,,84.94108231758605,7.285029330917409,0,423
seed2,5,sector,True,39.65,5,5,0,0.66,3962,2133.002358490566,0.48815432311320756,0.15523067924528303,0.3316073891509434,0.16620837971698113,33,84.0928560539562,7.788401086266303,0,424
seed2,5,adaptive,True,38.9,5,5,0,0.497,3889,2125.3812949640287,0.5129435419664269,0.15572329256594725,0.35606170743405274,0.181021896882494,32,80.43225577429558,7.670661919426797,0,417
seed3,1,full,True,37.01,5,5,0,0.633,3700,9057.139593908629,1.575706302030457,0.6304469974619289,0.9438178705583756,0.3842555152284264,,85.46953848347964,7.36825047202526,0,394
seed3,1,sector,True,36.97,5,5,0,0.493,3688,2787.7237851662403,0.6475976086956521,0.20567646035805626,0.44051802813299235,0.22447965217391305,31,82.44414608141328,7.546142126569132,0,391
seed3,1,adaptive,True,38.87,5,5,0,0.638,3886,2777.946731234867,0.6631925351089588,0.2026896004842615,0.4591391210653753,0.2358976803874092,31,84.80730814581952,8.261106187240747,0,413
seed3,2,full,True,36.55,5,5,0,0.545,3652,8873.396325459318,1.5764253490813647,0.6239462703412073,0.9511715826771653,0.39601756430446194,,86.08646766592557,7.713179988771531,0,381
seed3,2,sector,True,37.2,5,5,0,0.568,3712,2771.3478260869565,0.6738034757033248,0.20492379283887469,0.4674703171355499,0.23665994373401533,30,83.31950059860593,8.131709769894606,0,391
seed3,2,adaptive,True,37.72,5,5,0,0.691,3766,2729.716417910448,0.6315969353233831,0.19573855970149254,0.43448541542288555,0.22094109452736319,30,84.83452535345941,8.327242871518829,0,402
seed3,3,full,True,38.18,5,5,0,0.647,3817,9160.488778054863,1.5904513965087281,0.6569459451371572,0.9317348628428928,0.3783451596009975,,84.01915736417058,7.042853568933252,0,401
seed3,3,sector,True,37.48,5,5,0,0.622,3744,2726.8756345177667,0.6126852639593908,0.1928525152284264,0.4185176649746193,0.21178102538071067,30,85.17396542548794,8.546945490821807,0,394
seed3,3,adaptive,True,38.52,5,5,0,0.673,3846,2769.221411192214,0.6526004306569343,0.19861027493917274,0.45259937712895376,0.23090570316301703,31,81.35537371048407,8.242702010107575,0,411
seed3,4,full,True,37.3,5,5,0,0.609,3725,8960.739130434782,1.5158463631713555,0.6067663145780051,0.9076143273657289,0.373846452685422,,85.9489063638819,7.1633513894130685,0,391
seed3,4,sector,True,38.24,5,5,0,0.647,3815,2807.385185185185,0.6081862370370371,0.19278977283950616,0.4143065777777778,0.2083021012345679,31,83.94703654462593,7.840597578337506,0,405
seed3,4,adaptive,True,37.65,5,5,0,0.592,3758,2719.5502512562816,0.6553185778894473,0.2051348040201005,0.44886796984924626,0.23061848994974873,30,85.0573688164996,8.24572382291411,0,398
seed3,5,full,True,38.15,5,5,0,0.683,3812,9001.152882205513,1.6038672481203007,0.6542005363408521,0.9480723157894737,0.3815292155388471,,86.74800106144546,7.282827212949088,0,399
seed3,5,sector,True,36.98,5,5,0,0.533,3691,2781.0510204081634,0.6881865714285715,0.209386375,0.4774716122448979,0.24552195663265303,31,85.21188800102739,7.5560641591514,0,392
seed3,5,adaptive,True,36.99,5,5,0,0.642,3698,2841.992327365729,0.6685550179028132,0.2070451841432225,0.46032690792838876,0.23701487212276215,31,85.06132682548629,8.280910629946533,0,391
seed4,1,full,True,37.85,5,5,0,0.705,3783,8119.275184275184,1.5246679238329237,0.6113168501228501,0.9118940982800983,0.37160508845208845,,85.89056288712884,6.908048154934257,0,407
seed4,1,sector,True,38.07,5,5,0,0.679,3802,2552.0611246943763,0.6423337872860635,0.19552712224938876,0.4454259486552567,0.2263232151589242,32,83.07986906737825,7.5373820608530515,0,409
seed4,1,adaptive,True,38.37,5,5,0,0.708,3834,2528.5509708737864,0.6021870194174758,0.18573783737864077,0.4150306941747573,0.21160013106796116,31,83.30101786142846,8.56951259120895,0,412
seed4,2,full,True,38.25,5,5,0,0.65,3822,8171.69756097561,1.415170068292683,0.5668434487804879,0.8469314756097561,0.34077690243902437,,85.65406447478516,7.5677661888914995,0,410
seed4,2,sector,True,38.06,5,5,0,0.661,3804,2458.9901960784314,0.610757568627451,0.18556732598039216,0.4238863455882353,0.21468523284313726,31,82.55998102156498,7.4691696848902716,0,408
seed4,2,adaptive,True,38.12,5,5,0,0.619,3812,2497.596577017115,0.6285498533007335,0.1950402151589242,0.43216167970660146,0.21933948655256724,31,85.0383317910739,8.267502811942428,0,409
seed4,3,full,True,38.52,5,5,0,0.719,3844,8010.544794188862,1.5034510217917676,0.6022047602905569,0.8998231622276028,0.36423104600484263,,86.84913039398334,7.324492716163805,0,413
seed4,3,sector,True,37.53,5,5,0,0.693,3752,2508.563275434243,0.590933776674938,0.18115345905707195,0.4084560148883375,0.2078969106699752,31,84.29739116749988,8.498025519370922,0,403
seed4,3,adaptive,True,37.52,5,5,0,0.671,3744,2456.2158808933004,0.6443571588089331,0.18991685607940445,0.45316240942928043,0.23423102977667495,31,83.90740763364967,8.277685406720803,0,403
seed4,4,full,True,37.62,5,5,0,0.637,3760,8204.138271604937,1.4184153777777777,0.5697665111111111,0.8473424666666667,0.3421485209876543,,85.38626709369801,7.65053305836668,0,405
seed4,4,sector,True,37.76,5,5,0,0.67,3771,2605.3177339901476,0.5935247192118227,0.1863975,0.40583081527093595,0.2056178103448276,32,83.3253137665286,8.650223824670508,0,406
seed4,4,adaptive,True,38.94,5,5,0,0.665,3888,2467.8516746411483,0.6469149210526316,0.1912191052631579,0.45447288755980864,0.2345308086124402,31,86.7156372480947,7.452245416987384,0,418
seed4,5,full,True,37.79,5,5,0,0.669,3777,8152.632098765432,1.5063173333333333,0.6072061185185186,0.8976376419753086,0.35832867901234566,,86.1807920332692,7.088203025293842,0,405
seed4,5,sector,True,38.3,5,5,0,0.545,3828,2510.9659367396594,0.6306840875912408,0.19123606569343066,0.4381573576642336,0.22478492457420926,32,81.92278160235828,7.829685446801085,0,411
seed4,5,adaptive,True,37.77,5,5,0,0.635,3776,2405.19012345679,0.645461748148148,0.1872246913580247,0.45700384197530863,0.2384741135802469,31,86.30487146375566,7.450892043786801,0,405
seed5,1,full,True,38.74,5,5,0,0.537,3865,9756.311518324608,1.7407730471204188,0.6646302853403141,1.074869267015707,0.436222497382199,,87.0213911148051,7.212852434979603,0,382
seed5,1,sector,True,38.18,5,5,0,0.492,3812,3167.5833333333335,0.7630678411458333,0.22773301041666666,0.5341386302083333,0.2758757213541667,32,81.00028176404192,7.746703555036406,0,384
seed5,1,adaptive,True,38.54,5,5,0,0.482,3848,3146.223076923077,0.7865075025641025,0.2294845923076923,0.5557446871794872,0.29102251282051284,32,84.82697882948669,8.256586842849899,0,390
seed5,2,full,True,37.72,5,5,0,0.511,3772,9871.169712793733,1.8816481958224542,0.7401932793733682,1.139975770234987,0.47571359791122714,,87.49651839222099,7.683260832327229,0,383
seed5,2,sector,True,38.32,5,5,0,0.517,3822,3052.102827763496,0.7224777789203085,0.21533518766066836,0.5059514344473007,0.26099381748071976,31,80.28571665971958,7.76785603172127,0,389
seed5,2,adaptive,True,37.44,5,5,0,0.555,3736,3076.1536458333335,0.763199296875,0.22877450520833334,0.5330806432291667,0.2760087708333333,30,81.8842731291578,7.758377410379971,0,384
seed5,3,full,True,38.86,5,5,0,0.443,3880,10003.61757105943,1.7311689741602068,0.6727268552971577,1.0569967028423772,0.42859870801033595,,85.02149158792072,7.684273956959278,0,387
seed5,3,sector,True,39.05,5,5,0,0.523,3902,3086.930412371134,0.7695658067010309,0.22967165979381443,0.5384521572164949,0.27858815979381446,32,85.69950293185545,7.757583923502524,0,388
seed5,3,adaptive,True,39.0,5,5,0,0.487,3892,3052.4227848101264,0.7422252556962025,0.21688104050632911,0.524019675949367,0.27160064556962027,31,80.75223988331425,7.541785461951815,0,395
seed5,4,full,True,38.67,5,5,0,0.531,3859,9856.179948586117,1.790378498714653,0.6966773470437018,1.0921797814910026,0.4484868046272494,,84.88519178985015,7.221364246031844,0,389
seed5,4,sector,True,38.05,5,5,0,0.519,3802,3109.535064935065,0.741702625974026,0.2184450077922078,0.5219345116883116,0.2734814103896104,31,82.37687729705785,8.005849560258175,0,385
seed5,4,adaptive,True,38.27,5,5,0,0.545,3819,3144.6370757180157,0.713161093994778,0.21198410704960835,0.5000491227154047,0.25991120626631853,32,82.49018926125119,8.143169758883772,0,383
seed5,5,full,True,39.44,5,5,0,0.532,3943,9653.721227621483,1.7274424040920717,0.6613326317135549,1.0644071739130436,0.44469009207161125,,82.22416110867093,7.332117682548739,0,391
seed5,5,sector,True,38.65,5,5,0,0.5,3860,3231.5578406169666,0.7017496118251928,0.22174531876606685,0.4786693573264782,0.2425464267352185,33,82.72268589527049,8.396763097699717,0,389
seed5,5,adaptive,True,37.53,5,5,0,0.588,3750,3149.136,0.7735228453333333,0.22471536,0.5474058213333333,0.28597196266666663,32,81.44492602375357,7.67120561095132,0,375
seed6,1,full,True,39.42,5,5,0,0.65,3937,8883.252955082742,1.6727269929078015,0.6516692151300236,1.019651021276596,0.4197405342789598,,83.69008548417612,7.541438013925026,0,423
seed6,1,sector,True,37.8,5,5,0,0.491,3780,2778.3198992443326,0.7072377531486147,0.20657813602015113,0.4994034609571788,0.2584235062972292,31,86.19793857814025,7.879095863519103,0,397
seed6,1,adaptive,True,38.24,5,5,0,0.689,3819,2698.8063725490197,0.7136534730392158,0.20584267647058824,0.5063664362745098,0.2626252892156863,30,88.90263880513749,7.432668748770994,0,408
seed6,2,full,True,37.92,5,5,0,0.667,3785,9052.685643564357,1.6649092103960397,0.6431466212871286,1.0204439084158416,0.4184101064356436,,86.58676744246087,6.695001976827062,0,404
seed6,2,sector,True,37.78,5,5,0,0.62,3776,2823.770935960591,0.7264988694581281,0.21792141871921183,0.5072516921182265,0.25838314039408866,31,85.20347188553782,7.465863838089324,0,406
seed6,2,adaptive,True,38.03,5,5,0,0.722,3802,2763.1935483870966,0.6450791017369727,0.1944104665012407,0.4494190272952853,0.23240241439205955,31,85.14451438571629,7.967309581009066,0,403
seed6,3,full,True,38.91,5,5,0,0.738,3886,8678.104116222761,1.6561386610169493,0.6437360799031477,1.0107407046004844,0.4150396416464891,,86.77599255519935,7.025902588835342,0,413
seed6,3,sector,True,38.93,5,5,0,0.633,3893,2944.5275779376498,0.7290345059952038,0.2205590623501199,0.5071369976019184,0.25740828297362106,33,84.91489445873577,7.852415837620942,0,417
seed6,3,adaptive,True,37.77,5,5,0,0.694,3773,2704.344913151365,0.6684108759305211,0.19779098511166254,0.4693151910669975,0.24385364267990073,30,85.54801213305005,8.45524944048798,0,403
seed6,4,full,True,36.54,5,5,0,0.733,3650,9055.496124031008,1.5987455891472868,0.6064685917312662,0.9907772945736435,0.41252116537467703,,84.11132843294399,7.724916669879698,0,387
seed6,4,sector,True,37.46,5,5,0,0.61,3745,2784.3965087281795,0.7027598204488779,0.2136092019950125,0.4879037456359102,0.24795530423940149,31,85.6203317694293,8.028091557637218,0,401
seed6,4,adaptive,True,36.89,5,5,0,0.64,3683,2782.4478371501273,0.6976463893129771,0.21011743256997456,0.4862718676844784,0.2504875089058524,32,86.30457513097213,8.040863485051139,0,393
seed6,5,full,True,37.04,5,5,0,0.641,3695,9042.030456852792,1.7007667918781726,0.6682049137055838,1.0311954467005078,0.4290209340101523,,85.73583617826048,6.852471847760375,0,394
seed6,5,sector,True,37.21,5,5,0,0.645,3720,2817.4924623115576,0.7158033492462311,0.22012293467336683,0.4943737864321608,0.2506988417085427,31,86.10336426099246,7.426829268672856,0,398
seed6,5,adaptive,True,38.67,5,5,0,0.779,3865,2651.628915662651,0.6815467228915663,0.19902198313253014,0.4811116361445783,0.25134160240963854,31,87.01090175822665,7.869874599111582,0,415
seed7,1,full,True,39.18,5,5,0,0.648,3914,8366.181818181818,1.5382928181818183,0.603137980861244,0.9337651794258373,0.386063504784689,,81.19926826864476,7.3059216087366385,0,418
seed7,1,sector,True,38.13,5,5,0,0.674,3809,2476.216748768473,0.6369615270935961,0.1895692536945813,0.44616122906403943,0.22644343349753693,31,84.32979728454032,7.7669552596640425,0,406
seed7,1,adaptive,True,39.09,5,5,0,0.659,3908,2469.2915662650603,0.6401487397590362,0.19010758072289155,0.44857948674698794,0.23023565542168675,31,83.34571777822768,7.573203338918058,0,415
seed7,2,full,True,39.44,5,5,0,0.498,3943,7954.195238095238,1.4452127785714286,0.5761125047619048,0.8675618,0.34797280714285717,,86.44250562487454,7.852408553678089,0,420
seed7,2,sector,True,39.01,5,5,0,0.481,3899,2545.231707317073,0.6236232439024391,0.19288068536585365,0.42940714390243906,0.21798890975609755,31,82.3463530101469,7.59129082872789,0,410
seed7,2,adaptive,True,37.79,5,5,0,0.65,3777,2424.938271604938,0.6240597037037037,0.18209185679012344,0.4407774419753086,0.23055506172839507,30,85.97619031799326,7.78642166936866,0,405
seed7,3,full,True,38.81,5,5,0,0.563,3876,8021.27602905569,1.4879203559322034,0.5858627215496368,0.9006383849878935,0.3656950629539952,,85.70322220654178,7.128176221230371,0,413
seed7,3,sector,True,38.84,5,5,0,0.581,3879,2460.7226277372265,0.6043372919708029,0.18315516301703164,0.4199421703163017,0.21401370559610705,31,85.85622256348658,7.830837616073266,0,411
seed7,3,adaptive,True,37.97,5,5,0,0.532,3795,2438.089330024814,0.6299939181141438,0.18392944913151366,0.44476061042183623,0.23103689330024815,31,85.03945348959559,7.950882378555671,0,403
seed7,4,full,True,38.36,5,5,0,0.464,3829,8168.226044226044,1.5047091056511057,0.5990179041769043,0.904027167076167,0.36487322113022114,,87.0333295667199,7.412347644197926,0,407
seed7,4,sector,True,37.96,5,5,0,0.538,3789,2444.8987654320986,0.5977931333333333,0.1771651283950617,0.4193876024691358,0.21297425679012344,31,83.77926310844636,7.652198333843336,0,405
seed7,4,adaptive,True,39.55,5,5,0,0.531,3952,2480.906474820144,0.6139625539568345,0.1812822206235012,0.4314782086330935,0.22307024700239808,31,84.24434089727798,7.793757545093742,0,417
seed7,5,full,True,38.58,5,5,0,0.558,3852,8059.9126213592235,1.506419131067961,0.5877878640776699,0.9169850388349514,0.36364372330097083,,85.64231624292144,7.198684627557144,0,412
seed7,5,sector,True,38.14,5,5,0,0.527,3812,2344.8627450980393,0.6213203235294118,0.17920822549019608,0.44079285539215685,0.2276769019607843,30,87.83743489039709,7.782017968000478,0,408
seed7,5,adaptive,True,39.84,5,5,0,0.687,3983,2355.62441314554,0.6298475258215962,0.18614007276995304,0.44233232863849764,0.22710390845070422,30,86.27147530370596,8.083595903323564,0,426
seed8,1,full,True,40.6,5,5,0,0.649,4052,7963.340375586855,1.4533603708920189,0.5808673427230047,0.871104072769953,0.34362830985915493,,87.31241056409469,7.2509616907962045,0,426
seed8,1,sector,True,40.41,5,5,0,0.694,4039,2284.867441860465,0.6003840069767442,0.17569163023255815,0.4234440953488372,0.21571192325581395,29,86.00461703598053,7.999112285177318,0,430
seed8,1,adaptive,True,38.54,5,5,0,0.712,3853,2416.268765133172,0.6184730823244552,0.18104689830508475,0.4362277239709443,0.22827545278450365,30,85.69551688050304,7.793766175024265,0,413
seed8,2,full,True,39.54,5,5,0,0.607,3952,7811.125295508275,1.4928650449172578,0.595211073286052,0.8961468321513002,0.35157901654846335,,89.49844591186965,7.646104239295614,0,423
seed8,2,sector,True,39.16,5,5,0,0.423,3913,2380.8740920096852,0.6058663292978208,0.18227848668280872,0.42221494188861985,0.21647721307506052,31,85.8326266399924,7.962215911163848,0,413
seed8,2,adaptive,True,38.82,5,5,0,0.589,3880,2440.4576271186443,0.6258776053268764,0.18917253026634384,0.43535699273607753,0.22417857384987894,31,86.8610376627581,7.956572298682444,0,413
seed8,3,full,True,39.23,5,5,0,0.703,3919,7748.909307875895,1.4459209403341289,0.5716602243436755,0.8728172482100238,0.35181336992840095,,87.31776338379396,7.3208034506356725,0,419
seed8,3,sector,True,40.79,5,5,0,0.713,4076,2494.8078703703704,0.6127009768518519,0.18914992361111113,0.42228322916666666,0.21135322685185184,31,81.36988838097996,7.93445558351296,0,432
seed8,3,adaptive,True,39.0,5,5,0,0.661,3892,2534.778313253012,0.6560339325301205,0.19309853975903613,0.4616833421686747,0.2372058795180723,31,86.8330602050914,8.04245427413409,0,415
seed8,4,full,True,38.32,5,5,0,0.698,3832,7876.9951219512195,1.4686658390243903,0.5852408536585365,0.8818872585365854,0.3526698268292683,,88.19088178684811,7.371309399906633,0,410
seed8,4,sector,True,39.95,5,5,0,0.659,3992,2438.1317647058822,0.5945953247058824,0.18084665411764705,0.4124899223529412,0.20957892470588235,30,81.50915546990588,8.000564196295905,0,425
seed8,4,adaptive,True,38.56,5,5,0,0.757,3848,2528.6796116504856,0.6323965339805825,0.18857361165048542,0.44251525485436893,0.22861865291262137,31,84.33946116676327,8.53599976454985,0,412
seed8,5,full,True,39.47,5,5,0,0.667,3939,7828.083333333333,1.4454887404761905,0.5796628380952381,0.864411680952381,0.34620943333333337,,85.24884100482504,7.063598944433921,0,420
seed8,5,sector,True,39.69,5,5,0,0.537,3962,2300.60663507109,0.6159597914691943,0.18100007582938388,0.4337042890995261,0.22142653317535543,29,88.52992599060245,7.814502271562342,0,422
seed8,5,adaptive,True,38.87,5,5,0,0.654,3884,2408.8265060240965,0.6017035228915663,0.1810773734939759,0.4192732120481928,0.21360998072289156,31,86.93909047646535,7.735880767917459,0,415
seed9,1,full,True,37.05,5,5,0,0.655,3702,8896.918987341773,1.5938582455696202,0.6415302759493671,0.9507601113924051,0.38797626582278477,,87.4534383344298,7.352264928145728,0,395
seed9,1,sector,True,37.36,5,5,0,0.602,3732,2601.5373134328356,0.6250520621890547,0.18991095273631842,0.4340277935323383,0.22366825621890546,29,85.2098720650709,8.142099310048586,0,402
seed9,1,adaptive,True,37.09,5,5,0,0.701,3704,2705.965,0.656141955,0.1995351325,0.45528992749999997,0.2332471775,31,83.67331199296108,7.883690272835766,0,400
seed9,2,full,True,36.94,5,5,0,0.702,3693,8982.740554156171,1.5940016624685138,0.6714290780856423,0.9209990075566751,0.36998323173803527,,86.96777139781717,7.423739007568745,0,397
seed9,2,sector,True,37.79,5,5,0,0.599,3774,2651.2266009852215,0.613857,0.19373638916256156,0.4188332857142857,0.2106976945812808,30,83.09340037472585,7.648402131287336,0,406
seed9,2,adaptive,True,37.12,5,5,0,0.585,3707,2755.6962025316457,0.6497675037974684,0.19963111392405064,0.4485868481012658,0.22888239746835443,30,80.95195037747203,7.698334674276435,0,395
seed9,3,full,True,36.57,5,5,0,0.564,3652,9272.737244897959,1.5675112551020407,0.6415875127551021,0.9244121071428572,0.37580506122448976,,85.1392791695835,7.361568427892155,0,392
seed9,3,sector,True,37.29,5,5,0,0.636,3726,2669.86783042394,0.6286647007481296,0.19854613715710723,0.4291078827930175,0.2167178379052369,30,85.14476899166668,8.059269123176424,0,401
seed9,3,adaptive,True,36.38,5,5,0,0.639,3633,2823.0946291560103,0.6571792148337596,0.20632503324808185,0.4495990358056266,0.22854841432225062,31,81.6495518016254,8.296758138776894,0,391
seed9,4,full,True,36.06,5,5,0,0.68,3605,9312.221649484536,1.5910128891752577,0.6376367963917526,0.9519123891752578,0.3907950025773196,,83.64798543098887,8.169064210615455,0,388
seed9,4,sector,True,37.92,5,5,0,0.611,3787,2705.252450980392,0.6606565220588235,0.2026732156862745,0.45679221078431376,0.23297470588235294,31,85.5791217451038,8.207627254162206,0,408
seed9,4,adaptive,True,36.92,5,5,0,0.605,3691,2750.501259445844,0.6563376952141058,0.19807480604534006,0.4569658136020151,0.23459522166246852,30,84.07942577923076,7.696984105849905,0,397
seed9,5,full,True,37.55,5,5,0,0.775,3752,8811.748756218905,1.6011216019900496,0.6461173756218905,0.9533208930348259,0.38630801492537314,,85.8951751339385,7.06607876732934,0,402
seed9,5,sector,True,37.72,5,5,0,0.67,3764,2646.237037037037,0.6421217728395062,0.20177874814814814,0.43896265925925926,0.21798342716049382,30,85.34405284561971,7.965740651011687,0,405
seed9,5,adaptive,True,37.02,5,5,0,0.603,3699,2666.0280612244896,0.636017612244898,0.1908814642857143,0.4438672397959184,0.22957667602040815,30,83.71512189321184,8.385671542867186,0,392
seed10,1,full,True,38.33,5,5,0,0.666,3827,8449.077669902912,1.552424177184466,0.621379432038835,0.9297270388349514,0.3741897402912621,,84.93764206515209,7.015560393619448,0,412
seed10,1,sector,True,37.49,5,5,0,0.704,3748,2676.2258064516127,0.6456684689826302,0.19613534491315138,0.4482508610421836,0.22911319354838708,31,83.83424340096984,8.044498255329648,0,403
seed10,1,adaptive,True,37.56,5,5,0,0.697,3753,2587.0495049504952,0.6228433193069307,0.18786663613861387,0.43368312623762373,0.22399695049504953,30,81.34775625816103,8.280707227802107,0,404
seed10,2,full,True,37.93,5,5,0,0.66,3792,8592.822660098522,1.5541646674876848,0.6294485689655173,0.9232817167487685,0.375360342364532,,83.86858278193549,7.019871027168905,0,406
seed10,2,sector,True,37.79,5,5,0,0.679,3770,2637.445812807882,0.6617249408866995,0.1982808842364532,0.46217587438423646,0.23762689408866994,31,81.9784678633871,7.709076521714831,0,406
seed10,2,adaptive,True,38.91,5,5,0,0.641,3890,2563.338129496403,0.6531160503597122,0.19404754436450838,0.45783426618705036,0.2347839304556355,31,84.30274915783131,8.373646499934832,0,417
seed10,3,full,True,36.8,5,5,0,0.701,3674,8553.481012658227,1.564264005063291,0.6335884253164557,0.929130329113924,0.3784667721518987,,86.06355245114307,6.881697500676736,0,395
seed10,3,sector,True,37.69,5,5,0,0.643,3762,2654.81975308642,0.6104049679012346,0.19346697777777777,0.4157527555555555,0.21407494320987655,31,83.77140968908093,8.052947321105785,0,405
seed10,3,adaptive,True,38.67,5,5,0,0.658,3856,2558.680387409201,0.646322765133172,0.1967354334140436,0.4482856319612591,0.2297684382566586,31,84.7831054056626,7.733798793844555,0,413
seed10,4,full,True,38.33,5,5,0,0.683,3829,8531.380487804878,1.5126066390243902,0.6012470414634146,0.9097941463414634,0.36700936097560977,,86.75203683732778,7.132830970614701,0,410
seed10,4,sector,True,37.56,5,5,0,0.7,3748,2624.1604938271603,0.619926513580247,0.18840655308641974,0.430205412345679,0.21941751358024691,31,84.25949573316913,8.409005141610109,0,405
seed10,4,adaptive,True,39.99,5,5,0,0.729,3998,2563.163551401869,0.5975625537383177,0.18135807242990654,0.41487883411214954,0.2105057336448598,30,81.12411677630381,8.257137707280647,0,428
seed10,5,full,True,38.2,5,5,0,0.695,3819,8488.070731707317,1.5871154365853657,0.6415979829268292,0.9440901414634146,0.38221864878048784,,87.19482709327835,6.906153858595318,0,410
seed10,5,sector,True,37.69,5,5,0,0.732,3762,2595.748148148148,0.6371243703703704,0.1919836098765432,0.4438533407407408,0.22710166172839508,31,84.37550750023874,7.51185957962893,0,405
seed10,5,adaptive,True,38.1,5,5,0,0.711,3810,2600.296568627451,0.5851861397058824,0.17531866666666665,0.40862286029411765,0.20789207107843138,31,84.71340823069788,7.904492231523275,0,408
