map,run,mode,campaign_sequence_index,mode_order_position,experiment_profile,filter_profile,filter_backend,success,run_valid,monitor_type,monitor_flight_cpu_pct,live_cloud_enabled,preflight_ready,preflight_cloud_messages,preflight_odom_messages,goal_messages,position_command_messages,trajectory_flag2_messages,trajectory_flag3_messages,guard_stop_detected,guard_stop_time_s,full_refresh_ack_timeouts,full_refresh_recovery_gate_arms,full_refresh_recovery_targets,full_refresh_recovery_acks,full_refresh_ack_timeout_recoveries,guard_same_map_replan_skips,guard_topology_reroute_arms,guard_topology_reroute_searches,guard_base_no_path_local_escape_arms,guard_base_no_path_test_injections,guard_base_no_path_forced_failures,guard_local_escape_test_injections,guard_local_escape_direction_skips,guard_local_escape_direction_rejections,guard_local_escape_commits,guard_local_escape_rejections,guard_initial_footprint_egress_commits,guard_initial_footprint_test_injections,guard_brake_successes,guard_brake_rejections,guard_brake_stationary_defers,trajectory_velocity_slowdowns,trajectory_velocity_rejections,guard_brake_main_pre_successes,guard_brake_retry_successes,guard_brake_ack_timeout_successes,guard_main_pre_map_stale,guard_recoveries,guard_recovery_active_duration_s,guard_recovery_active_duration_mean_s,guard_recovery_active_duration_max_s,shadow_safe_candidates,shadow_unsafe_candidates,shadow_skipped_candidates,shadow_validated_candidates,shadow_geometric_unsafe,shadow_map_race,shadow_other_indeterminate,shadow_unsafe_exp,shadow_unsafe_appended_backup,shadow_unsafe_carry_backup,shadow_unsafe_stitch,shadow_validation_ms_mean,shadow_validation_ms_max,shadow_contact_events_with_epoch,shadow_contacts_with_prior_unsafe,shadow_contacts_without_prior_unsafe,shadow_geometric_unsafe_followed_by_contact,shadow_geometric_unsafe_not_followed_by_contact,shadow_nearest_prediction_error_s,shadow_correlated_segments,first_position_command_s,first_trajectory_flag2_s,first_trajectory_flag3_s,max_position_command_gap_s,first_motion_s,start_pose_error_m,start_pose_valid,odom_gap_limit_s,max_odom_gap_s,odom_gap_valid,mission_time_s,waypoints_reached,n_waypoints,collisions,min_clearance_m,static_pcd_enabled,static_pcd_point_count,static_pcd_collisions,static_pcd_min_distance_m,static_pcd_clearance_m,static_pcd_min_context,static_pcd_contact_r015,static_pcd_contact_r020,static_pcd_contact_r025,static_pcd_episodes_r015,static_pcd_episodes_r020,static_pcd_episodes_r025,contact_event_count,safety_contact_source,safety_collisions,live_only_contact_event_count,static_confirmed_live_contact_event_count,first_contact_kind,first_contact_time_s,first_contact_distance_m,first_contact_x,first_contact_y,first_contact_z,first_contact_speed_mps,first_contact_nearest_x,first_contact_nearest_y,first_contact_nearest_z,first_contact_static_distance_m,first_contact_static_clearance_m,first_contact_static_confirmed,first_contact_live_point_static_distance_m,forensics_json,samples,clearance_samples,final_x,final_y,final_z,min_x,max_x,min_y,max_y,path_length_m,max_speed_mps,max_odom_speed_3d_mps,max_command_speed_mps,max_command_horizontal_speed_mps,speed_limit_mps,speed_tolerance_mps,speed_limit_valid,speed_exceedance_count,command_speed_exceedance_count,odom_speed_exceedance_count,first_speed_exceedance_kind,first_speed_exceedance_time_s,first_speed_exceedance_mps,first_speed_exceedance_trajectory_id,first_speed_exceedance_trajectory_flag,closest_final_goal_distance_m,observed_open_time_s,observed_open_x,observed_open_y,observed_close_time_s,observed_close_x,observed_close_y,trap_collisions,trap_min_surface_distance_m,trap_clearance_m,trap_x,trap_y,trigger_x,trigger_y,trigger_mismatch_deg,trap_count,trap_spacing_m,trap_start_offset_m,trap_first_distance_m,trap_last_distance_m,trigger_speed_mps,trap_input_time_s,trap_kept_time_s,trap_keep_delay_s,input_body_relative_deg,input_velocity_relative_deg,kept_body_relative_deg,kept_velocity_relative_deg,trigger_trap_distance_m,trigger_trap_body_relative_deg,trigger_trap_velocity_relative_deg,trigger_trap_angular_radius_deg,trigger_predicted_x,trigger_predicted_y,trigger_trap_nudge_deg,trigger_trap_nudge_lateral_m,event,valid_spawn,invalid_reasons,spawn_time_s,spawn_wall_time_s,trigger_evaluation_time_s,trigger_evaluation_wall_time_s,side,trigger_threshold_x,trigger_z,trigger_yaw_deg,trigger_velocity_yaw_deg,trigger_cruise_duration_s,trigger_cruise_qualified,min_trigger_speed_mps,min_cruise_s,max_trigger_abs_y_m,max_trigger_velocity_yaw_deg,trigger_abs_y_diagnostic_ok,trigger_velocity_yaw_diagnostic_ok,wall_x,blocker_x,blocker_y,wall_y_min,wall_y_max,short_endpoint_y,short_endpoint_x,long_endpoint_y,long_endpoint_x,short_endpoint_inner_edge_deg,long_endpoint_inner_edge_deg,barrier_frame,local_blocker_forward_m,local_short_endpoint_forward_m,local_short_endpoint_lateral_m,local_long_endpoint_forward_m,local_long_endpoint_lateral_m,wall_radius_m,wall_height_m,wall_cylinder_count,wall_center_spacing_m,wall_point_count,horizon_m,intensity,matched_prefix,filter_half_angle_deg,filter_reliable_output,filter_stall_v,filter_stall_t,filter_resume_v,filter_resume_t,filter_velocity_yaw_update_v,filter_slowdown_full_refresh_v,filter_slowdown_full_refresh_rearm_v,filter_slowdown_full_refresh_armed,filter_slowdown_full_refresh_pending,filter_slowdown_full_refresh_triggers,filter_slowdown_full_refresh_frames,filter_slowdown_full_refresh_pending_ack,filter_slowdown_full_refresh_ack_count,filter_slowdown_full_refresh_ack_committed_count,filter_slowdown_full_refresh_superseded_count,filter_slowdown_full_refresh_ack_latency_mean_s,filter_slowdown_full_refresh_ack_latency_max_s,filter_frames,filter_cloud_input_callbacks,filter_cloud_worker_overwrites,filter_published_frames,filter_rate_limited_frames,filter_max_publish_hz,filter_map_commit_topic,filter_map_commit_refresh_age_s,filter_map_commit_refresh_min_interval_s,filter_map_commit_pre_stale_full_age_s,filter_map_commit_pre_stale_ack_retry_age_s,filter_full_refresh_generation_ack_en,filter_map_process_ack_topic,filter_full_refresh_request_topic,filter_map_commit_status_count,filter_map_commit_version,filter_commit_refresh_frames,filter_pre_stale_full_refresh_frames,filter_pre_stale_full_refresh_ack_count,filter_pre_stale_full_refresh_pending_ack,filter_pre_stale_full_refresh_pending_ack_count,filter_pre_stale_full_refresh_pending_ack_max,filter_pre_stale_full_refresh_ack_committed_count,filter_pre_stale_full_refresh_superseded_count,filter_pre_stale_full_refresh_ack_retry_frames,filter_pre_stale_full_refresh_ack_retry_suppressed_frames,filter_pre_stale_full_refresh_version_advance_count,filter_pre_stale_full_refresh_pending_version_advance,filter_full_refresh_request_count,filter_full_refresh_request_sequence,filter_full_refresh_duplicate_stamp_count,filter_map_process_ack_status_count,filter_map_process_ack_malformed_count,filter_last_map_process_ack_scan_seq,filter_last_map_process_ack_stamp_ns,filter_last_map_process_ack_version,filter_pre_stale_full_refresh_same_version_suppressed_frames,filter_pre_stale_full_refresh_trigger_age_mean_s,filter_pre_stale_full_refresh_trigger_age_max_s,filter_pre_stale_full_refresh_ack_latency_mean_s,filter_pre_stale_full_refresh_ack_latency_max_s,filter_map_commit_age_mean_s,filter_map_commit_age_max_s,filter_full_open_extra_max_points,filter_full_open_extra_candidates,filter_full_open_extra_kept,filter_publish_duty_pct,filter_input_points,filter_kept_points,filter_kept_pct,filter_armed,filter_armed_duty_pct,filter_open,filter_open_duty_pct,filter_open_point_duty_pct,filter_recovery_active,filter_open_burst_s,filter_open_cooldown_s,filter_near_field_radius_m,filter_near_field_speed_gain_s,filter_near_field_max_radius_m,filter_max_effective_near_field_radius_m,filter_arm_transitions,filter_open_transitions,filter_close_transitions,filter_first_transition_time_s,filter_first_arm_time_s,filter_first_stall_candidate_time_s,filter_first_open_stall_start_time_s,filter_first_open_time_s,filter_first_open_delay_s,filter_first_close_time_s,filter_first_open_duration_s,filter_stall_candidate_count,filter_max_stall_candidate_duration_s,filter_min_armed_closed_speed_mps,filter_replan_guard_en,filter_replan_guard_bounded,filter_replan_guard_active,filter_replan_guard_burst_s,filter_replan_guard_cooldown_s,filter_replan_fail_streak_open,filter_replan_ok_streak_close,filter_replan_guard_open,filter_replan_guard_open_transitions,filter_replan_guard_close_transitions,filter_effective_full_open_transitions,filter_effective_full_close_transitions,filter_replan_guard_open_duty_pct,filter_replan_status_count,filter_replan_fail_count,filter_max_replan_fail_streak,filter_first_replan_guard_open_time_s,filter_first_effective_full_open_time_s,filter_trajectory_guard_topic,filter_trajectory_guard_hold_s,filter_trajectory_guard_active_max_publish_hz,filter_trajectory_guard_ack_retry_age_s,filter_trajectory_guard_active,filter_trajectory_guard_open,filter_trajectory_guard_status_count,filter_trajectory_guard_active_count,filter_trajectory_guard_open_transitions,filter_trajectory_guard_close_transitions,filter_trajectory_guard_refresh_frames,filter_trajectory_guard_full_refresh_pending_ack,filter_trajectory_guard_full_refresh_pending_ack_max,filter_trajectory_guard_full_refresh_ack_count,filter_trajectory_guard_full_refresh_ack_committed_count,filter_trajectory_guard_full_refresh_superseded_count,filter_trajectory_guard_full_refresh_ack_retry_frames,filter_trajectory_guard_full_refresh_abandoned_count,filter_trajectory_guard_full_refresh_ack_latency_mean_s,filter_trajectory_guard_full_refresh_ack_latency_max_s,filter_test_drop_first_trajectory_guard_full_cloud,filter_test_dropped_trajectory_guard_full_clouds,filter_trajectory_guard_open_duty_pct,filter_trajectory_guard_active_frames,filter_trajectory_guard_hold_only_frames,filter_trajectory_guard_active_published_frames,filter_trajectory_guard_hold_only_published_frames,filter_trajectory_guard_active_duty_pct,filter_trajectory_guard_hold_only_duty_pct,filter_first_trajectory_guard_open_time_s,recovery_triggered,recovery_reclosed,recovery_spawn_after_arm,recovery_open_after_spawn,recovery_open_during_hold,recovery_success,mission_driver_phase,mission_driver_start_delay_s,mission_driver_approach_radius_m,mission_driver_hold_low_speed_s,mission_driver_low_speed_v,mission_driver_approach_start_time_s,mission_driver_approach_start_wall_time_s,mission_driver_approach_start_speed_mps,mission_driver_hold_start_time_s,mission_driver_hold_start_wall_time_s,mission_driver_hold_start_speed_mps,mission_driver_hold_start_distance_m,mission_driver_release_time_s,mission_driver_release_wall_time_s,mission_driver_release_speed_mps,mission_driver_release_low_speed_duration_s,pts_mean,map_perf_frames,map_frames_s,map_points_s,map_payload_bytes_mean,map_payload_bytes_total,map_payload_mib_s,map_payload_mbps,map_point_step_mean,total_ms_mean,raycast_ms_mean,update_ms_mean,inflation_ms_mean,kept_pct,fsm_cpu_pct,filter_cpu_pct,monitor_cpu_pct,cgroup_cpu_accounting,cgroup_cpu_duration_s,cgroup_memory_source,cgroup_accounting_error,algorithm_cpu_core_s,algorithm_cpu_cores_mean,algorithm_cpu_cores_p95_1s,algorithm_cpu_cores_max_1s,algorithm_peak_rss_mib,algorithm_peak_pss_mib,algorithm_peak_swap_mib,algorithm_max_processes,end_to_end_cpu_core_s,end_to_end_cpu_cores_mean,end_to_end_cpu_cores_p95_1s,end_to_end_cpu_cores_max_1s,end_to_end_peak_rss_mib,end_to_end_peak_pss_mib,end_to_end_peak_swap_mib,end_to_end_max_processes,cgroup_cpu_trace_csv,attempt_count,retry_count,first_attempt_success,retry_reasons,oom_kill_delta,fsm_peak_rss_mib,fsm_peak_pss_mib,fsm_peak_swap_mib,system_min_available_mib,system_peak_swap_used_mib,cgroup_peak_memory_mib,cgroup_peak_swap_mib,memory_psi_some_avg10_max,memory_psi_full_avg10_max,memory_trace_csv,perf_log_generation_ready,perf_window_valid,perf_trace_csv,perf_row_start,perf_row_end,input_distance_m,kept_distance_m
seed7,1,full,1,1,,legacy,direct,True,True,,,,,,,,,,,,,0,0,0,0,0,0,12,23,0,0,0,0,0,0,0,0,0,0,11,29,0,0,0,3,6,0,4,11,23.99917984008789,2.181743621826172,10.123616695404053,,,,,,,,,,,,,,,,,,,,,,,,,,,,,,,81.64,5,5,0,0.377,True,838860,0,0.409,0.209,"{'elapsed_s': 34.198518, 'position': [-24.473155975341797, 4.432697772979736, 1.1729120016098022], 'velocity': [0.05472100153565407, 0.2548219859600067, -0.06706900149583817], 'speed_mps': 0.269123, 'nearest_point': [-24.796300888061523, 4.183499813079834, 1.2000000476837158], 'distance_m': 0.408969, 'clearance_m': 0.208969, 'waypoint_index': 2}",,,,,,,0,static_pcd,0,0,0,,,,,,,,,,,,,,,results/near_field_shadow_crop_seed7_full_n20_20260831_forensics/seed7_run1_full.json,8116,6560,0.593,-1.335,2.174,-28.229,24.025,-26.863,25.59,236.967,7.002,7.002397,7.002397,7.001674,7.0,0.01,True,0,0,0,,,,,,0.0,,,,,,,0,,,,,,,,,,,,,,,,,,,,,,,,,,,,,,,,,,,,,,,,,,,,,,,,,,,,,,,,,,,,,,,,,,,,,,,,,,,,,,,,,,,,,,,,,,,,,,,,,,,,,,,,,,,,,,,,,,,,,,,,,,,,,,,,,,,,,,,,,,,,,,,,,,,,,,,,,,,,,,,,,,,,,,,,,,,,,,,,,,,,,,,,,,,,,,,,,,,,,,,,,,,,,,,,,,,,,,,,,,,,,,,,,,,,,,,,,,,,,,,34418.545731707316,656,8.035276825085742,276562.5428711416,1101393.399390244,722514070.0,8.440018517897446,70.80000685938266,32.0,54.77246387195122,38.38320762195122,16.386798216463415,2.620123504573171,,134.65814467819732,,38.03413825017684,False,,,,,,,,,,,,,,,,,,,,,1,0,True,,0,3296.27734375,3273.716796875,0.0,2717.95703125,2042.7265625,7163.94140625,697.16796875,0.0,0.0,results/near_field_shadow_crop_seed7_full_n20_20260831_forensics/seed7_run1_full.attempt1.memory.csv,True,True,results/near_field_shadow_crop_seed7_full_n20_20260831_forensics/seed7_run1_full.attempt1.performance.csv,0,656,,
seed7,2,full,2,1,,legacy,direct,True,True,,,,,,,,,,,,,0,0,0,0,0,0,17,35,0,0,0,0,0,0,1,0,0,0,9,39,0,0,0,1,8,0,2,9,21.37738060951233,2.3752645121680365,6.601470708847046,,,,,,,,,,,,,,,,,,,,,,,,,,,,,,,91.93,5,5,0,0.398,True,838860,0,0.484,0.284,"{'elapsed_s': 62.0197, 'position': [-19.417570114135742, -24.899892807006836, 1.5526219606399536], 'velocity': [0.29233500361442566, -0.01425000000745058, 0.0], 'speed_mps': 0.292682, 'nearest_point': [-19.395000457763672, -24.418399810791016, 1.600000023841858], 'distance_m': 0.484344, 'clearance_m': 0.284344, 'waypoint_index': 3}",,,,,,,0,static_pcd,0,0,0,,,,,,,,,,,,,,,results/near_field_shadow_crop_seed7_full_n20_20260831_forensics/seed7_run2_full.json,9152,8024,1.162,-0.94,1.451,-28.064,24.025,-25.357,25.61,238.448,7.0,7.00311,7.00311,7.000209,7.0,0.01,True,0,0,0,,,,,,0.0,,,,,,,0,,,,,,,,,,,,,,,,,,,,,,,,,,,,,,,,,,,,,,,,,,,,,,,,,,,,,,,,,,,,,,,,,,,,,,,,,,,,,,,,,,,,,,,,,,,,,,,,,,,,,,,,,,,,,,,,,,,,,,,,,,,,,,,,,,,,,,,,,,,,,,,,,,,,,,,,,,,,,,,,,,,,,,,,,,,,,,,,,,,,,,,,,,,,,,,,,,,,,,,,,,,,,,,,,,,,,,,,,,,,,,,,,,,,,,,,,,,,,,,37063.203994293865,701,7.6253671271619705,282620.53736538667,1186022.487874465,831401764.0,8.624894038307955,72.35085512890242,32.0,53.34571925820257,37.72925691868759,15.613754978601996,2.4526580884450784,,131.49740571457363,,34.535738011561776,False,,,,,,,,,,,,,,,,,,,,,1,0,True,,0,3335.27734375,3312.7119140625,0.0,2576.46484375,2042.69921875,7234.125,697.16796875,0.0,0.0,results/near_field_shadow_crop_seed7_full_n20_20260831_forensics/seed7_run2_full.attempt1.memory.csv,True,True,results/near_field_shadow_crop_seed7_full_n20_20260831_forensics/seed7_run2_full.attempt1.performance.csv,0,701,,
seed7,3,full,3,1,,legacy,direct,True,True,,,,,,,,,,,,,0,0,0,0,0,0,11,17,0,0,0,0,0,0,0,0,0,0,5,24,0,0,0,0,5,0,1,5,12.3744375705719,2.47488751411438,9.47297215461731,,,,,,,,,,,,,,,,,,,,,,,,,,,,,,,79.01,5,5,0,0.424,True,838860,0,0.457,0.257,"{'elapsed_s': 72.719114, 'position': [10.482147216796875, -11.130181312561035, 2.0783450603485107], 'velocity': [0.23691600561141968, -0.15994399785995483, 0.10766799747943878], 'speed_mps': 0.305456, 'nearest_point': [10.48900032043457, -10.673399925231934, 2.0999999046325684], 'distance_m': 0.457346, 'clearance_m': 0.257346, 'waypoint_index': 4}",,,,,,,0,static_pcd,0,0,0,,,,,,,,,,,,,,,results/near_field_shadow_crop_seed7_full_n20_20260831_forensics/seed7_run3_full.json,7825,6519,1.167,-0.919,1.179,-25.779,24.025,-24.114,25.79,237.059,7.0,7.001445,7.001446,6.999816,7.0,0.01,True,0,0,0,,,,,,0.0,,,,,,,0,,,,,,,,,,,,,,,,,,,,,,,,,,,,,,,,,,,,,,,,,,,,,,,,,,,,,,,,,,,,,,,,,,,,,,,,,,,,,,,,,,,,,,,,,,,,,,,,,,,,,,,,,,,,,,,,,,,,,,,,,,,,,,,,,,,,,,,,,,,,,,,,,,,,,,,,,,,,,,,,,,,,,,,,,,,,,,,,,,,,,,,,,,,,,,,,,,,,,,,,,,,,,,,,,,,,,,,,,,,,,,,,,,,,,,,,,,,,,,,36250.780303030304,660,8.353372990760663,302816.28907733195,1160025.0545454544,765616536.0,9.241220435376801,77.52097567396532,32.0,56.023472272727275,39.31468212121212,16.706155712121213,2.7153258515151517,,148.65384089991724,,41.15920351575776,False,,,,,,,,,,,,,,,,,,,,,1,0,True,,0,3294.2734375,3271.8720703125,0.0,2568.47265625,2042.67578125,7209.375,697.16796875,0.0,0.0,results/near_field_shadow_crop_seed7_full_n20_20260831_forensics/seed7_run3_full.attempt1.memory.csv,True,True,results/near_field_shadow_crop_seed7_full_n20_20260831_forensics/seed7_run3_full.attempt1.performance.csv,0,660,,
seed7,4,full,4,1,,legacy,direct,True,True,,,,,,,,,,,,,0,0,0,0,0,0,21,36,0,0,0,0,0,0,0,0,0,0,11,52,0,0,0,0,11,0,0,11,13.240818500518799,1.2037107727744363,2.5958480834960938,,,,,,,,,,,,,,,,,,,,,,,,,,,,,,,92.14,5,5,0,0.35,True,838860,0,0.428,0.228,"{'elapsed_s': 6.703937, 'position': [10.786001205444336, 12.125311851501465, 0.8817049860954285], 'velocity': [0.05282200127840042, 0.09405200183391571, 0.011757000349462032], 'speed_mps': 0.108509, 'nearest_point': [11.201299667358398, 12.225099563598633, 0.8999999761581421], 'distance_m': 0.42751, 'clearance_m': 0.22751, 'waypoint_index': 0}",,,,,,,0,static_pcd,0,0,0,,,,,,,,,,,,,,,results/near_field_shadow_crop_seed7_full_n20_20260831_forensics/seed7_run4_full.json,9170,8129,1.063,0.958,2.032,-25.971,24.025,-25.192,27.996,246.476,6.999,7.001302,7.001302,6.999464,7.0,0.01,True,0,0,0,,,,,,0.0,,,,,,,0,,,,,,,,,,,,,,,,,,,,,,,,,,,,,,,,,,,,,,,,,,,,,,,,,,,,,,,,,,,,,,,,,,,,,,,,,,,,,,,,,,,,,,,,,,,,,,,,,,,,,,,,,,,,,,,,,,,,,,,,,,,,,,,,,,,,,,,,,,,,,,,,,,,,,,,,,,,,,,,,,,,,,,,,,,,,,,,,,,,,,,,,,,,,,,,,,,,,,,,,,,,,,,,,,,,,,,,,,,,,,,,,,,,,,,,,,,,,,,,36080.327978580994,747,8.10722813110484,292511.44996744086,1154570.5033467202,862464166.0,8.926741088940053,74.88293171261124,32.0,55.380637884872826,39.06729799196787,16.310847536813924,2.4203885100401608,,144.98983270389192,,35.474458865612476,False,,,,,,,,,,,,,,,,,,,,,1,0,True,,0,3340.68359375,3318.2109375,0.0,2623.53125,2042.6484375,7204.09375,697.16796875,0.0,0.0,results/near_field_shadow_crop_seed7_full_n20_20260831_forensics/seed7_run4_full.attempt1.memory.csv,True,True,results/near_field_shadow_crop_seed7_full_n20_20260831_forensics/seed7_run4_full.attempt1.performance.csv,0,747,,
seed7,5,full,5,1,,legacy,direct,True,True,,,,,,,,,,,,,0,0,0,0,0,0,10,17,0,0,0,0,0,0,0,0,0,0,7,28,0,0,0,1,6,0,2,7,32.88418102264404,4.6977401460920065,24.462927103042603,,,,,,,,,,,,,,,,,,,,,,,,,,,,,,,80.93,5,5,0,0.441,True,838860,0,0.483,0.283,"{'elapsed_s': 7.598976, 'position': [12.550000190734863, 14.149999618530273, 0.8500000238418579], 'velocity': [-0.0, -0.0, 0.0], 'speed_mps': 0.0, 'nearest_point': [12.583000183105469, 14.629599571228027, 0.800000011920929], 'distance_m': 0.483327, 'clearance_m': 0.283327, 'waypoint_index': 0}",,,,,,,0,static_pcd,0,0,0,,,,,,,,,,,,,,,results/near_field_shadow_crop_seed7_full_n20_20260831_forensics/seed7_run5_full.json,8056,6605,1.171,-0.845,1.847,-25.744,24.025,-27.616,25.829,233.434,7.0,7.00193,7.00193,6.999859,7.0,0.01,True,0,0,0,,,,,,0.0,,,,,,,0,,,,,,,,,,,,,,,,,,,,,,,,,,,,,,,,,,,,,,,,,,,,,,,,,,,,,,,,,,,,,,,,,,,,,,,,,,,,,,,,,,,,,,,,,,,,,,,,,,,,,,,,,,,,,,,,,,,,,,,,,,,,,,,,,,,,,,,,,,,,,,,,,,,,,,,,,,,,,,,,,,,,,,,,,,,,,,,,,,,,,,,,,,,,,,,,,,,,,,,,,,,,,,,,,,,,,,,,,,,,,,,,,,,,,,,,,,,,,,,35760.73511904762,672,8.303472136414184,296938.2676387001,1144343.419642857,768998778.0,9.061835956090343,76.0161895959471,32.0,54.23054880952381,38.077538244047616,16.150590833333332,2.580443729166667,,143.06666855732635,,36.446474481502406,False,,,,,,,,,,,,,,,,,,,,,1,0,True,,0,3308.2734375,3285.66796875,0.0,2664.5625,2042.61328125,7191.2421875,697.16796875,0.0,0.0,results/near_field_shadow_crop_seed7_full_n20_20260831_forensics/seed7_run5_full.attempt1.memory.csv,True,True,results/near_field_shadow_crop_seed7_full_n20_20260831_forensics/seed7_run5_full.attempt1.performance.csv,0,672,,
seed7,6,full,6,1,,legacy,direct,True,True,,,,,,,,,,,,,0,0,0,0,0,0,13,13,0,0,0,0,0,0,0,0,0,0,8,25,0,0,0,2,5,0,1,8,6.33937668800354,0.7924220860004425,1.4797890186309814,,,,,,,,,,,,,,,,,,,,,,,,,,,,,,,76.11,5,5,0,0.391,True,838860,0,0.425,0.225,"{'elapsed_s': 8.299626, 'position': [12.334121704101562, 14.245841026306152, 1.3793450593948364], 'velocity': [0.0, 0.0, -0.0], 'speed_mps': 0.0, 'nearest_point': [12.436300277709961, 14.657899856567383, 1.399999976158142], 'distance_m': 0.425041, 'clearance_m': 0.225041, 'waypoint_index': 0}",,,,,,,0,static_pcd,0,0,0,,,,,,,,,,,,,,,results/near_field_shadow_crop_seed7_full_n20_20260831_forensics/seed7_run6_full.json,7558,6244,1.118,-0.967,1.305,-26.738,24.025,-27.335,25.874,238.005,7.001,7.001404,7.001404,7.000933,7.0,0.01,True,0,0,0,,,,,,0.0,,,,,,,0,,,,,,,,,,,,,,,,,,,,,,,,,,,,,,,,,,,,,,,,,,,,,,,,,,,,,,,,,,,,,,,,,,,,,,,,,,,,,,,,,,,,,,,,,,,,,,,,,,,,,,,,,,,,,,,,,,,,,,,,,,,,,,,,,,,,,,,,,,,,,,,,,,,,,,,,,,,,,,,,,,,,,,,,,,,,,,,,,,,,,,,,,,,,,,,,,,,,,,,,,,,,,,,,,,,,,,,,,,,,,,,,,,,,,,,,,,,,,,,35005.933333333334,630,8.277493102089082,289761.37169885694,1120189.853968254,705719608.0,8.842815198185347,74.17891031401919,32.0,57.270177777777775,40.01759746031746,17.24992134920635,2.8486929126984126,,148.39038874058923,,34.437279308125575,False,,,,,,,,,,,,,,,,,,,,,1,0,True,,0,3298.8984375,3276.4970703125,0.0,2567.1796875,2042.58984375,7269.2421875,697.16796875,0.0,0.0,results/near_field_shadow_crop_seed7_full_n20_20260831_forensics/seed7_run6_full.attempt1.memory.csv,True,True,results/near_field_shadow_crop_seed7_full_n20_20260831_forensics/seed7_run6_full.attempt1.performance.csv,0,630,,
seed7,7,full,7,1,,legacy,direct,True,True,,,,,,,,,,,,,0,0,0,0,0,0,8,9,0,0,0,0,0,0,0,0,0,0,4,20,0,0,0,0,4,0,0,4,2.4286227226257324,0.6071556806564331,0.6641685962677002,,,,,,,,,,,,,,,,,,,,,,,,,,,,,,,72.61,5,5,0,0.421,True,838860,0,0.5,0.3,"{'elapsed_s': 51.011735, 'position': [-6.8859710693359375, -27.053733825683594, 2.3035519123077393], 'velocity': [0.7701709866523743, 0.05787799879908562, -0.2991099953651428], 'speed_mps': 0.828239, 'nearest_point': [-6.53879976272583, -27.414199829101562, 2.299999952316284], 'distance_m': 0.500476, 'clearance_m': 0.300476, 'waypoint_index': 3}",,,,,,,0,static_pcd,0,0,0,,,,,,,,,,,,,,,results/near_field_shadow_crop_seed7_full_n20_20260831_forensics/seed7_run7_full.json,7219,6111,1.192,-0.847,1.256,-25.705,24.025,-27.514,26.961,232.871,7.001,7.002727,7.002727,7.001426,7.0,0.01,True,0,0,0,,,,,,0.0,,,,,,,0,,,,,,,,,,,,,,,,,,,,,,,,,,,,,,,,,,,,,,,,,,,,,,,,,,,,,,,,,,,,,,,,,,,,,,,,,,,,,,,,,,,,,,,,,,,,,,,,,,,,,,,,,,,,,,,,,,,,,,,,,,,,,,,,,,,,,,,,,,,,,,,,,,,,,,,,,,,,,,,,,,,,,,,,,,,,,,,,,,,,,,,,,,,,,,,,,,,,,,,,,,,,,,,,,,,,,,,,,,,,,,,,,,,,,,,,,,,,,,,36315.57527733756,631,8.69026304916678,315591.9019418813,1162098.4310618066,733284110.0,9.631100707007512,80.79152843960887,32.0,56.35107432646593,39.43433660855784,16.914064437400953,2.8336063137876386,,150.70541199707233,,39.599999351616376,False,,,,,,,,,,,,,,,,,,,,,1,0,True,,0,3291.19140625,3268.7822265625,0.0,2578.36328125,2042.546875,7224.45703125,697.16796875,0.0,0.0,results/near_field_shadow_crop_seed7_full_n20_20260831_forensics/seed7_run7_full.attempt1.memory.csv,True,True,results/near_field_shadow_crop_seed7_full_n20_20260831_forensics/seed7_run7_full.attempt1.performance.csv,0,631,,
seed7,8,full,8,1,,legacy,direct,True,True,,,,,,,,,,,,,0,0,0,0,0,0,8,9,0,0,0,0,0,0,0,0,0,0,5,27,0,0,0,0,5,0,1,5,12.342937231063843,2.4685874462127684,6.415059804916382,,,,,,,,,,,,,,,,,,,,,,,,,,,,,,,74.87,5,5,0,0.451,True,838860,0,0.472,0.272,"{'elapsed_s': 11.917037, 'position': [19.16779327392578, 21.829448699951172, 1.1792269945144653], 'velocity': [-0.19931000471115112, 0.13258500397205353, 0.11928100138902664], 'speed_mps': 0.267453, 'nearest_point': [19.327299118041992, 21.38610076904297, 1.2000000476837158], 'distance_m': 0.471626, 'clearance_m': 0.271626, 'waypoint_index': 0}",,,,,,,0,static_pcd,0,0,0,,,,,,,,,,,,,,,results/near_field_shadow_crop_seed7_full_n20_20260831_forensics/seed7_run8_full.json,7444,6270,0.167,-1.452,1.961,-25.533,24.025,-23.975,25.719,233.516,6.999,7.000888,7.000888,6.999353,7.0,0.01,True,0,0,0,,,,,,0.0,,,,,,,0,,,,,,,,,,,,,,,,,,,,,,,,,,,,,,,,,,,,,,,,,,,,,,,,,,,,,,,,,,,,,,,,,,,,,,,,,,,,,,,,,,,,,,,,,,,,,,,,,,,,,,,,,,,,,,,,,,,,,,,,,,,,,,,,,,,,,,,,,,,,,,,,,,,,,,,,,,,,,,,,,,,,,,,,,,,,,,,,,,,,,,,,,,,,,,,,,,,,,,,,,,,,,,,,,,,,,,,,,,,,,,,,,,,,,,,,,,,,,,,37240.649006622516,604,8.067316682249231,300432.1089889141,1191700.870860927,719787326.0,9.168461147067351,76.91062652597836,32.0,57.27139155629139,39.90073526490066,17.368142317880793,2.926449632450331,,149.24885148832652,,37.040242154322456,False,,,,,,,,,,,,,,,,,,,,,1,0,True,,0,3302.5390625,3279.8984375,0.0,2464.7109375,2042.51953125,7308.0546875,697.16796875,0.0,0.0,results/near_field_shadow_crop_seed7_full_n20_20260831_forensics/seed7_run8_full.attempt1.memory.csv,True,True,results/near_field_shadow_crop_seed7_full_n20_20260831_forensics/seed7_run8_full.attempt1.performance.csv,0,604,,
seed7,9,full,9,1,,legacy,direct,True,True,,,,,,,,,,,,,0,0,0,0,0,0,12,25,0,0,0,0,0,0,0,0,0,0,4,21,0,1,0,0,4,0,0,4,9.421470403671265,2.355367600917816,4.979463577270508,,,,,,,,,,,,,,,,,,,,,,,,,,,,,,,80.4,5,5,0,0.431,True,838860,0,0.492,0.292,"{'elapsed_s': 42.703827, 'position': [-24.48975372314453, -8.711642265319824, 0.9790530204772949], 'velocity': [-0.023916000500321388, -3.6886990070343018, 0.029433999210596085], 'speed_mps': 3.688894, 'nearest_point': [-24.981000900268555, -8.729000091552734, 1.0], 'distance_m': 0.492, 'clearance_m': 0.292, 'waypoint_index': 2}",,,,,,,0,static_pcd,0,0,0,,,,,,,,,,,,,,,results/near_field_shadow_crop_seed7_full_n20_20260831_forensics/seed7_run9_full.json,7967,6844,1.266,-0.483,1.418,-25.661,24.382,-26.753,25.377,235.127,7.001,7.002119,7.002119,7.000543,7.0,0.01,True,0,0,0,,,,,,0.0,,,,,,,0,,,,,,,,,,,,,,,,,,,,,,,,,,,,,,,,,,,,,,,,,,,,,,,,,,,,,,,,,,,,,,,,,,,,,,,,,,,,,,,,,,,,,,,,,,,,,,,,,,,,,,,,,,,,,,,,,,,,,,,,,,,,,,,,,,,,,,,,,,,,,,,,,,,,,,,,,,,,,,,,,,,,,,,,,,,,,,,,,,,,,,,,,,,,,,,,,,,,,,,,,,,,,,,,,,,,,,,,,,,,,,,,,,,,,,,,,,,,,,,36357.69174041298,678,8.432835820895521,306598.44527363183,1163446.1327433628,788816478.0,9.356641982918354,78.48920179104478,32.0,56.71534483775812,39.650012389380535,17.062869439528022,2.702225458702065,,149.10073077633047,,39.741641655188445,False,,,,,,,,,,,,,,,,,,,,,1,0,True,,0,3319.60546875,3297.220703125,0.0,2523.08984375,2042.49609375,7305.23046875,697.16796875,0.0,0.0,results/near_field_shadow_crop_seed7_full_n20_20260831_forensics/seed7_run9_full.attempt1.memory.csv,True,True,results/near_field_shadow_crop_seed7_full_n20_20260831_forensics/seed7_run9_full.attempt1.performance.csv,0,678,,
seed7,10,full,10,1,,legacy,direct,True,True,,,,,,,,,,,,,0,0,0,0,0,0,13,20,0,0,0,0,0,0,0,0,0,0,7,31,0,1,0,1,6,0,1,7,7.661588430404663,1.094512632914952,2.498507022857666,,,,,,,,,,,,,,,,,,,,,,,,,,,,,,,82.53,5,5,0,0.401,True,838860,0,0.411,0.211,"{'elapsed_s': 9.221605, 'position': [15.949999809265137, 17.75, 1.0499999523162842], 'velocity': [0.0, 0.0, -0.0], 'speed_mps': 0.0, 'nearest_point': [16.352500915527344, 17.818599700927734, 1.0], 'distance_m': 0.411355, 'clearance_m': 0.211355, 'waypoint_index': 0}",,,,,,,0,static_pcd,0,0,0,,,,,,,,,,,,,,,results/near_field_shadow_crop_seed7_full_n20_20260831_forensics/seed7_run10_full.json,8206,7331,1.142,-0.927,1.859,-26.708,24.025,-26.924,29.865,238.484,7.0,7.003572,7.003572,6.999794,7.0,0.01,True,0,0,0,,,,,,0.0,,,,,,,0,,,,,,,,,,,,,,,,,,,,,,,,,,,,,,,,,,,,,,,,,,,,,,,,,,,,,,,,,,,,,,,,,,,,,,,,,,,,,,,,,,,,,,,,,,,,,,,,,,,,,,,,,,,,,,,,,,,,,,,,,,,,,,,,,,,,,,,,,,,,,,,,,,,,,,,,,,,,,,,,,,,,,,,,,,,,,,,,,,,,,,,,,,,,,,,,,,,,,,,,,,,,,,,,,,,,,,,,,,,,,,,,,,,,,,,,,,,,,,,37218.054814814815,675,8.178844056706652,304400.66642433056,1190977.7362962964,803909972.0,9.28957098024073,77.92656944141524,32.0,53.38085022222222,37.426263703703704,15.952024622222224,2.607295496296296,,143.76260596102375,,35.10925738590233,False,,,,,,,,,,,,,,,,,,,,,1,0,True,,0,3306.57421875,3284.1728515625,0.0,2470.4609375,2042.45703125,7346.84375,697.16796875,0.0,0.0,results/near_field_shadow_crop_seed7_full_n20_20260831_forensics/seed7_run10_full.attempt1.memory.csv,True,True,results/near_field_shadow_crop_seed7_full_n20_20260831_forensics/seed7_run10_full.attempt1.performance.csv,0,675,,
seed7,11,full,11,1,,legacy,direct,True,True,,,,,,,,,,,,,0,0,0,0,0,0,17,39,0,0,0,0,0,0,0,0,0,0,9,35,0,0,0,1,7,0,1,9,14.4552640914917,1.6061404546101887,5.08227801322937,,,,,,,,,,,,,,,,,,,,,,,,,,,,,,,89.97,5,5,0,0.365,True,838860,0,0.45,0.25,"{'elapsed_s': 46.448258, 'position': [-23.85594367980957, -10.437552452087402, 1.4497339725494385], 'velocity': [0.1759530007839203, -0.37289300560951233, 0.008407000452280045], 'speed_mps': 0.412407, 'nearest_point': [-23.461599349975586, -10.22760009765625, 1.399999976158142], 'distance_m': 0.449512, 'clearance_m': 0.249512, 'waypoint_index': 2}",,,,,,,0,static_pcd,0,0,0,,,,,,,,,,,,,,,results/near_field_shadow_crop_seed7_full_n20_20260831_forensics/seed7_run11_full.json,8946,7738,1.338,-0.565,2.005,-25.826,24.025,-25.042,25.909,235.624,7.001,7.002197,7.002197,7.000883,7.0,0.01,True,0,0,0,,,,,,0.0,,,,,,,0,,,,,,,,,,,,,,,,,,,,,,,,,,,,,,,,,,,,,,,,,,,,,,,,,,,,,,,,,,,,,,,,,,,,,,,,,,,,,,,,,,,,,,,,,,,,,,,,,,,,,,,,,,,,,,,,,,,,,,,,,,,,,,,,,,,,,,,,,,,,,,,,,,,,,,,,,,,,,,,,,,,,,,,,,,,,,,,,,,,,,,,,,,,,,,,,,,,,,,,,,,,,,,,,,,,,,,,,,,,,,,,,,,,,,,,,,,,,,,,35336.20868347339,714,7.935978659553185,280427.3980215627,1130758.6666666667,807361688.0,8.557964942714195,71.78941318217184,32.0,54.84574649859944,38.66141274509804,16.181894789915965,2.4519005966386556,,137.5459236345571,,38.51201000621544,False,,,,,,,,,,,,,,,,,,,,,1,0,True,,0,3334.75,3312.2109375,0.0,2430.25390625,2042.43359375,7399.734375,697.16796875,0.0,0.0,results/near_field_shadow_crop_seed7_full_n20_20260831_forensics/seed7_run11_full.attempt1.memory.csv,True,True,results/near_field_shadow_crop_seed7_full_n20_20260831_forensics/seed7_run11_full.attempt1.performance.csv,0,714,,
seed7,12,full,12,1,,legacy,direct,True,True,,,,,,,,,,,,,0,0,0,0,0,0,11,22,0,0,0,0,0,0,0,0,0,0,5,24,0,1,0,0,5,0,0,5,3.37103271484375,0.67420654296875,0.9556014537811279,,,,,,,,,,,,,,,,,,,,,,,,,,,,,,,74.22,5,5,0,0.408,True,838860,0,0.448,0.248,"{'elapsed_s': 13.014393, 'position': [21.926950454711914, 20.67064666748047, 1.8853139877319336], 'velocity': [0.9795370101928711, -0.07368200272321701, 0.20349499583244324], 'speed_mps': 1.00316, 'nearest_point': [21.95199966430664, 21.117599487304688, 1.899999976158142], 'distance_m': 0.447895, 'clearance_m': 0.247895, 'waypoint_index': 0}",,,,,,,0,static_pcd,0,0,0,,,,,,,,,,,,,,,results/near_field_shadow_crop_seed7_full_n20_20260831_forensics/seed7_run12_full.json,7366,5950,0.285,-1.445,1.828,-26.037,24.158,-27.031,25.849,234.293,7.002,7.001519,7.001519,7.001518,7.0,0.01,True,0,0,0,,,,,,0.0,,,,,,,0,,,,,,,,,,,,,,,,,,,,,,,,,,,,,,,,,,,,,,,,,,,,,,,,,,,,,,,,,,,,,,,,,,,,,,,,,,,,,,,,,,,,,,,,,,,,,,,,,,,,,,,,,,,,,,,,,,,,,,,,,,,,,,,,,,,,,,,,,,,,,,,,,,,,,,,,,,,,,,,,,,,,,,,,,,,,,,,,,,,,,,,,,,,,,,,,,,,,,,,,,,,,,,,,,,,,,,,,,,,,,,,,,,,,,,,,,,,,,,,33443.52147239264,652,8.784694152519537,293791.1075181892,1070192.555214724,697765546.0,8.965791971077659,75.21051425491781,32.0,58.078454447852764,40.74203542944785,17.33398323619632,2.8060030199386503,,155.00424753268683,,,False,,,,,,,,,,,,,,,,,,,,,1,0,True,,0,3298.015625,3275.607421875,0.0,2529.1328125,2042.40234375,7329.96875,697.16796875,0.0,0.0,results/near_field_shadow_crop_seed7_full_n20_20260831_forensics/seed7_run12_full.attempt1.memory.csv,True,True,results/near_field_shadow_crop_seed7_full_n20_20260831_forensics/seed7_run12_full.attempt1.performance.csv,0,652,,
seed7,13,full,13,1,,legacy,direct,True,True,,,,,,,,,,,,,0,0,0,0,0,0,14,24,0,0,0,0,0,0,0,0,0,0,5,15,0,0,0,1,3,0,1,5,5.6205034255981445,1.124100685119629,2.8035168647766113,,,,,,,,,,,,,,,,,,,,,,,,,,,,,,,80.12,5,5,0,0.391,True,838860,0,0.4,0.2,"{'elapsed_s': 40.239342, 'position': [-25.75373077392578, -5.655707836151123, 1.29167902469635], 'velocity': [-0.027994999662041664, -0.32613199949264526, -0.03067000024020672], 'speed_mps': 0.328765, 'nearest_point': [-25.951499938964844, -6.003300189971924, 1.2999999523162842], 'distance_m': 0.400003, 'clearance_m': 0.200003, 'waypoint_index': 2}",,,,,,,0,static_pcd,0,0,0,,,,,,,,,,,,,,,results/near_field_shadow_crop_seed7_full_n20_20260831_forensics/seed7_run13_full.json,7936,6763,0.294,-1.459,2.149,-26.841,24.027,-24.682,26.967,239.696,7.0,7.001927,7.001927,7.000344,7.0,0.01,True,0,0,0,,,,,,0.0,,,,,,,0,,,,,,,,,,,,,,,,,,,,,,,,,,,,,,,,,,,,,,,,,,,,,,,,,,,,,,,,,,,,,,,,,,,,,,,,,,,,,,,,,,,,,,,,,,,,,,,,,,,,,,,,,,,,,,,,,,,,,,,,,,,,,,,,,,,,,,,,,,,,,,,,,,,,,,,,,,,,,,,,,,,,,,,,,,,,,,,,,,,,,,,,,,,,,,,,,,,,,,,,,,,,,,,,,,,,,,,,,,,,,,,,,,,,,,,,,,,,,,,37313.53744493392,681,8.499750374438342,317155.75386919617,1194032.960352423,813136446.0,9.678823568198421,81.19185681477782,32.0,55.467142584434654,38.8163966226138,16.64832102790015,2.618085872246696,,148.6675811178565,,38.33090729142444,False,,,,,,,,,,,,,,,,,,,,,1,0,True,,0,3327.86328125,3305.1962890625,0.0,2337.91796875,2042.3515625,7448.80859375,697.16796875,0.0,0.0,results/near_field_shadow_crop_seed7_full_n20_20260831_forensics/seed7_run13_full.attempt1.memory.csv,True,True,results/near_field_shadow_crop_seed7_full_n20_20260831_forensics/seed7_run13_full.attempt1.performance.csv,0,681,,
seed7,14,full,14,1,,legacy,direct,True,True,,,,,,,,,,,,,0,0,0,0,0,0,9,21,0,0,0,0,0,0,0,0,0,0,3,5,0,4,0,2,1,0,1,3,2.998391628265381,0.9994638760884603,1.264463186264038,,,,,,,,,,,,,,,,,,,,,,,,,,,,,,,73.79,5,5,0,0.407,True,838860,0,0.476,0.276,"{'elapsed_s': 53.386755, 'position': [-6.550000190734863, -25.149999618530273, 1.4500000476837158], 'velocity': [1.8000000636675395e-05, 1.2999999853491317e-05, -9.999999974752427e-07], 'speed_mps': 2.2e-05, 'nearest_point': [-6.108699798583984, -25.32110023498535, 1.5], 'distance_m': 0.475943, 'clearance_m': 0.275943, 'waypoint_index': 3}",,,,,,,0,static_pcd,0,0,0,,,,,,,,,,,,,,,results/near_field_shadow_crop_seed7_full_n20_20260831_forensics/seed7_run14_full.json,7339,6070,0.43,-1.383,1.771,-25.772,24.025,-25.444,25.085,232.067,7.0,7.002603,7.002603,7.000012,7.0,0.01,True,0,0,0,,,,,,0.0,,,,,,,0,,,,,,,,,,,,,,,,,,,,,,,,,,,,,,,,,,,,,,,,,,,,,,,,,,,,,,,,,,,,,,,,,,,,,,,,,,,,,,,,,,,,,,,,,,,,,,,,,,,,,,,,,,,,,,,,,,,,,,,,,,,,,,,,,,,,,,,,,,,,,,,,,,,,,,,,,,,,,,,,,,,,,,,,,,,,,,,,,,,,,,,,,,,,,,,,,,,,,,,,,,,,,,,,,,,,,,,,,,,,,,,,,,,,,,,,,,,,,,,36307.234006734005,594,8.049871256267787,292268.5594253964,1161831.5824915825,690127960.0,8.919329319499116,74.82075728418485,32.0,60.80278585858586,40.39137222222222,20.408997138047138,3.0548100521885524,,154.0219127106944,,39.55776868437743,False,,,,,,,,,,,,,,,,,,,,,1,0,True,,0,3291.3046875,3268.734375,0.0,2396.10546875,2042.3359375,7426.05859375,697.16796875,0.0,0.0,results/near_field_shadow_crop_seed7_full_n20_20260831_forensics/seed7_run14_full.attempt1.memory.csv,True,True,results/near_field_shadow_crop_seed7_full_n20_20260831_forensics/seed7_run14_full.attempt1.performance.csv,0,594,,
seed7,15,full,15,1,,legacy,direct,True,True,,,,,,,,,,,,,0,0,0,0,0,0,13,20,0,0,0,0,0,0,0,0,0,0,7,30,0,0,0,1,6,0,1,7,8.295280933380127,1.1850401333400182,2.554938793182373,,,,,,,,,,,,,,,,,,,,,,,,,,,,,,,81.95,5,5,0,0.423,True,838860,0,0.479,0.279,"{'elapsed_s': 39.806601, 'position': [-23.53116798400879, -15.485814094543457, 1.3538240194320679], 'velocity': [0.1173890009522438, -0.2504569888114929, 0.11009400337934494], 'speed_mps': 0.297707, 'nearest_point': [-23.068700790405273, -15.600099563598633, 1.399999976158142], 'distance_m': 0.478612, 'clearance_m': 0.278612, 'waypoint_index': 2}",,,,,,,0,static_pcd,0,0,0,,,,,,,,,,,,,,,results/near_field_shadow_crop_seed7_full_n20_20260831_forensics/seed7_run15_full.json,8148,6802,1.249,-0.776,1.658,-25.666,24.025,-25.145,25.912,245.156,7.0,7.001836,7.001836,6.999801,7.0,0.01,True,0,0,0,,,,,,0.0,,,,,,,0,,,,,,,,,,,,,,,,,,,,,,,,,,,,,,,,,,,,,,,,,,,,,,,,,,,,,,,,,,,,,,,,,,,,,,,,,,,,,,,,,,,,,,,,,,,,,,,,,,,,,,,,,,,,,,,,,,,,,,,,,,,,,,,,,,,,,,,,,,,,,,,,,,,,,,,,,,,,,,,,,,,,,,,,,,,,,,,,,,,,,,,,,,,,,,,,,,,,,,,,,,,,,,,,,,,,,,,,,,,,,,,,,,,,,,,,,,,,,,,36572.01388888889,648,7.907260524710189,289184.4417327639,1170304.462962963,758357292.0,8.825208932761377,74.03121825503355,32.0,55.71449151234568,39.02809537037037,16.683916435185186,2.74785524691358,,142.07187436035838,,38.23679652500461,False,,,,,,,,,,,,,,,,,,,,,1,0,True,,0,3313.6953125,3291.3291015625,0.0,2364.6328125,2042.25,7460.8828125,697.16796875,0.0,0.0,results/near_field_shadow_crop_seed7_full_n20_20260831_forensics/seed7_run15_full.attempt1.memory.csv,True,True,results/near_field_shadow_crop_seed7_full_n20_20260831_forensics/seed7_run15_full.attempt1.performance.csv,0,648,,
seed7,16,full,16,1,,legacy,direct,True,True,,,,,,,,,,,,,0,0,0,0,0,0,15,39,0,0,0,0,0,0,0,0,0,0,4,14,0,0,0,1,3,0,0,4,8.636883974075317,2.1592209935188293,4.239070892333984,,,,,,,,,,,,,,,,,,,,,,,,,,,,,,,80.34,5,5,0,0.415,True,838860,0,0.444,0.244,"{'elapsed_s': 46.842267, 'position': [-24.149999618530273, -16.75, 1.350000023841858], 'velocity': [-5.199999941396527e-05, -0.0002010000025620684, 3.7000001611886546e-05], 'speed_mps': 0.000211, 'nearest_point': [-24.101999282836914, -17.188600540161133, 1.2999999523162842], 'distance_m': 0.444043, 'clearance_m': 0.244043, 'waypoint_index': 2}",,,,,,,0,static_pcd,0,0,0,,,,,,,,,,,,,,,results/near_field_shadow_crop_seed7_full_n20_20260831_forensics/seed7_run16_full.json,7980,6713,1.222,-0.797,1.626,-25.723,24.029,-28.06,25.798,234.016,7.001,7.001052,7.001052,7.000843,7.0,0.01,True,0,0,0,,,,,,0.0,,,,,,,0,,,,,,,,,,,,,,,,,,,,,,,,,,,,,,,,,,,,,,,,,,,,,,,,,,,,,,,,,,,,,,,,,,,,,,,,,,,,,,,,,,,,,,,,,,,,,,,,,,,,,,,,,,,,,,,,,,,,,,,,,,,,,,,,,,,,,,,,,,,,,,,,,,,,,,,,,,,,,,,,,,,,,,,,,,,,,,,,,,,,,,,,,,,,,,,,,,,,,,,,,,,,,,,,,,,,,,,,,,,,,,,,,,,,,,,,,,,,,,,35277.735207100595,676,8.414239482200648,296835.31242220564,1128887.420118343,763127896.0,9.058693982428924,75.98983281055513,32.0,56.356332100591715,39.539569378698225,16.814215843195267,2.6289869230769227,,148.3587730128453,,37.113699487025976,False,,,,,,,,,,,,,,,,,,,,,1,0,True,,0,3323.4375,3300.775390625,0.0,2357.77734375,2042.2265625,7491.3125,697.16796875,0.0,0.0,results/near_field_shadow_crop_seed7_full_n20_20260831_forensics/seed7_run16_full.attempt1.memory.csv,True,True,results/near_field_shadow_crop_seed7_full_n20_20260831_forensics/seed7_run16_full.attempt1.performance.csv,0,676,,
seed7,17,full,17,1,,legacy,direct,True,True,,,,,,,,,,,,,0,0,0,0,0,0,17,29,0,0,0,0,0,0,0,0,0,0,11,48,0,0,0,2,9,0,2,11,24.900571823120117,2.2636883475563745,11.88012433052063,,,,,,,,,,,,,,,,,,,,,,,,,,,,,,,86.04,5,5,0,0.411,True,838860,0,0.47,0.27,"{'elapsed_s': 10.556998, 'position': [19.25, 21.850000381469727, 1.4500000476837158], 'velocity': [3.000000106112566e-06, -0.0, 0.0], 'speed_mps': 3e-06, 'nearest_point': [19.375200271606445, 21.40019989013672, 1.5], 'distance_m': 0.46957, 'clearance_m': 0.26957, 'waypoint_index': 0}",,,,,,,0,static_pcd,0,0,0,,,,,,,,,,,,,,,results/near_field_shadow_crop_seed7_full_n20_20260831_forensics/seed7_run17_full.json,8569,7336,1.274,-0.775,1.235,-25.768,24.025,-27.846,25.466,245.576,7.0,7.001127,7.001127,7.000199,7.0,0.01,True,0,0,0,,,,,,0.0,,,,,,,0,,,,,,,,,,,,,,,,,,,,,,,,,,,,,,,,,,,,,,,,,,,,,,,,,,,,,,,,,,,,,,,,,,,,,,,,,,,,,,,,,,,,,,,,,,,,,,,,,,,,,,,,,,,,,,,,,,,,,,,,,,,,,,,,,,,,,,,,,,,,,,,,,,,,,,,,,,,,,,,,,,,,,,,,,,,,,,,,,,,,,,,,,,,,,,,,,,,,,,,,,,,,,,,,,,,,,,,,,,,,,,,,,,,,,,,,,,,,,,,37149.27106741573,712,8.275220827522082,307418.42166434217,1188776.7106741574,846409018.0,9.381665988391855,78.69911836355182,32.0,53.681180617977525,37.9466183988764,15.732106938202248,2.470426741573034,,140.5432669029004,,34.315153615878685,False,,,,,,,,,,,,,,,,,,,,,1,0,True,,0,3336.90625,3314.37109375,0.0,2314.33984375,2042.203125,7527.70703125,697.16796875,0.0,0.0,results/near_field_shadow_crop_seed7_full_n20_20260831_forensics/seed7_run17_full.attempt1.memory.csv,True,True,results/near_field_shadow_crop_seed7_full_n20_20260831_forensics/seed7_run17_full.attempt1.performance.csv,0,712,,
seed7,18,full,18,1,,legacy,direct,True,True,,,,,,,,,,,,,0,0,0,0,0,0,10,20,0,0,0,0,0,0,0,0,0,0,7,29,0,3,0,1,6,0,1,7,5.788870334625244,0.8269814763750348,1.7714416980743408,,,,,,,,,,,,,,,,,,,,,,,,,,,,,,,76.09,5,5,0,0.42,True,838860,0,0.468,0.268,"{'elapsed_s': 32.085338, 'position': [-24.649999618530273, 17.350000381469727, 1.350000023841858], 'velocity': [3.899999865097925e-05, -7.400000322377309e-05, -9.999999747378752e-06], 'speed_mps': 8.4e-05, 'nearest_point': [-24.212400436401367, 17.50790023803711, 1.399999976158142], 'distance_m': 0.467895, 'clearance_m': 0.267895, 'waypoint_index': 2}",,,,,,,0,static_pcd,0,0,0,,,,,,,,,,,,,,,results/near_field_shadow_crop_seed7_full_n20_20260831_forensics/seed7_run18_full.json,7559,6414,0.121,-1.473,2.241,-25.705,24.025,-27.532,25.733,232.794,7.001,7.003423,7.003423,7.000562,7.0,0.01,True,0,0,0,,,,,,0.0,,,,,,,0,,,,,,,,,,,,,,,,,,,,,,,,,,,,,,,,,,,,,,,,,,,,,,,,,,,,,,,,,,,,,,,,,,,,,,,,,,,,,,,,,,,,,,,,,,,,,,,,,,,,,,,,,,,,,,,,,,,,,,,,,,,,,,,,,,,,,,,,,,,,,,,,,,,,,,,,,,,,,,,,,,,,,,,,,,,,,,,,,,,,,,,,,,,,,,,,,,,,,,,,,,,,,,,,,,,,,,,,,,,,,,,,,,,,,,,,,,,,,,,35935.71287128713,606,7.9642528584570895,286201.10395584174,1149942.7392739274,696865300.0,8.734163997959474,73.26747798659483,32.0,57.25470924092409,39.777408415841585,17.47488797029703,2.8848316864686465,,149.44929942924276,,38.19051878841609,False,,,,,,,,,,,,,,,,,,,,,1,0,True,,0,3302.52734375,3280.134765625,0.0,2308.42578125,2042.17578125,7516.7109375,697.16796875,0.0,0.0,results/near_field_shadow_crop_seed7_full_n20_20260831_forensics/seed7_run18_full.attempt1.memory.csv,True,True,results/near_field_shadow_crop_seed7_full_n20_20260831_forensics/seed7_run18_full.attempt1.performance.csv,0,606,,
seed7,19,full,19,1,,legacy,direct,True,True,,,,,,,,,,,,,0,0,0,0,0,0,11,28,0,0,0,0,0,0,0,0,0,0,6,19,0,0,0,2,4,0,2,6,14.439957857131958,2.406659642855326,6.661810636520386,,,,,,,,,,,,,,,,,,,,,,,,,,,,,,,81.41,5,5,0,0.371,True,838860,0,0.453,0.253,"{'elapsed_s': 59.751705, 'position': [12.031949043273926, -25.13815689086914, 2.1816959381103516], 'velocity': [0.0, -0.0, 0.0], 'speed_mps': 0.0, 'nearest_point': [12.465299606323242, -25.269100189208984, 2.200000047683716], 'distance_m': 0.453072, 'clearance_m': 0.253072, 'waypoint_index': 3}",,,,,,,0,static_pcd,0,0,0,,,,,,,,,,,,,,,results/near_field_shadow_crop_seed7_full_n20_20260831_forensics/seed7_run19_full.json,8099,6968,1.287,-0.718,1.499,-25.669,24.025,-26.79,26.325,232.199,7.001,7.002722,7.002722,7.001106,7.0,0.01,True,0,0,0,,,,,,0.0,,,,,,,0,,,,,,,,,,,,,,,,,,,,,,,,,,,,,,,,,,,,,,,,,,,,,,,,,,,,,,,,,,,,,,,,,,,,,,,,,,,,,,,,,,,,,,,,,,,,,,,,,,,,,,,,,,,,,,,,,,,,,,,,,,,,,,,,,,,,,,,,,,,,,,,,,,,,,,,,,,,,,,,,,,,,,,,,,,,,,,,,,,,,,,,,,,,,,,,,,,,,,,,,,,,,,,,,,,,,,,,,,,,,,,,,,,,,,,,,,,,,,,,35764.05,660,8.10711214838472,289943.16423043853,1144449.5515151515,755336704.0,8.848362791349343,74.22544689841543,32.0,56.06411454545455,39.31104696969697,16.750600333333335,2.6395691969696973,,140.17356375363607,,36.232653844873916,False,,,,,,,,,,,,,,,,,,,,,1,0,True,,0,3327.03125,3304.693359375,0.0,2328.98828125,2042.15625,7514.97265625,697.16796875,0.0,0.0,results/near_field_shadow_crop_seed7_full_n20_20260831_forensics/seed7_run19_full.attempt1.memory.csv,True,True,results/near_field_shadow_crop_seed7_full_n20_20260831_forensics/seed7_run19_full.attempt1.performance.csv,0,660,,
seed7,20,full,20,1,,legacy,direct,True,True,,,,,,,,,,,,,0,0,0,0,0,0,7,6,0,0,0,0,0,0,0,0,0,0,4,10,0,0,0,1,2,0,1,4,6.857790946960449,1.7144477367401123,2.413574457168579,,,,,,,,,,,,,,,,,,,,,,,,,,,,,,,73.17,5,5,0,0.407,True,838860,0,0.485,0.285,"{'elapsed_s': 48.618413, 'position': [-8.689197540283203, -25.14499282836914, 1.5556329488754272], 'velocity': [2.277674913406372, 0.0037430000957101583, 0.27936699986457825], 'speed_mps': 2.294747, 'nearest_point': [-8.668999671936035, -24.662399291992188, 1.600000023841858], 'distance_m': 0.485049, 'clearance_m': 0.285049, 'waypoint_index': 3}",,,,,,,0,static_pcd,0,0,0,,,,,,,,,,,,,,,results/near_field_shadow_crop_seed7_full_n20_20260831_forensics/seed7_run20_full.json,7270,6223,0.494,-1.41,1.719,-25.643,24.025,-26.909,25.747,232.645,7.002,7.001986,7.001986,7.001984,7.0,0.01,True,0,0,0,,,,,,0.0,,,,,,,0,,,,,,,,,,,,,,,,,,,,,,,,,,,,,,,,,,,,,,,,,,,,,,,,,,,,,,,,,,,,,,,,,,,,,,,,,,,,,,,,,,,,,,,,,,,,,,,,,,,,,,,,,,,,,,,,,,,,,,,,,,,,,,,,,,,,,,,,,,,,,,,,,,,,,,,,,,,,,,,,,,,,,,,,,,,,,,,,,,,,,,,,,,,,,,,,,,,,,,,,,,,,,,,,,,,,,,,,,,,,,,,,,,,,,,,,,,,,,,,36153.09452736318,603,8.241082410824108,297940.63140631403,1156899.0646766168,697610136.0,9.092426808362323,76.27280426404265,32.0,57.21695754560531,39.63115389718076,17.58328207296849,2.954823131011609,,150.04410168262137,,40.8924741031709,False,,,,,,,,,,,,,,,,,,,,,1,0,True,,0,3285.8671875,3263.1650390625,0.0,2353.7265625,2047.875,7519.59765625,701.69921875,0.0,0.0,results/near_field_shadow_crop_seed7_full_n20_20260831_forensics/seed7_run20_full.attempt1.memory.csv,True,True,results/near_field_shadow_crop_seed7_full_n20_20260831_forensics/seed7_run20_full.attempt1.performance.csv,0,603,,
