map,run,mode,campaign_sequence_index,mode_order_position,experiment_profile,filter_profile,filter_backend,success,run_valid,monitor_type,monitor_flight_cpu_pct,live_cloud_enabled,preflight_ready,preflight_cloud_messages,preflight_odom_messages,goal_messages,position_command_messages,trajectory_flag2_messages,trajectory_flag3_messages,guard_stop_detected,guard_stop_time_s,full_refresh_ack_timeouts,full_refresh_recovery_gate_arms,full_refresh_recovery_targets,full_refresh_recovery_acks,full_refresh_ack_timeout_recoveries,guard_topology_reroute_arms,guard_topology_reroute_searches,guard_brake_successes,guard_brake_rejections,guard_brake_main_pre_successes,guard_brake_retry_successes,guard_brake_ack_timeout_successes,guard_main_pre_map_stale,guard_recoveries,guard_recovery_active_duration_s,guard_recovery_active_duration_mean_s,guard_recovery_active_duration_max_s,shadow_safe_candidates,shadow_unsafe_candidates,shadow_skipped_candidates,shadow_validated_candidates,shadow_geometric_unsafe,shadow_map_race,shadow_other_indeterminate,shadow_unsafe_exp,shadow_unsafe_appended_backup,shadow_unsafe_carry_backup,shadow_unsafe_stitch,shadow_validation_ms_mean,shadow_validation_ms_max,shadow_contact_events_with_epoch,shadow_contacts_with_prior_unsafe,shadow_contacts_without_prior_unsafe,shadow_geometric_unsafe_followed_by_contact,shadow_geometric_unsafe_not_followed_by_contact,shadow_nearest_prediction_error_s,shadow_correlated_segments,first_position_command_s,first_trajectory_flag2_s,first_trajectory_flag3_s,max_position_command_gap_s,first_motion_s,start_pose_error_m,start_pose_valid,odom_gap_limit_s,max_odom_gap_s,odom_gap_valid,mission_time_s,waypoints_reached,n_waypoints,collisions,min_clearance_m,static_pcd_enabled,static_pcd_point_count,static_pcd_collisions,static_pcd_min_distance_m,static_pcd_clearance_m,static_pcd_contact_r015,static_pcd_contact_r020,static_pcd_contact_r025,static_pcd_episodes_r015,static_pcd_episodes_r020,static_pcd_episodes_r025,contact_event_count,first_contact_kind,first_contact_time_s,first_contact_distance_m,first_contact_x,first_contact_y,first_contact_z,first_contact_speed_mps,first_contact_nearest_x,first_contact_nearest_y,first_contact_nearest_z,forensics_json,samples,clearance_samples,final_x,final_y,final_z,min_x,max_x,min_y,max_y,path_length_m,max_speed_mps,closest_final_goal_distance_m,observed_open_time_s,observed_open_x,observed_open_y,observed_close_time_s,observed_close_x,observed_close_y,trap_collisions,trap_min_surface_distance_m,trap_clearance_m,trap_x,trap_y,trigger_x,trigger_y,trigger_mismatch_deg,trap_count,trap_spacing_m,trap_start_offset_m,trap_first_distance_m,trap_last_distance_m,trigger_speed_mps,trap_input_time_s,trap_kept_time_s,trap_keep_delay_s,input_body_relative_deg,input_velocity_relative_deg,kept_body_relative_deg,kept_velocity_relative_deg,trigger_trap_distance_m,trigger_trap_body_relative_deg,trigger_trap_velocity_relative_deg,trigger_trap_angular_radius_deg,trigger_predicted_x,trigger_predicted_y,trigger_trap_nudge_deg,trigger_trap_nudge_lateral_m,event,valid_spawn,invalid_reasons,spawn_time_s,spawn_wall_time_s,trigger_evaluation_time_s,trigger_evaluation_wall_time_s,side,trigger_threshold_x,trigger_z,trigger_yaw_deg,trigger_velocity_yaw_deg,trigger_cruise_duration_s,trigger_cruise_qualified,min_trigger_speed_mps,min_cruise_s,max_trigger_abs_y_m,max_trigger_velocity_yaw_deg,trigger_abs_y_diagnostic_ok,trigger_velocity_yaw_diagnostic_ok,wall_x,blocker_x,blocker_y,wall_y_min,wall_y_max,short_endpoint_y,short_endpoint_x,long_endpoint_y,long_endpoint_x,short_endpoint_inner_edge_deg,long_endpoint_inner_edge_deg,barrier_frame,local_blocker_forward_m,local_short_endpoint_forward_m,local_short_endpoint_lateral_m,local_long_endpoint_forward_m,local_long_endpoint_lateral_m,wall_radius_m,wall_height_m,wall_cylinder_count,wall_center_spacing_m,wall_point_count,horizon_m,intensity,matched_prefix,filter_half_angle_deg,filter_reliable_output,filter_stall_v,filter_stall_t,filter_resume_v,filter_resume_t,filter_velocity_yaw_update_v,filter_frames,filter_published_frames,filter_rate_limited_frames,filter_max_publish_hz,filter_map_commit_topic,filter_map_commit_refresh_age_s,filter_map_commit_refresh_min_interval_s,filter_map_commit_pre_stale_full_age_s,filter_map_commit_pre_stale_ack_retry_age_s,filter_full_refresh_generation_ack_en,filter_map_process_ack_topic,filter_full_refresh_request_topic,filter_map_commit_status_count,filter_map_commit_version,filter_commit_refresh_frames,filter_pre_stale_full_refresh_frames,filter_pre_stale_full_refresh_ack_count,filter_pre_stale_full_refresh_pending_ack,filter_pre_stale_full_refresh_pending_ack_count,filter_pre_stale_full_refresh_pending_ack_max,filter_pre_stale_full_refresh_ack_committed_count,filter_pre_stale_full_refresh_superseded_count,filter_pre_stale_full_refresh_ack_retry_frames,filter_pre_stale_full_refresh_ack_retry_suppressed_frames,filter_pre_stale_full_refresh_version_advance_count,filter_pre_stale_full_refresh_pending_version_advance,filter_full_refresh_request_count,filter_full_refresh_request_sequence,filter_full_refresh_duplicate_stamp_count,filter_map_process_ack_status_count,filter_map_process_ack_malformed_count,filter_last_map_process_ack_scan_seq,filter_last_map_process_ack_stamp_ns,filter_last_map_process_ack_version,filter_pre_stale_full_refresh_same_version_suppressed_frames,filter_pre_stale_full_refresh_trigger_age_mean_s,filter_pre_stale_full_refresh_trigger_age_max_s,filter_pre_stale_full_refresh_ack_latency_mean_s,filter_pre_stale_full_refresh_ack_latency_max_s,filter_map_commit_age_mean_s,filter_map_commit_age_max_s,filter_full_open_extra_max_points,filter_full_open_extra_candidates,filter_full_open_extra_kept,filter_publish_duty_pct,filter_input_points,filter_kept_points,filter_kept_pct,filter_armed,filter_armed_duty_pct,filter_open,filter_open_duty_pct,filter_open_point_duty_pct,filter_recovery_active,filter_open_burst_s,filter_open_cooldown_s,filter_near_field_radius_m,filter_near_field_speed_gain_s,filter_near_field_max_radius_m,filter_max_effective_near_field_radius_m,filter_arm_transitions,filter_open_transitions,filter_close_transitions,filter_first_transition_time_s,filter_first_arm_time_s,filter_first_stall_candidate_time_s,filter_first_open_stall_start_time_s,filter_first_open_time_s,filter_first_open_delay_s,filter_first_close_time_s,filter_first_open_duration_s,filter_stall_candidate_count,filter_max_stall_candidate_duration_s,filter_min_armed_closed_speed_mps,filter_replan_guard_en,filter_replan_guard_bounded,filter_replan_guard_active,filter_replan_guard_burst_s,filter_replan_guard_cooldown_s,filter_replan_fail_streak_open,filter_replan_ok_streak_close,filter_replan_guard_open,filter_replan_guard_open_transitions,filter_replan_guard_close_transitions,filter_effective_full_open_transitions,filter_effective_full_close_transitions,filter_replan_guard_open_duty_pct,filter_replan_status_count,filter_replan_fail_count,filter_max_replan_fail_streak,filter_first_replan_guard_open_time_s,filter_first_effective_full_open_time_s,filter_trajectory_guard_topic,filter_trajectory_guard_hold_s,filter_trajectory_guard_active_max_publish_hz,filter_trajectory_guard_active,filter_trajectory_guard_open,filter_trajectory_guard_status_count,filter_trajectory_guard_active_count,filter_trajectory_guard_open_transitions,filter_trajectory_guard_close_transitions,filter_trajectory_guard_refresh_frames,filter_trajectory_guard_open_duty_pct,filter_trajectory_guard_active_frames,filter_trajectory_guard_hold_only_frames,filter_trajectory_guard_active_published_frames,filter_trajectory_guard_hold_only_published_frames,filter_trajectory_guard_active_duty_pct,filter_trajectory_guard_hold_only_duty_pct,filter_first_trajectory_guard_open_time_s,recovery_triggered,recovery_reclosed,recovery_spawn_after_arm,recovery_open_after_spawn,recovery_open_during_hold,recovery_success,mission_driver_phase,mission_driver_start_delay_s,mission_driver_approach_radius_m,mission_driver_hold_low_speed_s,mission_driver_low_speed_v,mission_driver_approach_start_time_s,mission_driver_approach_start_wall_time_s,mission_driver_approach_start_speed_mps,mission_driver_hold_start_time_s,mission_driver_hold_start_wall_time_s,mission_driver_hold_start_speed_mps,mission_driver_hold_start_distance_m,mission_driver_release_time_s,mission_driver_release_wall_time_s,mission_driver_release_speed_mps,mission_driver_release_low_speed_duration_s,pts_mean,total_ms_mean,raycast_ms_mean,update_ms_mean,inflation_ms_mean,kept_pct,fsm_cpu_pct,filter_cpu_pct,monitor_cpu_pct,attempt_count,retry_count,first_attempt_success,retry_reasons,oom_kill_delta,fsm_peak_rss_mib,fsm_peak_pss_mib,fsm_peak_swap_mib,system_min_available_mib,system_peak_swap_used_mib,cgroup_peak_memory_mib,cgroup_peak_swap_mib,memory_psi_some_avg10_max,memory_psi_full_avg10_max,memory_trace_csv,perf_row_start,perf_row_end,input_distance_m,kept_distance_m
seed6,1,full,1,1,,strict-burst,direct,True,True,,,,,,,,,,,,,0,0,0,0,0,7,12,38,90,18,17,0,32,38,40.088727951049805,1.0549665250276263,5.28394627571106,,,,,,,,,,,,,,,,,,,,,,,,,,,,,,,86.77,5,5,0,0.372,True,635500,0,0.46,0.26,,,,,,,0,,,,,,,,,,,../../tmp/reliable_link_repeated_3mode_seed6_10_n3_artifacts/seed6_run1_full.json,8676,7505,1.014,-1.102,1.944,-25.594,24.025,-24.411,26.555,231.271,7.0,1.182,,,,,,,0,,,,,,,,,,,,,,,,,,,,,,,,,,,,,,,,,,,,,,,,,,,,,,,,,,,,,,,,,,,,,,,,,,,,,,,,,,,,,,,,,,,,,,,,,,,,,,,,,,,,,,,,,,,,,,,,,,,,,,,,,,,,,,,,,,,,,,,,,,,,,,,,,,,,,,,,,,,,,,,,,,,,,,,,,,,,,,,,,,,,,,,,,,,,,,,,,,,,,,,,,,,,,,,,,,,,,28851.803030303032,33.124614848484846,21.176324545454545,11.946328666666668,2.0852480545454544,,70.08117397221625,,22.008368641877894,1,0,True,,0,3456.09375,3433.2060546875,0.0,3916.390625,2047.76953125,10433.48046875,1556.7578125,0.0,0.0,../../tmp/reliable_link_repeated_3mode_seed6_10_n3_artifacts/seed6_run1_full.attempt1.memory.csv,4,334,,
seed6,1,sector,2,2,,strict-burst,cpp,True,True,,,,,,,,,,,,,0,0,0,0,0,4,4,23,60,5,15,0,17,23,17.078948259353638,0.7425629677979843,1.4760241508483887,,,,,,,,,,,,,,,,,,,,,,,,,,,,,,,71.06,5,5,0,0.38,True,635500,0,0.489,0.289,,,,,,,0,,,,,,,,,,,../../tmp/reliable_link_repeated_3mode_seed6_10_n3_artifacts/seed6_run1_sector.json,7105,5730,0.762,-1.246,1.663,-26.484,24.025,-25.518,26.474,232.347,7.0,0.504,,,,,,,0,,,,,,,,,,,,,,,,,,,,,,,,,,,,,,,,,,,,,,,,,,,,,,,,,,,,,,,,,,,,,,,,,,,,,,,,,,60,True,0.6,1.2,1.5,2,0.2,441,441,0,0,/rog_map/commit_version,0.12,0.1,0,0,False,/rog_map/cloud_process_ack,/sector/full_refresh_request,0,0,0,0,0,False,0,0,0,0,0,0,0,False,0,0,0,0,0,0,0,0,0,0,0,0,0,0,0,6000,0,0,100,12257276,6185791,50.466,False,0,False,0,0,False,0,0,1.5,0,1.5,1.5,0,0,0,,,,,,,,,0,0,,False,False,False,0,0,5,15,False,0,0,0,0,0,0,0,0,,,/planning/trajectory_guard_recovery_active,2.5,0,False,False,0,0,0,0,0,0,0,0,0,0,0,0,,,,,,,,,,,,,,,,,,,,,,,,14546.10576923077,13.768146346153845,9.332216081730769,4.4341617548076915,1.0891420937499998,50.466,83.03420495218418,2.6997378184809966,22.42410342876559,1,0,True,,0,3316.20703125,3292.03125,0.0,4153.90234375,2047.76953125,10281.00390625,1556.7578125,0.0,0.0,../../tmp/reliable_link_repeated_3mode_seed6_10_n3_artifacts/seed6_run1_sector.attempt1.memory.csv,3,419,,
seed6,1,adaptive,3,3,,strict-burst,cpp,True,True,,,,,,,,,,,,,0,31,31,31,0,3,4,31,58,17,13,0,27,31,30.652530193328857,0.9887912965589954,1.8259515762329102,,,,,,,,,,,,,,,,,,,,,,,,,,,,,,,75.6,5,5,0,0.401,True,635500,0,0.485,0.285,,,,,,,0,,,,,,,,,,,../../tmp/reliable_link_repeated_3mode_seed6_10_n3_artifacts/seed6_run1_adaptive.json,7559,6536,0.845,-1.195,1.796,-27.848,24.025,-26.722,26.796,224.916,7.001,0.947,1787680984.04347,2.475,3.364,1787680984.698282,4.45,5.05,0,,,,,,,,,,,,,,,,,,,,,,,,,,,,,,,,,,,,,,,,,,,,,,,,,,,,,,,,,,,,,,,,,,,,,,,,,,60,True,0.6,1.2,1.5,2,1.5,386,277,109,5,/rog_map/commit_version,0.12,0.1,0.25,0,True,/rog_map/cloud_process_ack,/sector/full_refresh_request,267,267,28,69,69,False,0,1,69,0,0,0,69,False,100,100,0,267,0,267,1787681059497935959,267,1,0.354064,0.760071,0.045368,0.101426,0.200482,1.450248,6000,1340108,711688,71.762,10505721,6576054,62.595,False,0,False,82.902,89.28,False,0.6,1.4,1.5,0.2,3,2.899715,0,0,0,,,,,,,,,0,0,,True,True,False,0.6,1.4,3,15,False,25,25,7,7,19.948,401,223,8,1787680984.04,1787680984.04,/planning/trajectory_guard_recovery_active,2.5,0,False,False,63,31,4,4,31,77.461,122,177,109,118,31.606,45.855,1787680985.24,,,,,,,,,,,,,,,,,,,,,,,24571.581132075473,30.17545279245283,18.68153826415094,11.491962490566037,2.5927821773584903,62.595,71.46118039222681,2.8377227224556294,23.354184510993488,1,0,True,,0,3415.76953125,3391.3466796875,0.0,4030.37109375,2047.76953125,10423.3359375,1556.7578125,0.0,0.0,../../tmp/reliable_link_repeated_3mode_seed6_10_n3_artifacts/seed6_run1_adaptive.attempt1.memory.csv,2,267,,
seed6,2,sector,4,1,,strict-burst,cpp,True,True,,,,,,,,,,,,,0,0,0,0,0,2,3,29,65,14,15,0,25,29,23.630308866500854,0.8148382367758915,1.7760822772979736,,,,,,,,,,,,,,,,,,,,,,,,,,,,,,,71.96,5,5,0,0.362,True,635500,0,0.363,0.163,,,,,,,0,,,,,,,,,,,../../tmp/reliable_link_repeated_3mode_seed6_10_n3_artifacts/seed6_run2_sector.json,7195,6173,0.705,-1.199,2.1,-24.085,24.123,-25.025,26.642,225.94,7.001,0.636,,,,,,,0,,,,,,,,,,,,,,,,,,,,,,,,,,,,,,,,,,,,,,,,,,,,,,,,,,,,,,,,,,,,,,,,,,,,,,,,,,60,True,0.6,1.2,1.5,2,0.2,397,397,0,0,/rog_map/commit_version,0.12,0.1,0,0,False,/rog_map/cloud_process_ack,/sector/full_refresh_request,0,0,0,0,0,False,0,0,0,0,0,0,0,False,0,0,0,0,0,0,0,0,0,0,0,0,0,0,0,6000,0,0,100,11222478,5646646,50.316,False,0,False,0,0,False,0,0,1.5,0,1.5,1.5,0,0,0,,,,,,,,,0,0,,False,False,False,0,0,5,15,False,0,0,0,0,0,0,0,0,,,/planning/trajectory_guard_recovery_active,2.5,0,False,False,0,0,0,0,0,0,0,0,0,0,0,0,,,,,,,,,,,,,,,,,,,,,,,,14847.56873315364,13.89586296495957,9.459987358490567,4.434177654986523,1.1508319595687333,50.316,76.75808498254199,2.7085800569073064,24.51523678529917,1,0,True,,0,3301.65625,3277.740234375,0.0,4147.3515625,2047.76953125,10309.6640625,1556.7578125,0.0,0.0,../../tmp/reliable_link_repeated_3mode_seed6_10_n3_artifacts/seed6_run2_sector.attempt1.memory.csv,4,375,,
seed6,2,adaptive,5,2,,strict-burst,cpp,True,True,,,,,,,,,,,,,0,26,26,26,0,5,8,26,75,10,15,0,23,26,25.082273483276367,0.9647028262798603,3.1278958320617676,,,,,,,,,,,,,,,,,,,,,,,,,,,,,,,75.2,5,5,0,0.385,True,635500,0,0.47,0.27,,,,,,,0,,,,,,,,,,,../../tmp/reliable_link_repeated_3mode_seed6_10_n3_artifacts/seed6_run2_adaptive.json,7519,6464,0.845,-1.226,1.603,-27.087,24.025,-26.659,27.817,229.264,7.0,0.89,1787681152.072416,2.546,3.481,1787681160.501711,15.701,15.138,0,,,,,,,,,,,,,,,,,,,,,,,,,,,,,,,,,,,,,,,,,,,,,,,,,,,,,,,,,,,,,,,,,,,,,,,,,,60,True,0.6,1.2,1.5,2,1.5,455,313,142,5,/rog_map/commit_version,0.12,0.1,0.25,0,True,/rog_map/cloud_process_ack,/sector/full_refresh_request,304,304,34,73,73,False,0,1,73,0,0,0,73,False,99,99,0,304,0,304,1787681227804088763,304,0,0.339133,0.661703,0.04747,0.097507,0.170757,1.862234,6000,1506929,795582,68.791,13049018,7627332,58.451,True,55.604,True,76.703,82.576,True,0.6,1.4,1.5,0.2,3,2.895959,1,1,0,1787681181.9,1787681181.9,1787681182.07,1787681215.57,1787681216.78,1.209898,,,23,1.209898,0,True,True,False,0.6,1.4,3,15,False,25,25,10,9,20,462,255,11,1787681152.07,1787681152.07,/planning/trajectory_guard_recovery_active,2.5,0,False,True,53,26,7,6,26,69.89,137,181,106,125,30.11,39.78,1787681152.34,,,,,,,,,,,,,,,,,,,,,,,25125.40531561462,29.269819700996678,18.351937707641195,10.916109468438538,2.443061292358804,58.451,83.27952115796089,2.8944762606336965,23.0921442725153,1,0,True,,0,3424.91796875,3400.990234375,0.0,3966.4375,2047.76953125,10474.49609375,1556.7578125,0.0,0.0,../../tmp/reliable_link_repeated_3mode_seed6_10_n3_artifacts/seed6_run2_adaptive.attempt1.memory.csv,3,304,,
seed6,2,full,6,3,,strict-burst,direct,True,True,,,,,,,,,,,,,0,0,0,0,0,7,8,32,62,18,14,0,26,32,29.76061487197876,0.9300192147493362,3.606123685836792,,,,,,,,,,,,,,,,,,,,,,,,,,,,,,,80.72,5,5,0,0.386,True,635500,0,0.457,0.257,,,,,,,0,,,,,,,,,,,../../tmp/reliable_link_repeated_3mode_seed6_10_n3_artifacts/seed6_run2_full.json,8072,7159,0.781,-1.229,1.754,-24.624,24.025,-23.975,29.587,231.812,7.0,1.456,,,,,,,0,,,,,,,,,,,,,,,,,,,,,,,,,,,,,,,,,,,,,,,,,,,,,,,,,,,,,,,,,,,,,,,,,,,,,,,,,,,,,,,,,,,,,,,,,,,,,,,,,,,,,,,,,,,,,,,,,,,,,,,,,,,,,,,,,,,,,,,,,,,,,,,,,,,,,,,,,,,,,,,,,,,,,,,,,,,,,,,,,,,,,,,,,,,,,,,,,,,,,,,,,,,,,,,,,,,,,30372.958333333332,35.52544375,23.495356481481483,12.028085972222222,2.003632238425926,,85.22443814182806,,,1,0,True,,0,3431.7734375,3408.7255859375,0.0,4025.21484375,2047.76953125,10412.03515625,1556.7578125,0.0,0.0,../../tmp/reliable_link_repeated_3mode_seed6_10_n3_artifacts/seed6_run2_full.attempt1.memory.csv,6,438,,
seed6,3,adaptive,7,1,,strict-burst,cpp,True,True,,,,,,,,,,,,,0,48,48,48,0,4,5,48,90,23,21,0,41,47,44.804619550704956,0.9532897776745736,2.4680685997009277,,,,,,,,,,,,,,,,,,,,,,,,,,,,,,,91.0,5,5,0,0.348,True,635500,0,0.37,0.17,,,,,,,0,,,,,,,,,,,../../tmp/reliable_link_repeated_3mode_seed6_10_n3_artifacts/seed6_run3_adaptive.json,9099,8031,1.021,-1.079,2.005,-24.557,24.025,-26.519,26.998,230.641,7.001,1.305,1787681329.179623,2.509,3.422,1787681348.619277,17.527,24.454,0,,,,,,,,,,,,,,,,,,,,,,,,,,,,,,,,,,,,,,,,,,,,,,,,,,,,,,,,,,,,,,,,,,,,,,,,,,60,True,0.6,1.2,1.5,2,1.5,397,289,108,5,/rog_map/commit_version,0.12,0.1,0.25,0,True,/rog_map/cloud_process_ack,/sector/full_refresh_request,279,279,24,78,77,True,1,1,77,0,0,0,77,True,126,126,0,279,0,279,1787681419517617276,279,0,0.407377,1.469731,0.044003,0.07056,0.233442,1.560221,6000,1359417,688823,72.796,10841730,7102783,65.513,True,31.738,True,86.65,91.376,True,0.6,1.4,1.5,0.2,3,2.899673,1,1,0,1787681389.24,1787681389.24,1787681389.4,1787681415.93,1787681417.13,1.200056,,,21,1.200056,0,True,True,False,0.6,1.4,3,15,False,24,24,4,3,17.38,391,215,10,1787681329.18,1787681329.18,/planning/trajectory_guard_recovery_active,2.5,0,True,True,96,48,3,2,48,84.383,200,135,157,94,50.378,34.005,1787681329.59,,,,,,,,,,,,,,,,,,,,,,,25442.717391304348,30.095729927536233,18.84055804347826,11.252984481884058,2.437711619565217,65.513,60.94883876622899,2.846414287747214,21.39931057457576,1,0,True,,0,3433.91015625,3409.734375,0.0,3977.05859375,2047.76953125,10459.234375,1556.7578125,0.0,0.0,../../tmp/reliable_link_repeated_3mode_seed6_10_n3_artifacts/seed6_run3_adaptive.attempt1.memory.csv,3,279,,
seed6,3,full,8,2,,strict-burst,direct,True,True,,,,,,,,,,,,,0,0,0,0,0,3,6,35,79,15,17,0,31,35,29.711234092712402,0.8488924026489257,3.519864320755005,,,,,,,,,,,,,,,,,,,,,,,,,,,,,,,83.24,5,5,0,0.376,True,635500,0,0.467,0.267,,,,,,,0,,,,,,,,,,,../../tmp/reliable_link_repeated_3mode_seed6_10_n3_artifacts/seed6_run3_full.json,8323,7323,0.684,-1.283,1.841,-24.831,24.025,-24.833,27.076,224.193,7.0,1.454,,,,,,,0,,,,,,,,,,,,,,,,,,,,,,,,,,,,,,,,,,,,,,,,,,,,,,,,,,,,,,,,,,,,,,,,,,,,,,,,,,,,,,,,,,,,,,,,,,,,,,,,,,,,,,,,,,,,,,,,,,,,,,,,,,,,,,,,,,,,,,,,,,,,,,,,,,,,,,,,,,,,,,,,,,,,,,,,,,,,,,,,,,,,,,,,,,,,,,,,,,,,,,,,,,,,,,,,,,,,,29088.558011049725,36.902071546961324,23.753791436464088,13.146429198895028,2.342366914364641,,81.55215914545599,,23.618444795940274,1,0,True,,0,3449.19140625,3426.236328125,0.0,3941.69921875,2047.76953125,10440.9296875,1556.7578125,0.0,0.0,../../tmp/reliable_link_repeated_3mode_seed6_10_n3_artifacts/seed6_run3_full.attempt1.memory.csv,4,366,,
seed6,3,sector,9,3,,strict-burst,cpp,True,True,,,,,,,,,,,,,0,0,0,0,0,8,17,28,58,13,13,0,20,28,29.81275248527527,1.0647411601884025,6.291954278945923,,,,,,,,,,,,,,,,,,,,,,,,,,,,,,,79.68,5,5,0,0.379,True,635500,0,0.466,0.266,,,,,,,0,,,,,,,,,,,../../tmp/reliable_link_repeated_3mode_seed6_10_n3_artifacts/seed6_run3_sector.json,7968,6940,0.873,-1.169,1.97,-27.512,24.215,-25.363,27.326,226.964,7.0,1.459,,,,,,,0,,,,,,,,,,,,,,,,,,,,,,,,,,,,,,,,,,,,,,,,,,,,,,,,,,,,,,,,,,,,,,,,,,,,,,,,,,60,True,0.6,1.2,1.5,2,0.2,477,477,0,0,/rog_map/commit_version,0.12,0.1,0,0,False,/rog_map/cloud_process_ack,/sector/full_refresh_request,0,0,0,0,0,False,0,0,0,0,0,0,0,False,0,0,0,0,0,0,0,0,0,0,0,0,0,0,0,6000,0,0,100,14033336,7055075,50.274,False,0,False,0,0,False,0,0,1.5,0,1.5,1.5,0,0,0,,,,,,,,,0,0,,False,False,False,0,0,5,15,False,0,0,0,0,0,0,0,0,,,/planning/trajectory_guard_recovery_active,2.5,0,False,False,0,0,0,0,0,0,0,0,0,0,0,0,,,,,,,,,,,,,,,,,,,,,,,,15336.49889135255,14.09184399113082,9.9029333481153,4.187181507760532,1.0097548115299333,50.274,72.90318121885358,2.8337915042094153,23.22070222747148,1,0,True,,0,3319.5,3295.541015625,0.0,4147.69140625,2047.76953125,10302.70703125,1556.7578125,0.0,0.0,../../tmp/reliable_link_repeated_3mode_seed6_10_n3_artifacts/seed6_run3_sector.attempt1.memory.csv,4,455,,
seed7,1,full,10,1,,strict-burst,direct,True,True,,,,,,,,,,,,,0,0,0,0,0,7,8,35,45,22,10,0,27,34,35.37020659446716,1.0403001939549166,2.8604660034179688,,,,,,,,,,,,,,,,,,,,,,,,,,,,,,,85.18,5,5,0,0.352,True,838860,0,0.366,0.166,,,,,,,0,,,,,,,,,,,../../tmp/reliable_link_repeated_3mode_seed6_10_n3_artifacts/seed7_run1_full.json,8517,7730,0.726,-1.26,1.658,-25.709,24.025,-25.415,26.994,235.866,7.0,1.294,,,,,,,0,,,,,,,,,,,,,,,,,,,,,,,,,,,,,,,,,,,,,,,,,,,,,,,,,,,,,,,,,,,,,,,,,,,,,,,,,,,,,,,,,,,,,,,,,,,,,,,,,,,,,,,,,,,,,,,,,,,,,,,,,,,,,,,,,,,,,,,,,,,,,,,,,,,,,,,,,,,,,,,,,,,,,,,,,,,,,,,,,,,,,,,,,,,,,,,,,,,,,,,,,,,,,,,,,,,,,37747.375,35.59538725,23.55479775,12.038534225,2.3903913675,,82.22498539547412,,23.141877381432234,1,0,True,,0,3451.26171875,3428.2880859375,0.0,3932.7578125,2047.76953125,10510.484375,1556.7578125,0.0,0.0,../../tmp/reliable_link_repeated_3mode_seed6_10_n3_artifacts/seed7_run1_full.attempt1.memory.csv,4,404,,
seed7,1,sector,11,2,,strict-burst,cpp,True,True,,,,,,,,,,,,,0,0,0,0,0,3,4,29,41,14,9,0,19,29,28.746755361557007,0.9912674262605864,2.517730712890625,,,,,,,,,,,,,,,,,,,,,,,,,,,,,,,75.83,5,5,0,0.387,True,838860,0,0.345,0.145,,,,,,,0,,,,,,,,,,,../../tmp/reliable_link_repeated_3mode_seed6_10_n3_artifacts/seed7_run1_sector.json,7582,6492,0.716,-1.291,1.953,-25.592,24.125,-27.971,24.369,227.346,7.005,0.806,,,,,,,0,,,,,,,,,,,,,,,,,,,,,,,,,,,,,,,,,,,,,,,,,,,,,,,,,,,,,,,,,,,,,,,,,,,,,,,,,,60,True,0.6,1.2,1.5,2,0.2,366,366,0,0,/rog_map/commit_version,0.12,0.1,0,0,False,/rog_map/cloud_process_ack,/sector/full_refresh_request,0,0,0,0,0,False,0,0,0,0,0,0,0,False,0,0,0,0,0,0,0,0,0,0,0,0,0,0,0,6000,0,0,100,12992279,6853661,52.752,False,0,False,0,0,False,0,0,1.5,0,1.5,1.5,0,0,0,,,,,,,,,0,0,,False,False,False,0,0,5,15,False,0,0,0,0,0,0,0,0,,,/planning/trajectory_guard_recovery_active,2.5,0,False,False,0,0,0,0,0,0,0,0,0,0,0,0,,,,,,,,,,,,,,,,,,,,,,,,18903.407202216065,14.540297728531856,9.901234404432135,4.637331720221607,1.3043606565096952,52.752,68.57338956549052,2.841243318526761,25.164327125933617,1,0,True,,0,3308.27734375,3284.1328125,0.0,3966.22265625,2047.76953125,10453.40234375,1556.7578125,0.0,0.0,../../tmp/reliable_link_repeated_3mode_seed6_10_n3_artifacts/seed7_run1_sector.attempt1.memory.csv,1,362,,
seed7,1,adaptive,12,3,,strict-burst,cpp,True,True,,,,,,,,,,,,,0,37,37,37,0,4,5,37,58,22,13,0,31,37,33.194050550460815,0.8971365013638058,2.1361138820648193,,,,,,,,,,,,,,,,,,,,,,,,,,,,,,,81.16,5,5,0,0.333,True,838860,0,0.391,0.191,,,,,,,0,,,,,,,,,,,../../tmp/reliable_link_repeated_3mode_seed6_10_n3_artifacts/seed7_run1_adaptive.json,8115,7217,0.971,-1.096,1.7,-25.784,24.025,-25.06,25.864,231.517,7.001,0.0,1787681795.376213,3.05,3.432,1787681799.272703,9.554,11.515,0,,,,,,,,,,,,,,,,,,,,,,,,,,,,,,,,,,,,,,,,,,,,,,,,,,,,,,,,,,,,,,,,,,,,,,,,,,60,True,0.6,1.2,1.5,2,1.5,415,308,107,5,/rog_map/commit_version,0.12,0.1,0.25,0,True,/rog_map/cloud_process_ack,/sector/full_refresh_request,300,300,34,81,81,False,0,1,81,0,0,0,81,False,118,118,0,300,0,300,1787681876474288809,300,1,0.345242,0.655463,0.049711,0.108835,0.191359,1.0739,6000,1703468,797036,74.217,15392607,9756664,63.385,True,81.205,True,89.157,91.83,True,0.6,1.4,1.5,0.2,3,2.892266,1,1,0,1787681806.06,1787681806.06,1787681806.51,1787681831.91,1787681833.12,1.209917,,,17,1.209917,0,True,True,False,0.6,1.4,3,15,False,24,24,8,7,13.012,425,227,8,1787681795.38,1787681795.38,/planning/trajectory_guard_recovery_active,2.5,0,False,True,75,37,6,5,37,85.783,190,166,144,120,45.783,40,1787681796,,,,,,,,,,,,,,,,,,,,,,,32453.20066889632,30.804441571906352,19.379491538461536,11.42307745819398,2.7028808260869566,63.385,71.42193874021463,3.1297502919985405,25.91777971046845,1,0,True,,0,3421.0859375,3397.2421875,0.0,3963.5546875,2047.76953125,10459.68359375,1556.7578125,0.0,0.0,../../tmp/reliable_link_repeated_3mode_seed6_10_n3_artifacts/seed7_run1_adaptive.attempt1.memory.csv,1,300,,
seed7,2,sector,13,1,,strict-burst,cpp,True,True,,,,,,,,,,,,,0,0,0,0,0,5,5,22,43,10,10,0,17,22,20.310357570648193,0.9231980713930997,2.2590725421905518,,,,,,,,,,,,,,,,,,,,,,,,,,,,,,,73.07,5,5,0,0.408,True,838860,0,0.468,0.268,,,,,,,0,,,,,,,,,,,../../tmp/reliable_link_repeated_3mode_seed6_10_n3_artifacts/seed7_run2_sector.json,7307,6730,0.864,-1.203,1.698,-25.873,23.99,-25.125,25.736,231.807,7.001,1.481,,,,,,,0,,,,,,,,,,,,,,,,,,,,,,,,,,,,,,,,,,,,,,,,,,,,,,,,,,,,,,,,,,,,,,,,,,,,,,,,,,60,True,0.6,1.2,1.5,2,0.2,380,380,0,0,/rog_map/commit_version,0.12,0.1,0,0,False,/rog_map/cloud_process_ack,/sector/full_refresh_request,0,0,0,0,0,False,0,0,0,0,0,0,0,False,0,0,0,0,0,0,0,0,0,0,0,0,0,0,0,6000,0,0,100,14000866,7902767,56.445,False,0,False,0,0,False,0,0,1.5,0,1.5,1.5,0,0,0,,,,,,,,,0,0,,False,False,False,0,0,5,15,False,0,0,0,0,0,0,0,0,,,/planning/trajectory_guard_recovery_active,2.5,0,False,False,0,0,0,0,0,0,0,0,0,0,0,0,,,,,,,,,,,,,,,,,,,,,,,,21157.824797843667,14.930016442048517,10.14933358490566,4.778990075471698,1.4133888005390836,56.445,80.25074491331455,2.858473750632793,24.94754638096747,1,0,True,,0,3319.3359375,3295.318359375,0.0,4038.92578125,2047.76953125,10371.15234375,1556.7578125,0.0,0.0,../../tmp/reliable_link_repeated_3mode_seed6_10_n3_artifacts/seed7_run2_sector.attempt1.memory.csv,4,375,,
seed7,2,adaptive,14,2,,strict-burst,cpp,True,True,,,,,,,,,,,,,0,34,34,34,0,9,14,34,78,17,16,0,27,34,37.63100290298462,1.1067942030289595,5.145183324813843,,,,,,,,,,,,,,,,,,,,,,,,,,,,,,,82.99,5,5,0,0.341,True,838860,0,0.372,0.172,,,,,,,0,,,,,,,,,,,../../tmp/reliable_link_repeated_3mode_seed6_10_n3_artifacts/seed7_run2_adaptive.json,8298,7350,0.89,-1.2,1.949,-25.5,24.042,-26.822,26.964,234.763,6.999,0.0,1787681971.056393,2.867,3.221,1787681976.731405,10.984,13.074,0,,,,,,,,,,,,,,,,,,,,,,,,,,,,,,,,,,,,,,,,,,,,,,,,,,,,,,,,,,,,,,,,,,,,,,,,,,60,True,0.6,1.2,1.5,2,1.5,404,306,98,5,/rog_map/commit_version,0.12,0.1,0.25,0,True,/rog_map/cloud_process_ack,/sector/full_refresh_request,304,304,32,92,92,False,0,1,92,0,0,0,92,False,126,126,0,304,0,304,1787682052925678297,304,0,0.356965,0.654604,0.046904,0.108691,0.193215,0.970368,6000,1671459,784837,75.743,14700080,9673768,65.808,False,0,True,92.079,92.76,False,0.6,1.4,1.5,0.2,3,2.897906,0,0,0,,,,,,,,,0,0,,True,True,True,0.6,1.4,3,15,True,28,27,8,7,18.812,462,263,10,1787681971.05,1787681971.05,/planning/trajectory_guard_recovery_active,2.5,0,False,True,69,34,6,5,34,90.594,187,179,144,133,46.287,44.307,1787681971.06,,,,,,,,,,,,,,,,,,,,,,,31782.825657894737,30.93802259868421,19.527127796052632,11.408995559210526,2.7527295625,65.808,77.45738800309607,2.8880982684826497,22.72953101633919,1,0,True,,0,3454.95703125,3430.861328125,0.0,3868.78125,2047.76953125,10529.49609375,1556.7578125,0.0,0.0,../../tmp/reliable_link_repeated_3mode_seed6_10_n3_artifacts/seed7_run2_adaptive.attempt1.memory.csv,0,304,,
seed7,2,full,15,3,,strict-burst,direct,True,True,,,,,,,,,,,,,0,0,0,0,0,7,7,36,69,21,15,0,31,35,30.89861798286438,0.882817656653268,3.612287998199463,,,,,,,,,,,,,,,,,,,,,,,,,,,,,,,79.15,5,5,0,0.372,True,838860,0,0.44,0.24,,,,,,,0,,,,,,,,,,,../../tmp/reliable_link_repeated_3mode_seed6_10_n3_artifacts/seed7_run2_full.json,7915,6792,-0.478,-1.401,2.307,-25.616,24.064,-26.965,25.927,232.257,7.001,1.48,,,,,,,0,,,,,,,,,,,,,,,,,,,,,,,,,,,,,,,,,,,,,,,,,,,,,,,,,,,,,,,,,,,,,,,,,,,,,,,,,,,,,,,,,,,,,,,,,,,,,,,,,,,,,,,,,,,,,,,,,,,,,,,,,,,,,,,,,,,,,,,,,,,,,,,,,,,,,,,,,,,,,,,,,,,,,,,,,,,,,,,,,,,,,,,,,,,,,,,,,,,,,,,,,,,,,,,,,,,,,36010.67424242424,37.107769191919196,24.588974242424243,12.516889646464648,2.4407906616161616,,84.85002090834263,,23.79404867072542,1,0,True,,0,3458.7734375,3435.8740234375,0.0,3908.7734375,2047.76953125,10442.05078125,1556.7578125,0.0,0.0,../../tmp/reliable_link_repeated_3mode_seed6_10_n3_artifacts/seed7_run2_full.attempt1.memory.csv,1,397,,
seed7,3,adaptive,16,1,,strict-burst,cpp,True,True,,,,,,,,,,,,,0,32,32,32,0,7,9,32,48,20,11,0,24,32,30.717458724975586,0.9599205851554871,1.8324904441833496,,,,,,,,,,,,,,,,,,,,,,,,,,,,,,,78.52,5,5,0,0.398,True,838860,0,0.432,0.232,,,,,,,0,,,,,,,,,,,../../tmp/reliable_link_repeated_3mode_seed6_10_n3_artifacts/seed7_run3_adaptive.json,7852,6788,1.223,-0.821,1.94,-25.671,24.516,-28.319,25.928,232.739,7.0,0.0,1787682152.446856,0.0,0.0,1787682153.224696,1.131,1.248,0,,,,,,,,,,,,,,,,,,,,,,,,,,,,,,,,,,,,,,,,,,,,,,,,,,,,,,,,,,,,,,,,,,,,,,,,,,60,True,0.6,1.2,1.5,2,1.5,441,325,116,5,/rog_map/commit_version,0.12,0.1,0.25,0,True,/rog_map/cloud_process_ack,/sector/full_refresh_request,322,322,32,77,77,False,0,1,77,0,0,0,77,False,109,109,0,322,0,322,1787682231020423794,322,0,0.34513,0.66575,0.046892,0.127144,0.169532,1.149513,6000,2041983,993494,73.696,15451046,9703389,62.801,False,0,True,92.971,94.95,False,0.6,1.4,1.5,0.2,3,2.896638,0,0,0,,,,,,,,,0,0,,True,True,False,0.6,1.4,3,15,False,26,26,7,6,19.274,437,232,9,1787682152.44,1787682152.44,/planning/trajectory_guard_recovery_active,2.5,0,False,True,65,32,4,3,32,90.476,195,204,141,153,44.218,46.259,1787682153.76,,,,,,,,,,,,,,,,,,,,,,,30230.76875,30.9095858125,19.75800021875,11.14977009375,2.620133428125,62.801,77.0190345222722,3.123231101955638,,1,0,True,,0,3410.4609375,3386.1708984375,0.0,3865.3046875,2047.76953125,10481.328125,1556.7578125,0.0,0.0,../../tmp/reliable_link_repeated_3mode_seed6_10_n3_artifacts/seed7_run3_adaptive.attempt1.memory.csv,2,322,,
seed7,3,full,17,2,,strict-burst,direct,True,True,,,,,,,,,,,,,0,0,0,0,0,9,12,32,84,10,21,0,23,32,26.944079160690308,0.8420024737715721,3.6990532875061035,,,,,,,,,,,,,,,,,,,,,,,,,,,,,,,80.26,5,5,0,0.413,True,838860,0,0.472,0.272,,,,,,,0,,,,,,,,,,,../../tmp/reliable_link_repeated_3mode_seed6_10_n3_artifacts/seed7_run3_full.json,8026,7300,0.904,-1.174,1.68,-25.544,24.428,-25.123,24.654,233.291,10.027,1.482,,,,,,,0,,,,,,,,,,,,,,,,,,,,,,,,,,,,,,,,,,,,,,,,,,,,,,,,,,,,,,,,,,,,,,,,,,,,,,,,,,,,,,,,,,,,,,,,,,,,,,,,,,,,,,,,,,,,,,,,,,,,,,,,,,,,,,,,,,,,,,,,,,,,,,,,,,,,,,,,,,,,,,,,,,,,,,,,,,,,,,,,,,,,,,,,,,,,,,,,,,,,,,,,,,,,,,,,,,,,,38817.67840375587,36.38843779342723,24.16982957746479,12.216611032863849,2.3300145070422538,,91.26520798671619,,,1,0,True,,0,3457.2265625,3434.3984375,0.0,3903.20703125,2047.76953125,10441.66796875,1556.7578125,0.0,0.0,../../tmp/reliable_link_repeated_3mode_seed6_10_n3_artifacts/seed7_run3_full.attempt1.memory.csv,4,430,,
seed7,3,sector,18,3,,strict-burst,cpp,True,True,,,,,,,,,,,,,0,0,0,0,0,7,8,34,64,18,14,0,28,34,31.640602588653564,0.9306059584898108,2.839960813522339,,,,,,,,,,,,,,,,,,,,,,,,,,,,,,,81.77,5,5,1,0.134,True,838860,1,0.143,-0.057,,,,,,,2,live_cloud,44.9486,0.19153,-19.732179641723633,-23.20124053955078,1.7860599756240845,6.99814,-19.639360427856445,-23.368120193481445,1.80076003074646,../../tmp/reliable_link_repeated_3mode_seed6_10_n3_artifacts/seed7_run3_sector.json,8176,7419,0.838,-1.211,1.523,-27.103,24.18,-24.726,24.494,237.685,6.999,0.0,,,,,,,0,,,,,,,,,,,,,,,,,,,,,,,,,,,,,,,,,,,,,,,,,,,,,,,,,,,,,,,,,,,,,,,,,,,,,,,,,,60,True,0.6,1.2,1.5,2,0.2,367,367,0,0,/rog_map/commit_version,0.12,0.1,0,0,False,/rog_map/cloud_process_ack,/sector/full_refresh_request,0,0,0,0,0,False,0,0,0,0,0,0,0,False,0,0,0,0,0,0,0,0,0,0,0,0,0,0,0,6000,0,0,100,13318288,7238246,54.348,False,0,False,0,0,False,0,0,1.5,0,1.5,1.5,0,0,0,,,,,,,,,0,0,,False,False,False,0,0,5,15,False,0,0,0,0,0,0,0,0,,,/planning/trajectory_guard_recovery_active,2.5,0,False,False,0,0,0,0,0,0,0,0,0,0,0,0,,,,,,,,,,,,,,,,,,,,,,,,20109.82913165266,14.925057899159663,10.22581406162465,4.6973962464986,1.316728669467787,54.348,69.12877009420916,2.784351211751005,,1,0,True,,0,3311.15625,3287.1123046875,0.0,4020.2109375,2047.76953125,10332.6015625,1556.7578125,0.0,0.0,../../tmp/reliable_link_repeated_3mode_seed6_10_n3_artifacts/seed7_run3_sector.attempt1.memory.csv,2,359,,
seed8,1,full,19,1,,strict-burst,direct,True,True,,,,,,,,,,,,,0,0,0,0,0,6,8,26,40,16,8,0,23,26,28.36431360244751,1.0909351385556734,3.8730108737945557,,,,,,,,,,,,,,,,,,,,,,,,,,,,,,,78.59,5,5,0,0.381,True,838860,0,0.429,0.229,,,,,,,0,,,,,,,,,,,../../tmp/reliable_link_repeated_3mode_seed6_10_n3_artifacts/seed8_run1_full.json,7859,6910,1.081,-1.001,1.551,-27.222,24.025,-25.424,27.1,236.81,7.001,1.473,,,,,,,0,,,,,,,,,,,,,,,,,,,,,,,,,,,,,,,,,,,,,,,,,,,,,,,,,,,,,,,,,,,,,,,,,,,,,,,,,,,,,,,,,,,,,,,,,,,,,,,,,,,,,,,,,,,,,,,,,,,,,,,,,,,,,,,,,,,,,,,,,,,,,,,,,,,,,,,,,,,,,,,,,,,,,,,,,,,,,,,,,,,,,,,,,,,,,,,,,,,,,,,,,,,,,,,,,,,,,34413.16421568627,38.613754656862746,25.398890196078433,13.212792671568629,2.4652095147058826,,88.02840387998539,,24.641394692920805,1,0,True,,0,3459.765625,3436.9404296875,0.0,3860.0625,2047.76953125,10504.74609375,1556.7578125,0.0,0.0,../../tmp/reliable_link_repeated_3mode_seed6_10_n3_artifacts/seed8_run1_full.attempt1.memory.csv,2,410,,
seed8,1,sector,20,2,,strict-burst,cpp,True,True,,,,,,,,,,,,,0,0,0,0,0,7,10,38,65,23,13,0,34,38,40.300620794296265,1.0605426524814807,6.6471147537231445,,,,,,,,,,,,,,,,,,,,,,,,,,,,,,,79.46,5,5,0,0.23,True,838860,0,0.326,0.126,,,,,,,0,,,,,,,,,,,../../tmp/reliable_link_repeated_3mode_seed6_10_n3_artifacts/seed8_run1_sector.json,7946,7210,1.464,0.196,1.725,-27.363,24.025,-26.964,24.2,228.004,7.0,0.722,,,,,,,0,,,,,,,,,,,,,,,,,,,,,,,,,,,,,,,,,,,,,,,,,,,,,,,,,,,,,,,,,,,,,,,,,,,,,,,,,,60,True,0.6,1.2,1.5,2,0.2,330,330,0,0,/rog_map/commit_version,0.12,0.1,0,0,False,/rog_map/cloud_process_ack,/sector/full_refresh_request,0,0,0,0,0,False,0,0,0,0,0,0,0,False,0,0,0,0,0,0,0,0,0,0,0,0,0,0,0,6000,0,0,100,11059035,5542326,50.116,False,0,False,0,0,False,0,0,1.5,0,1.5,1.5,0,0,0,,,,,,,,,0,0,,False,False,False,0,0,5,15,False,0,0,0,0,0,0,0,0,,,/planning/trajectory_guard_recovery_active,2.5,0,False,False,0,0,0,0,0,0,0,0,0,0,0,0,,,,,,,,,,,,,,,,,,,,,,,,17019.685185185186,14.813153981481483,10.062961543209877,4.7483420339506175,1.336362811728395,50.116,63.61511882130703,2.7186898023684214,24.839764158769405,1,0,True,,0,3306.7109375,3282.4384765625,0.0,3990.703125,2047.76953125,10386.203125,1556.7578125,0.0,0.0,../../tmp/reliable_link_repeated_3mode_seed6_10_n3_artifacts/seed8_run1_sector.attempt1.memory.csv,3,327,,
seed8,1,adaptive,21,3,,strict-burst,cpp,True,True,,,,,,,,,,,,,0,42,42,42,0,11,15,42,74,20,16,0,30,42,42.728535175323486,1.0173460756029402,3.402855157852173,,,,,,,,,,,,,,,,,,,,,,,,,,,,,,,90.08,5,5,0,0.384,True,838860,0,0.423,0.223,,,,,,,0,,,,,,,,,,,../../tmp/reliable_link_repeated_3mode_seed6_10_n3_artifacts/seed8_run1_adaptive.json,9008,8230,0.985,-1.081,1.796,-27.162,24.425,-25.998,24.321,232.719,6.999,0.0,1787682601.596193,0.826,0.811,1787682617.637234,21.052,23.431,0,,,,,,,,,,,,,,,,,,,,,,,,,,,,,,,,,,,,,,,,,,,,,,,,,,,,,,,,,,,,,,,,,,,,,,,,,,60,True,0.6,1.2,1.5,2,1.5,385,300,85,5,/rog_map/commit_version,0.12,0.1,0.25,0,True,/rog_map/cloud_process_ack,/sector/full_refresh_request,297,297,27,91,91,False,0,1,91,0,0,0,91,False,133,133,0,297,0,297,1787682691531869779,297,0,0.375997,1.147763,0.049269,0.136054,0.221397,1.25503,6000,1717010,804000,77.922,12726177,8712640,68.462,False,0,False,94.026,95.609,False,0.6,1.4,1.5,0.2,3,2.899141,0,0,0,,,,,,,,,0,0,,True,True,False,0.6,1.4,3,15,False,28,28,5,5,21.299,421,245,10,1787682603.27,1787682601.6,/planning/trajectory_guard_recovery_active,2.5,0,False,False,85,42,5,5,42,93.247,182,177,147,137,47.273,45.974,1787682601.6,,,,,,,,,,,,,,,,,,,,,,,29455.345762711866,33.483839593220345,20.93350938983051,12.548463762711865,2.8613125288135595,68.462,67.83549330724878,2.8995431926941206,25.787731134408087,1,0,True,,0,3449.5234375,3425.3125,0.0,3797.7578125,2047.76953125,10424.02734375,1556.7578125,0.0,0.0,../../tmp/reliable_link_repeated_3mode_seed6_10_n3_artifacts/seed8_run1_adaptive.attempt1.memory.csv,2,297,,
seed8,2,sector,22,1,,strict-burst,cpp,True,True,,,,,,,,,,,,,0,0,0,0,0,1,2,17,30,9,7,0,13,17,13.785263538360596,0.8108978551976821,1.722562551498413,,,,,,,,,,,,,,,,,,,,,,,,,,,,,,,64.58,5,5,0,0.398,True,838860,0,0.447,0.247,,,,,,,0,,,,,,,,,,,../../tmp/reliable_link_repeated_3mode_seed6_10_n3_artifacts/seed8_run2_sector.json,6457,5705,1.103,-1.001,1.582,-25.78,24.025,-25.586,24.099,225.457,7.0,1.49,,,,,,,0,,,,,,,,,,,,,,,,,,,,,,,,,,,,,,,,,,,,,,,,,,,,,,,,,,,,,,,,,,,,,,,,,,,,,,,,,,60,True,0.6,1.2,1.5,2,0.2,380,380,0,0,/rog_map/commit_version,0.12,0.1,0,0,False,/rog_map/cloud_process_ack,/sector/full_refresh_request,0,0,0,0,0,False,0,0,0,0,0,0,0,False,0,0,0,0,0,0,0,0,0,0,0,0,0,0,0,6000,0,0,100,12827853,6107155,47.609,False,0,False,0,0,False,0,0,1.5,0,1.5,1.5,0,0,0,,,,,,,,,0,0,,False,False,False,0,0,5,15,False,0,0,0,0,0,0,0,0,,,/planning/trajectory_guard_recovery_active,2.5,0,False,False,0,0,0,0,0,0,0,0,0,0,0,0,,,,,,,,,,,,,,,,,,,,,,,,16348.32075471698,15.222680323450135,10.049166846361185,5.171632986522911,1.437250741239892,47.609,86.44030218868087,2.735045767937271,23.735211708157,1,0,True,,0,3312.37109375,3288.328125,0.0,4041.71875,2047.76953125,10231.15234375,1556.7578125,0.0,0.0,../../tmp/reliable_link_repeated_3mode_seed6_10_n3_artifacts/seed8_run2_sector.attempt1.memory.csv,2,373,,
seed8,2,adaptive,23,2,,strict-burst,cpp,True,True,,,,,,,,,,,,,0,15,15,15,0,6,7,15,29,8,6,0,9,15,20.195000886917114,1.346333392461141,6.797160863876343,,,,,,,,,,,,,,,,,,,,,,,,,,,,,,,68.15,5,5,0,0.446,True,838860,0,0.48,0.28,,,,,,,0,,,,,,,,,,,../../tmp/reliable_link_repeated_3mode_seed6_10_n3_artifacts/seed8_run2_adaptive.json,6814,6050,1.423,-0.471,1.743,-27.122,24.025,-24.285,24.575,227.902,7.0,1.499,1787682779.14638,7.837,9.292,1787682777.672568,3.473,5.264,0,,,,,,,,,,,,,,,,,,,,,,,,,,,,,,,,,,,,,,,,,,,,,,,,,,,,,,,,,,,,,,,,,,,,,,,,,,60,True,0.6,1.2,1.5,2,1.5,443,302,141,5,/rog_map/commit_version,0.12,0.1,0.25,0,True,/rog_map/cloud_process_ack,/sector/full_refresh_request,296,296,28,68,68,False,0,1,68,0,0,0,68,False,83,83,0,296,0,296,1787682845172127254,296,2,0.34161,0.946674,0.055119,0.120609,0.153041,0.946674,6000,1869218,881730,68.172,15483369,8546325,55.197,True,80.361,False,76.749,79.305,True,0.6,1.4,1.5,0.2,3,2.898916,1,1,0,1787682787.52,1787682787.52,1787682787.82,1787682799.72,1787682800.92,1.200028,,,11,1.200028,0,True,True,False,0.6,1.4,3,15,False,25,25,16,16,19.639,464,263,9,1787682777.02,1787682777.02,/planning/trajectory_guard_recovery_active,2.5,0,False,False,31,15,8,8,15,65.914,122,170,87,118,27.54,38.375,1787682779.93,,,,,,,,,,,,,,,,,,,,,,,28859.922033898307,33.32130877966102,20.905313491525423,12.414176949152543,2.995448413559322,55.197,94.08108829984826,3.081153935411675,24.372845711719854,1,0,True,,0,3438.03125,3413.9658203125,0.0,3877.234375,2047.76953125,10409.46875,1556.7578125,0.0,0.0,../../tmp/reliable_link_repeated_3mode_seed6_10_n3_artifacts/seed8_run2_adaptive.attempt1.memory.csv,1,296,,
seed8,2,full,24,3,,strict-burst,direct,True,True,,,,,,,,,,,,,0,0,0,0,0,9,11,23,17,15,3,0,18,23,27.64444375038147,1.2019323369731074,2.9734950065612793,,,,,,,,,,,,,,,,,,,,,,,,,,,,,,,77.18,5,5,0,0.337,True,838860,0,0.351,0.151,,,,,,,0,,,,,,,,,,,../../tmp/reliable_link_repeated_3mode_seed6_10_n3_artifacts/seed8_run2_full.json,7718,6990,1.407,-0.217,1.877,-27.097,24.028,-25.822,24.109,232.473,7.002,1.424,,,,,,,0,,,,,,,,,,,,,,,,,,,,,,,,,,,,,,,,,,,,,,,,,,,,,,,,,,,,,,,,,,,,,,,,,,,,,,,,,,,,,,,,,,,,,,,,,,,,,,,,,,,,,,,,,,,,,,,,,,,,,,,,,,,,,,,,,,,,,,,,,,,,,,,,,,,,,,,,,,,,,,,,,,,,,,,,,,,,,,,,,,,,,,,,,,,,,,,,,,,,,,,,,,,,,,,,,,,,,34111.63285024155,38.783691304347826,25.812387439613524,12.969254782608695,2.366296910628019,,86.92332087593249,,21.948640178488965,1,0,True,,0,3454.421875,3431.716796875,0.0,3887.95703125,2047.76953125,10400.87109375,1556.7578125,0.0,0.0,../../tmp/reliable_link_repeated_3mode_seed6_10_n3_artifacts/seed8_run2_full.attempt1.memory.csv,3,417,,
seed8,3,adaptive,25,1,,strict-burst,cpp,True,True,,,,,,,,,,,,,0,26,26,26,0,5,6,26,60,12,14,0,23,25,20.56184983253479,0.8224739933013916,1.9505105018615723,,,,,,,,,,,,,,,,,,,,,,,,,,,,,,,70.66,5,5,0,0.392,True,838860,0,0.48,0.28,,,,,,,0,,,,,,,,,,,../../tmp/reliable_link_repeated_3mode_seed6_10_n3_artifacts/seed8_run3_adaptive.json,7066,6420,1.002,-1.101,1.867,-27.256,24.03,-24.497,24.313,224.552,6.999,1.486,1787682979.205492,-26.215,1.295,1787682978.28514,-26.906,4.041,0,,,,,,,,,,,,,,,,,,,,,,,,,,,,,,,,,,,,,,,,,,,,,,,,,,,,,,,,,,,,,,,,,,,,,,,,,,60,True,0.6,1.2,1.5,2,1.5,381,282,99,5,/rog_map/commit_version,0.12,0.1,0.25,0,True,/rog_map/cloud_process_ack,/sector/full_refresh_request,277,277,24,78,78,False,0,1,78,0,0,0,78,False,104,104,0,277,0,277,1787683013182952193,277,0,0.33751,0.477126,0.051149,0.131072,0.178628,1.060793,6000,1617292,724922,74.016,12861825,7922133,61.594,True,49.344,True,81.102,85.376,False,0.6,1.4,1.5,0.2,3,2.899539,1,0,0,1787682977.73,1787682977.73,1787682978.3,,,,,,26,1.11984,0,True,True,False,0.6,1.4,3,15,False,26,26,9,8,23.885,414,243,8,1787682944.13,1787682942.41,/planning/trajectory_guard_recovery_active,2.5,0,True,True,52,26,4,3,26,76.903,111,182,91,128,29.134,47.769,1787682942.41,,,,,,,,,,,,,,,,,,,,,,,28776.967153284673,33.074922773722626,20.52557083941606,12.547415364963504,3.0269791861313866,61.594,85.12910527338015,2.9904651569155383,24.91573462787057,1,0,True,,0,3452.76171875,3428.462890625,0.0,3827.84765625,2047.76953125,10438.08984375,1556.7578125,0.0,0.0,../../tmp/reliable_link_repeated_3mode_seed6_10_n3_artifacts/seed8_run3_adaptive.attempt1.memory.csv,3,277,,
seed8,3,full,26,2,,strict-burst,direct,True,True,,,,,,,,,,,,,0,0,0,0,0,4,4,37,49,22,11,0,32,36,35.22133684158325,0.978370467821757,2.110929012298584,,,,,,,,,,,,,,,,,,,,,,,,,,,,,,,81.08,5,5,0,0.45,True,838860,0,0.455,0.255,,,,,,,0,,,,,,,,,,,../../tmp/reliable_link_repeated_3mode_seed6_10_n3_artifacts/seed8_run3_full.json,8108,7340,1.162,-0.89,1.935,-27.535,24.025,-25.445,24.21,226.451,7.0,1.463,,,,,,,0,,,,,,,,,,,,,,,,,,,,,,,,,,,,,,,,,,,,,,,,,,,,,,,,,,,,,,,,,,,,,,,,,,,,,,,,,,,,,,,,,,,,,,,,,,,,,,,,,,,,,,,,,,,,,,,,,,,,,,,,,,,,,,,,,,,,,,,,,,,,,,,,,,,,,,,,,,,,,,,,,,,,,,,,,,,,,,,,,,,,,,,,,,,,,,,,,,,,,,,,,,,,,,,,,,,,,32892.178756476686,37.08012487046632,24.577294300518133,12.50070518134715,2.331375059585492,,73.01701743629324,,23.59113127546981,1,0,True,,0,3441.0,3418.099609375,0.0,3854.90625,2047.76953125,10391.34765625,1556.7578125,0.0,0.0,../../tmp/reliable_link_repeated_3mode_seed6_10_n3_artifacts/seed8_run3_full.attempt1.memory.csv,5,391,,
seed8,3,sector,27,3,,strict-burst,cpp,True,True,,,,,,,,,,,,,0,0,0,0,0,10,13,31,75,14,15,0,24,31,29.834456205368042,0.9624018130763885,2.5762147903442383,,,,,,,,,,,,,,,,,,,,,,,,,,,,,,,83.54,5,5,0,0.349,True,838860,0,0.441,0.241,,,,,,,0,,,,,,,,,,,../../tmp/reliable_link_repeated_3mode_seed6_10_n3_artifacts/seed8_run3_sector.json,8354,7216,1.38,-0.539,1.614,-26.942,24.269,-25.508,24.165,234.436,7.0,0.0,,,,,,,0,,,,,,,,,,,,,,,,,,,,,,,,,,,,,,,,,,,,,,,,,,,,,,,,,,,,,,,,,,,,,,,,,,,,,,,,,,60,True,0.6,1.2,1.5,2,0.2,407,407,0,0,/rog_map/commit_version,0.12,0.1,0,0,False,/rog_map/cloud_process_ack,/sector/full_refresh_request,0,0,0,0,0,False,0,0,0,0,0,0,0,False,0,0,0,0,0,0,0,0,0,0,0,0,0,0,0,6000,0,0,100,13863182,7223116,52.103,False,0,False,0,0,False,0,0,1.5,0,1.5,1.5,0,0,0,,,,,,,,,0,0,,False,False,False,0,0,5,15,False,0,0,0,0,0,0,0,0,,,/planning/trajectory_guard_recovery_active,2.5,0,False,False,0,0,0,0,0,0,0,0,0,0,0,0,,,,,,,,,,,,,,,,,,,,,,,,18009.654135338347,13.979553082706767,9.436582706766917,4.541112957393484,1.2287688521303257,52.103,71.45359631190831,2.689369018091661,23.749161569887043,1,0,True,,0,3311.83203125,3287.880859375,0.0,4068.09375,2047.76953125,10192.13671875,1556.7578125,0.0,0.0,../../tmp/reliable_link_repeated_3mode_seed6_10_n3_artifacts/seed8_run3_sector.attempt1.memory.csv,2,401,,
seed9,1,full,28,1,,strict-burst,direct,True,True,,,,,,,,,,,,,0,0,0,0,0,4,6,16,29,10,5,0,13,15,17.404757022857666,1.1603171348571777,3.3113176822662354,,,,,,,,,,,,,,,,,,,,,,,,,,,,,,,69.71,5,5,0,0.381,True,1042220,0,0.439,0.239,,,,,,,0,,,,,,,,,,,../../tmp/reliable_link_repeated_3mode_seed6_10_n3_artifacts/seed9_run1_full.json,6970,6340,0.964,-1.124,1.741,-23.975,24.025,-25.888,24.527,234.223,6.999,1.481,,,,,,,0,,,,,,,,,,,,,,,,,,,,,,,,,,,,,,,,,,,,,,,,,,,,,,,,,,,,,,,,,,,,,,,,,,,,,,,,,,,,,,,,,,,,,,,,,,,,,,,,,,,,,,,,,,,,,,,,,,,,,,,,,,,,,,,,,,,,,,,,,,,,,,,,,,,,,,,,,,,,,,,,,,,,,,,,,,,,,,,,,,,,,,,,,,,,,,,,,,,,,,,,,,,,,,,,,,,,,44516.58309859155,38.533189014084506,25.537905633802815,12.993450732394367,3.015313842253521,,101.94315875078942,,25.26224426023261,1,0,True,,0,3436.3359375,3413.2548828125,0.0,3766.89453125,2047.76953125,10441.30078125,1556.7578125,0.0,0.0,../../tmp/reliable_link_repeated_3mode_seed6_10_n3_artifacts/seed9_run1_full.attempt1.memory.csv,3,358,,
seed9,1,sector,29,2,,strict-burst,cpp,True,True,,,,,,,,,,,,,0,0,0,0,0,13,19,28,79,12,16,0,14,28,38.41522812843323,1.3719724331583296,7.371855735778809,,,,,,,,,,,,,,,,,,,,,,,,,,,,,,,87.51,5,5,0,0.37,True,1042220,0,0.399,0.199,,,,,,,0,,,,,,,,,,,../../tmp/reliable_link_repeated_3mode_seed6_10_n3_artifacts/seed9_run1_sector.json,8750,8282,1.129,-0.931,1.606,-24.229,24.025,-27.861,24.998,248.523,7.0,0.831,,,,,,,0,,,,,,,,,,,,,,,,,,,,,,,,,,,,,,,,,,,,,,,,,,,,,,,,,,,,,,,,,,,,,,,,,,,,,,,,,,60,True,0.6,1.2,1.5,2,0.2,499,499,0,0,/rog_map/commit_version,0.12,0.1,0,0,False,/rog_map/cloud_process_ack,/sector/full_refresh_request,0,0,0,0,0,False,0,0,0,0,0,0,0,False,0,0,0,0,0,0,0,0,0,0,0,0,0,0,0,6000,0,0,100,21999556,13341210,60.643,False,0,False,0,0,False,0,0,1.5,0,1.5,1.5,0,0,0,,,,,,,,,0,0,,False,False,False,0,0,5,15,False,0,0,0,0,0,0,0,0,,,/planning/trajectory_guard_recovery_active,2.5,0,False,False,0,0,0,0,0,0,0,0,0,0,0,0,,,,,,,,,,,,,,,,,,,,,,,,27023.048780487807,13.820946463414634,9.476589593495936,4.342647174796748,1.253737587398374,60.643,81.4591032581444,3.12386377450527,25.062323744529344,1,0,True,,0,3341.8828125,3317.921875,0.0,3857.66015625,2047.76953125,10357.23828125,1556.7578125,0.0,0.0,../../tmp/reliable_link_repeated_3mode_seed6_10_n3_artifacts/seed9_run1_sector.attempt1.memory.csv,0,492,,
seed9,1,adaptive,30,3,,strict-burst,cpp,True,True,,,,,,,,,,,,,0,32,32,32,0,7,9,32,60,14,14,0,22,32,34.76874279975891,1.086523212492466,4.377069711685181,,,,,,,,,,,,,,,,,,,,,,,,,,,,,,,83.23,5,5,0,0.394,True,1042220,0,0.506,0.306,,,,,,,0,,,,,,,,,,,../../tmp/reliable_link_repeated_3mode_seed6_10_n3_artifacts/seed9_run1_adaptive.json,8322,7686,1.112,-0.994,1.121,-25.759,24.025,-26.001,25.468,231.153,7.0,0.643,1787683398.076228,24.025,24.025,1787683397.66293,23.468,23.375,0,,,,,,,,,,,,,,,,,,,,,,,,,,,,,,,,,,,,,,,,,,,,,,,,,,,,,,,,,,,,,,,,,,,,,,,,,,60,True,0.6,1.2,1.5,2,1.5,394,297,97,5,/rog_map/commit_version,0.12,0.1,0.25,0,True,/rog_map/cloud_process_ack,/sector/full_refresh_request,289,289,28,97,97,False,0,1,97,0,0,0,97,False,129,129,0,289,0,289,1787683470561701597,289,0,0.386572,1.552597,0.046992,0.092713,0.208162,1.992185,6000,1529707,659783,75.381,16541580,10606943,64.123,True,60.152,True,84.01,86.992,True,0.6,1.4,1.5,0.2,3,2.898087,1,3,2,1787683414.72,1787683414.72,1787683414.86,1787683436.36,1787683437.57,1.209882,1787683442.58,5.010016,23,1.209882,0,True,True,False,0.6,1.4,3,15,False,23,23,8,7,15.228,453,229,10,1787683386.98,1787683386.98,/planning/trajectory_guard_recovery_active,2.5,0,False,True,65,32,5,4,32,80.457,140,177,114,131,35.533,44.924,1787683387.29,,,,,,,,,,,,,,,,,,,,,,,36624.92361111111,30.849010312500003,19.646676284722222,11.200541493055557,3.0310777152777777,64.123,74.41905378174594,3.042029210327187,27.149186174597244,1,0,True,,0,3423.90234375,3399.763671875,0.0,3765.390625,2047.76953125,10446.5,1556.7578125,0.0,0.0,../../tmp/reliable_link_repeated_3mode_seed6_10_n3_artifacts/seed9_run1_adaptive.attempt1.memory.csv,1,289,,
seed9,2,sector,31,1,,strict-burst,cpp,True,True,,,,,,,,,,,,,0,0,0,0,0,15,21,66,182,30,33,0,56,66,67.36603689193726,1.020697528665716,3.9734838008880615,,,,,,,,,,,,,,,,,,,,,,,,,,,,,,,117.3,5,5,0,0.235,True,1042220,0,0.242,0.042,,,,,,,0,,,,,,,,,,,../../tmp/reliable_link_repeated_3mode_seed6_10_n3_artifacts/seed9_run2_sector.json,11729,10802,1.364,-0.622,1.526,-23.975,24.026,-29.842,24.494,245.229,7.0,1.499,,,,,,,0,,,,,,,,,,,,,,,,,,,,,,,,,,,,,,,,,,,,,,,,,,,,,,,,,,,,,,,,,,,,,,,,,,,,,,,,,,60,True,0.6,1.2,1.5,2,0.2,408,408,0,0,/rog_map/commit_version,0.12,0.1,0,0,False,/rog_map/cloud_process_ack,/sector/full_refresh_request,0,0,0,0,0,False,0,0,0,0,0,0,0,False,0,0,0,0,0,0,0,0,0,0,0,0,0,0,0,6000,0,0,100,16135022,8134158,50.413,False,0,False,0,0,False,0,0,1.5,0,1.5,1.5,0,0,0,,,,,,,,,0,0,,False,False,False,0,0,5,15,False,0,0,0,0,0,0,0,0,,,/planning/trajectory_guard_recovery_active,2.5,0,False,False,0,0,0,0,0,0,0,0,0,0,0,0,,,,,,,,,,,,,,,,,,,,,,,,20272.86432160804,13.047781190954774,9.063946550251256,3.982112831658291,1.172775796482412,50.413,50.07637850576849,2.8184505563605637,23.016609279024166,1,0,True,,0,3316.56640625,3292.302734375,0.0,3862.24609375,2047.76953125,10338.86328125,1556.7578125,0.0,0.0,../../tmp/reliable_link_repeated_3mode_seed6_10_n3_artifacts/seed9_run2_sector.attempt1.memory.csv,3,401,,
seed9,2,adaptive,32,2,,strict-burst,cpp,True,True,,,,,,,,,,,,,0,38,38,38,0,10,11,38,70,23,14,0,32,37,38.5452196598053,1.0417626935082513,3.2524194717407227,,,,,,,,,,,,,,,,,,,,,,,,,,,,,,,87.98,5,5,0,0.352,True,1042220,0,0.408,0.208,,,,,,,0,,,,,,,,,,,../../tmp/reliable_link_repeated_3mode_seed6_10_n3_artifacts/seed9_run2_adaptive.json,8797,8384,1.153,-0.952,1.227,-25.651,24.025,-25.774,25.268,239.759,7.0,0.918,1787683608.457019,1.512,1.09,1787683621.529542,23.164,23.672,0,,,,,,,,,,,,,,,,,,,,,,,,,,,,,,,,,,,,,,,,,,,,,,,,,,,,,,,,,,,,,,,,,,,,,,,,,,60,True,0.6,1.2,1.5,2,1.5,363,292,71,5,/rog_map/commit_version,0.12,0.1,0.25,0,True,/rog_map/cloud_process_ack,/sector/full_refresh_request,285,285,24,105,105,False,0,1,105,0,0,0,105,False,143,143,0,285,0,285,1787683696527268500,285,0,0.360321,0.77602,0.046156,0.097149,0.230983,1.565727,6000,1457202,641793,80.441,15508503,11193893,72.179,True,72.176,True,89.807,92.131,True,0.6,1.4,1.5,0.2,3,2.888848,1,2,1,1787683628.61,1787683628.61,1787683629.95,1787683651.79,1787683652.99,1.200041,1787683673.83,20.839947,25,1.200041,0,True,True,False,0.6,1.4,3,15,False,25,25,6,5,14.876,476,244,8,1787683611.11,1787683608.45,/planning/trajectory_guard_recovery_active,2.5,0,True,True,76,38,6,5,38,88.154,156,164,129,130,42.975,45.179,1787683608.45,,,,,,,,,,,,,,,,,,,,,,,39115.79649122807,30.363200070175438,19.208597789473686,11.152673719298246,3.032370547368421,72.179,70.52624269244681,3.103629575839735,23.17624581955366,1,0,True,,0,3403.828125,3379.7275390625,0.0,3762.21484375,2047.76953125,10437.390625,1556.7578125,0.0,0.0,../../tmp/reliable_link_repeated_3mode_seed6_10_n3_artifacts/seed9_run2_adaptive.attempt1.memory.csv,0,285,,
seed9,2,full,33,3,,strict-burst,direct,True,True,,,,,,,,,,,,,0,0,0,0,0,15,17,43,84,21,19,0,35,42,42.32256078720093,1.0076800187428792,3.222275972366333,,,,,,,,,,,,,,,,,,,,,,,,,,,,,,,93.08,5,5,0,0.417,True,1042220,0,0.492,0.292,,,,,,,0,,,,,,,,,,,../../tmp/reliable_link_repeated_3mode_seed6_10_n3_artifacts/seed9_run2_full.json,9308,8897,1.1,-0.941,1.953,-23.957,24.025,-25.938,24.917,238.769,6.998,1.447,,,,,,,0,,,,,,,,,,,,,,,,,,,,,,,,,,,,,,,,,,,,,,,,,,,,,,,,,,,,,,,,,,,,,,,,,,,,,,,,,,,,,,,,,,,,,,,,,,,,,,,,,,,,,,,,,,,,,,,,,,,,,,,,,,,,,,,,,,,,,,,,,,,,,,,,,,,,,,,,,,,,,,,,,,,,,,,,,,,,,,,,,,,,,,,,,,,,,,,,,,,,,,,,,,,,,,,,,,,,,42585.676258992804,34.88848944844124,23.43425227817746,11.452226954436451,2.4899802182254196,,78.58442040724181,,,1,0,True,,0,3461.484375,3438.306640625,0.0,3799.73046875,2047.76953125,10402.9296875,1556.7578125,0.0,0.0,../../tmp/reliable_link_repeated_3mode_seed6_10_n3_artifacts/seed9_run2_full.attempt1.memory.csv,2,419,,
seed9,3,adaptive,34,1,,strict-burst,cpp,True,True,,,,,,,,,,,,,0,33,33,33,0,6,6,33,43,20,8,0,26,33,35.031824827194214,1.0615704493089155,1.9134490489959717,,,,,,,,,,,,,,,,,,,,,,,,,,,,,,,85.7,5,5,0,0.371,True,1042220,0,0.377,0.177,,,,,,,0,,,,,,,,,,,../../tmp/reliable_link_repeated_3mode_seed6_10_n3_artifacts/seed9_run3_adaptive.json,8569,8082,0.843,-1.224,1.382,-25.047,24.025,-25.759,24.632,238.328,6.998,0.837,1787683810.084475,1.829,2.417,1787683823.719054,23.995,24.003,0,,,,,,,,,,,,,,,,,,,,,,,,,,,,,,,,,,,,,,,,,,,,,,,,,,,,,,,,,,,,,,,,,,,,,,,,,,60,True,0.6,1.2,1.5,2,1.5,435,312,123,5,/rog_map/commit_version,0.12,0.1,0.25,0,True,/rog_map/cloud_process_ack,/sector/full_refresh_request,308,308,26,87,87,False,0,1,87,0,0,0,87,False,120,120,0,308,0,308,1787683896116890123,308,0,0.367309,1.534639,0.048927,0.100574,0.194769,1.534639,6000,1953137,802480,71.724,17929039,11008206,61.399,True,34.713,True,83.908,85.154,False,0.6,1.4,1.5,0.2,3,2.899109,1,1,1,1787683868.49,1787683868.49,1787683868.6,1787683883.9,1787683885.11,1.209832,1787683895.38,10.269872,12,1.209832,0,True,True,False,0.6,1.4,3,15,False,21,21,9,8,14.023,483,241,11,1787683810.08,1787683810.08,/planning/trajectory_guard_recovery_active,2.5,0,False,True,67,33,5,4,33,78.851,160,183,124,127,36.782,42.069,1787683810.44,,,,,,,,,,,,,,,,,,,,,,,35845.950980392154,30.305755326797385,19.23192745098039,11.07200702614379,2.8986324967320263,61.399,72.78796258946458,3.172866370458387,26.035451079157983,1,0,True,,0,3442.4765625,3418.5283203125,0.0,3726.0,2047.76953125,10439.1953125,1556.7578125,0.0,0.0,../../tmp/reliable_link_repeated_3mode_seed6_10_n3_artifacts/seed9_run3_adaptive.attempt1.memory.csv,2,308,,
seed9,3,full,35,2,,strict-burst,direct,True,True,,,,,,,,,,,,,0,0,0,0,0,13,18,54,98,27,21,0,42,54,57.53336834907532,1.0654327472050984,4.168877124786377,,,,,,,,,,,,,,,,,,,,,,,,,,,,,,,103.43,5,5,0,0.402,True,1042220,0,0.471,0.271,,,,,,,0,,,,,,,,,,,../../tmp/reliable_link_repeated_3mode_seed6_10_n3_artifacts/seed9_run3_full.json,10342,9573,0.923,-1.102,1.834,-27.973,24.285,-28.486,24.966,241.637,7.0,0.0,,,,,,,0,,,,,,,,,,,,,,,,,,,,,,,,,,,,,,,,,,,,,,,,,,,,,,,,,,,,,,,,,,,,,,,,,,,,,,,,,,,,,,,,,,,,,,,,,,,,,,,,,,,,,,,,,,,,,,,,,,,,,,,,,,,,,,,,,,,,,,,,,,,,,,,,,,,,,,,,,,,,,,,,,,,,,,,,,,,,,,,,,,,,,,,,,,,,,,,,,,,,,,,,,,,,,,,,,,,,,41083.401617250674,33.58097250673855,22.344856873315365,11.234244932614557,2.468659296495957,,61.4301712947955,,24.65556126954405,1,0,True,,0,3449.1875,3426.29296875,0.0,3761.18359375,2047.76953125,10421.9609375,1556.7578125,0.0,0.0,../../tmp/reliable_link_repeated_3mode_seed6_10_n3_artifacts/seed9_run3_full.attempt1.memory.csv,2,373,,
seed9,3,sector,36,3,,strict-burst,cpp,True,True,,,,,,,,,,,,,0,0,0,0,0,10,14,28,79,12,15,0,17,28,27.820668935775757,0.9935953191348484,3.362370014190674,,,,,,,,,,,,,,,,,,,,,,,,,,,,,,,84.03,5,5,0,0.359,True,1042220,0,0.447,0.247,,,,,,,0,,,,,,,,,,,../../tmp/reliable_link_repeated_3mode_seed6_10_n3_artifacts/seed9_run3_sector.json,8402,7820,0.935,-1.165,1.495,-26.965,24.025,-27.733,24.285,239.9,7.0,1.115,,,,,,,0,,,,,,,,,,,,,,,,,,,,,,,,,,,,,,,,,,,,,,,,,,,,,,,,,,,,,,,,,,,,,,,,,,,,,,,,,,60,True,0.6,1.2,1.5,2,0.2,442,442,0,0,/rog_map/commit_version,0.12,0.1,0,0,False,/rog_map/cloud_process_ack,/sector/full_refresh_request,0,0,0,0,0,False,0,0,0,0,0,0,0,False,0,0,0,0,0,0,0,0,0,0,0,0,0,0,0,6000,0,0,100,19009425,10627549,55.907,False,0,False,0,0,False,0,0,1.5,0,1.5,1.5,0,0,0,,,,,,,,,0,0,,False,False,False,0,0,5,15,False,0,0,0,0,0,0,0,0,,,/planning/trajectory_guard_recovery_active,2.5,0,False,False,0,0,0,0,0,0,0,0,0,0,0,0,,,,,,,,,,,,,,,,,,,,,,,,24490.68909512761,14.099427819025522,9.728880742459397,4.368855870069606,1.289143,55.907,75.88574959210116,3.027522578691489,25.717869738452237,1,0,True,,0,3333.33203125,3309.1376953125,0.0,3847.76953125,2047.76953125,10341.9375,1556.7578125,0.0,0.0,../../tmp/reliable_link_repeated_3mode_seed6_10_n3_artifacts/seed9_run3_sector.attempt1.memory.csv,4,435,,
seed10,1,full,37,1,,strict-burst,direct,True,True,,,,,,,,,,,,,0,0,0,0,0,11,11,37,70,17,15,0,25,36,35.299707889556885,0.9805474413765801,2.2010931968688965,,,,,,,,,,,,,,,,,,,,,,,,,,,,,,,90.32,5,5,0,0.374,True,1042220,0,0.485,0.285,,,,,,,0,,,,,,,,,,,../../tmp/reliable_link_repeated_3mode_seed6_10_n3_artifacts/seed10_run1_full.json,9032,8340,1.298,-0.675,1.905,-25.881,24.025,-24.585,27.187,238.656,7.001,1.463,,,,,,,0,,,,,,,,,,,,,,,,,,,,,,,,,,,,,,,,,,,,,,,,,,,,,,,,,,,,,,,,,,,,,,,,,,,,,,,,,,,,,,,,,,,,,,,,,,,,,,,,,,,,,,,,,,,,,,,,,,,,,,,,,,,,,,,,,,,,,,,,,,,,,,,,,,,,,,,,,,,,,,,,,,,,,,,,,,,,,,,,,,,,,,,,,,,,,,,,,,,,,,,,,,,,,,,,,,,,,42406.410071942446,36.2523721822542,24.195658033573142,12.054652182254197,2.5426349040767384,,81.97805571742519,,25.050949268612676,1,0,True,,0,3444.984375,3421.7939453125,0.0,3744.52734375,2047.765625,10423.2421875,1556.7578125,0.0,0.0,../../tmp/reliable_link_repeated_3mode_seed6_10_n3_artifacts/seed10_run1_full.attempt1.memory.csv,2,419,,
seed10,1,sector,38,2,,strict-burst,cpp,False,True,,,,,,,,,,,,,0,0,0,0,0,16,23,35,81,14,17,0,21,34,37.646684885025024,1.1072554377948536,2.9137866497039795,,,,,,,,,,,,,,,,,,,,,,,,,,,,,,,240.01,4,5,1,0.139,True,1042220,1,0.022,-0.178,,,,,,,2,live_cloud,85.3372,0.18526,19.07171058654785,-19.730379104614258,2.266439914703369,6.14171,18.991300582885742,-19.59674072265625,2.166450023651123,../../tmp/reliable_link_repeated_3mode_seed6_10_n3_artifacts/seed10_run1_sector.json,23999,23332,18.622,-18.866,2.437,-25.729,24.025,-25.989,25.451,220.584,6.999,0.0,,,,,,,0,,,,,,,,,,,,,,,,,,,,,,,,,,,,,,,,,,,,,,,,,,,,,,,,,,,,,,,,,,,,,,,,,,,,,,,,,,60,True,0.6,1.2,1.5,2,0.2,1135,1135,0,0,/rog_map/commit_version,0.12,0.1,0,0,False,/rog_map/cloud_process_ack,/sector/full_refresh_request,0,0,0,0,0,False,0,0,0,0,0,0,0,False,0,0,0,0,0,0,0,0,0,0,0,0,0,0,0,6000,0,0,100,76937082,66058876,85.861,False,0,False,0,0,False,0,0,1.5,0,1.5,1.5,0,0,0,,,,,,,,,0,0,,False,False,False,0,0,5,15,False,0,0,0,0,0,0,0,0,,,/planning/trajectory_guard_recovery_active,2.5,0,False,False,0,0,0,0,0,0,0,0,0,0,0,0,,,,,,,,,,,,,,,,,,,,,,,,58564.9157054126,7.104564560780834,5.493625758651287,1.6093359991126885,0.42318141526175684,85.861,28.6379125704695,4.21648307753342,,1,0,True,,0,3333.89453125,3309.4892578125,0.0,3901.36328125,2047.765625,10288.82421875,1556.7578125,0.0,0.0,../../tmp/reliable_link_repeated_3mode_seed6_10_n3_artifacts/seed10_run1_sector.attempt1.memory.csv,1,1128,,
seed10,1,adaptive,39,3,,strict-burst,cpp,True,True,,,,,,,,,,,,,0,36,36,36,0,7,8,36,36,24,9,0,30,36,35.90850615501404,0.9974585043059455,1.5872552394866943,,,,,,,,,,,,,,,,,,,,,,,,,,,,,,,83.64,5,5,0,0.355,True,1042220,0,0.36,0.16,,,,,,,0,,,,,,,,,,,../../tmp/reliable_link_repeated_3mode_seed6_10_n3_artifacts/seed10_run1_adaptive.json,8363,7752,1.344,-0.639,1.539,-25.314,24.857,-26.334,25.375,238.402,7.048,1.488,1787684498.310963,-23.362,21.316,1787684498.274864,-23.404,21.58,0,,,,,,,,,,,,,,,,,,,,,,,,,,,,,,,,,,,,,,,,,,,,,,,,,,,,,,,,,,,,,,,,,,,,,,,,,,60,True,0.6,1.2,1.5,2,1.5,453,329,124,5,/rog_map/commit_version,0.12,0.1,0.25,0,True,/rog_map/cloud_process_ack,/sector/full_refresh_request,323,323,32,90,90,False,0,1,90,0,0,0,90,False,126,126,0,323,0,323,1787684548071241194,323,0,0.337078,0.475638,0.043308,0.083133,0.180312,0.861411,6000,2030864,878871,72.627,18973510,11876092,62.593,True,82.561,True,88.521,90.447,True,0.6,1.4,1.5,0.2,3,2.898853,1,1,0,1787684479.25,1787684479.25,1787684479.83,1787684541.95,1787684543.15,1.200019,,,45,1.200019,0,True,True,False,0.6,1.4,3,15,False,23,23,6,5,18.322,462,214,7,1787684469.99,1787684463.99,/planning/trajectory_guard_recovery_active,2.5,0,False,True,73,36,5,4,36,85.651,209,179,156,126,46.137,39.514,1787684463.99,,,,,,,,,,,,,,,,,,,,,,,36822.056074766355,28.51774697819315,18.078781308411216,10.437156666666667,2.609096342679128,62.593,69.20043007988616,3.2571164564209565,25.053551630839774,1,0,True,,0,3422.88671875,3398.7509765625,0.0,3773.671875,2047.765625,10432.30078125,1556.7578125,0.0,0.0,../../tmp/reliable_link_repeated_3mode_seed6_10_n3_artifacts/seed10_run1_adaptive.attempt1.memory.csv,2,323,,
seed10,2,sector,40,1,,strict-burst,cpp,False,True,,,,,,,,,,,,,0,0,0,0,0,13,32,33,93,14,18,0,25,32,42.335145473480225,1.322973296046257,11.43531060218811,,,,,,,,,,,,,,,,,,,,,,,,,,,,,,,240.01,3,5,0,0.395,True,1042220,1,0.012,-0.188,,,,,,,1,static_pcd,80.857,0.14292,6.3403000831604,-21.025339126586914,1.9005600214004517,6.99135,6.481100082397461,-21.04990005493164,1.899999976158142,../../tmp/reliable_link_repeated_3mode_seed6_10_n3_artifacts/seed10_run2_sector.json,23999,23482,7.315,-21.11,1.896,-25.725,24.025,-24.672,25.298,180.186,6.999,2.667,,,,,,,0,,,,,,,,,,,,,,,,,,,,,,,,,,,,,,,,,,,,,,,,,,,,,,,,,,,,,,,,,,,,,,,,,,,,,,,,,,60,True,0.6,1.2,1.5,2,0.2,1117,1117,0,0,/rog_map/commit_version,0.12,0.1,0,0,False,/rog_map/cloud_process_ack,/sector/full_refresh_request,0,0,0,0,0,False,0,0,0,0,0,0,0,False,0,0,0,0,0,0,0,0,0,0,0,0,0,0,0,6000,0,0,100,83583904,74885054,89.593,False,0,False,0,0,False,0,0,1.5,0,1.5,1.5,0,0,0,,,,,,,,,0,0,,False,False,False,0,0,5,15,False,0,0,0,0,0,0,0,0,,,/planning/trajectory_guard_recovery_active,2.5,0,False,False,0,0,0,0,0,0,0,0,0,0,0,0,,,,,,,,,,,,,,,,,,,,,,,,67474.15870153291,6.856401100090171,5.444202263300271,1.4104936907123535,0.34445998286744817,89.593,26.843780053310514,4.36439908529288,33.072043308589095,1,0,True,,0,3349.4296875,3325.1982421875,0.0,3859.484375,2047.765625,10314.44140625,1556.7578125,0.0,0.0,../../tmp/reliable_link_repeated_3mode_seed6_10_n3_artifacts/seed10_run2_sector.attempt1.memory.csv,3,1112,,
seed10,2,adaptive,41,2,,strict-burst,cpp,True,True,,,,,,,,,,,,,0,23,23,23,0,11,14,23,40,12,9,0,17,23,29.629175186157227,1.2882250080937925,4.199245929718018,,,,,,,,,,,,,,,,,,,,,,,,,,,,,,,75.76,5,5,0,0.402,True,1042220,0,0.451,0.251,,,,,,,0,,,,,,,,,,,../../tmp/reliable_link_repeated_3mode_seed6_10_n3_artifacts/seed10_run2_adaptive.json,7575,6970,1.004,-1.102,1.699,-25.992,24.025,-24.875,28.259,232.472,6.999,0.964,1787684815.578201,14.179,13.205,1787684815.34688,13.915,12.419,0,,,,,,,,,,,,,,,,,,,,,,,,,,,,,,,,,,,,,,,,,,,,,,,,,,,,,,,,,,,,,,,,,,,,,,,,,,60,True,0.6,1.2,1.5,2,1.5,435,309,126,5,/rog_map/commit_version,0.12,0.1,0.25,0,True,/rog_map/cloud_process_ack,/sector/full_refresh_request,308,308,44,84,84,False,0,1,84,0,0,0,84,False,107,107,0,308,0,308,1787684884648806805,308,1,0.323379,0.561092,0.046754,0.095959,0.17011,0.95367,6000,1766237,769149,71.034,17842478,10710184,60.026,True,62.299,False,82.299,82.103,True,0.6,1.4,1.5,0.2,3,2.893254,1,1,0,1787684835.9,1787684835.9,1787684837.03,1787684864.86,1787684866.06,1.200018,,,21,1.200018,0,True,True,False,0.6,1.4,3,15,False,23,23,10,10,17.931,488,232,7,1787684810.84,1787684808.38,/planning/trajectory_guard_recovery_active,2.5,0,False,False,47,23,6,6,23,77.701,162,176,124,124,37.241,40.46,1787684808.38,,,,,,,,,,,,,,,,,,,,,,,34931.771241830065,28.64963405228758,18.24939718954248,10.398229869281046,2.6608420065359475,60.026,78.66535523931093,3.201882715506809,23.922482309217365,1,0,True,,0,3429.51953125,3405.3173828125,0.0,3742.03515625,2047.765625,10444.94140625,1556.7578125,0.0,0.0,../../tmp/reliable_link_repeated_3mode_seed6_10_n3_artifacts/seed10_run2_adaptive.attempt1.memory.csv,2,308,,
seed10,2,full,42,3,,strict-burst,direct,True,True,,,,,,,,,,,,,0,0,0,0,0,6,6,42,72,24,14,0,27,42,39.20837163925171,0.9335326580774217,2.034320831298828,,,,,,,,,,,,,,,,,,,,,,,,,,,,,,,88.22,5,5,0,0.397,True,1042220,0,0.48,0.28,,,,,,,0,,,,,,,,,,,../../tmp/reliable_link_repeated_3mode_seed6_10_n3_artifacts/seed10_run2_full.json,8822,8040,0.892,-1.186,1.833,-26.021,24.185,-25.332,27.496,239.075,7.011,1.484,,,,,,,0,,,,,,,,,,,,,,,,,,,,,,,,,,,,,,,,,,,,,,,,,,,,,,,,,,,,,,,,,,,,,,,,,,,,,,,,,,,,,,,,,,,,,,,,,,,,,,,,,,,,,,,,,,,,,,,,,,,,,,,,,,,,,,,,,,,,,,,,,,,,,,,,,,,,,,,,,,,,,,,,,,,,,,,,,,,,,,,,,,,,,,,,,,,,,,,,,,,,,,,,,,,,,,,,,,,,,40889.47906976744,35.45950325581396,23.823213255813954,11.634393558139534,2.428007923255814,,78.53643232500514,,,1,0,True,,0,3467.01171875,3443.8408203125,0.0,3722.9921875,2047.765625,10463.734375,1556.7578125,0.0,0.0,../../tmp/reliable_link_repeated_3mode_seed6_10_n3_artifacts/seed10_run2_full.attempt1.memory.csv,4,434,,
seed10,3,adaptive,43,1,,strict-burst,cpp,True,True,,,,,,,,,,,,,0,49,49,49,0,15,27,49,87,26,21,0,44,49,54.75458312034607,1.1174404718437974,10.582936763763428,,,,,,,,,,,,,,,,,,,,,,,,,,,,,,,104.92,5,5,0,0.385,True,1042220,0,0.386,0.186,,,,,,,0,,,,,,,,,,,../../tmp/reliable_link_repeated_3mode_seed6_10_n3_artifacts/seed10_run3_adaptive.json,10491,8564,1.292,-0.694,1.258,-27.909,24.04,-24.855,25.221,238.525,6.999,1.466,1787684996.053546,8.32,9.918,1787684993.983169,4.549,4.085,0,,,,,,,,,,,,,,,,,,,,,,,,,,,,,,,,,,,,,,,,,,,,,,,,,,,,,,,,,,,,,,,,,,,,,,,,,,60,True,0.6,1.2,1.5,2,1.5,474,372,102,5,/rog_map/commit_version,0.12,0.1,0.25,0,True,/rog_map/cloud_process_ack,/sector/full_refresh_request,371,371,39,104,104,False,0,1,104,0,0,0,104,False,153,153,0,371,0,371,1787685099079750805,371,2,0.374268,0.856756,0.0459,0.142419,0.212705,1.352995,6000,2338311,991003,78.481,17732176,12019527,67.784,True,55.907,False,92.616,93.565,True,0.6,1.4,1.5,0.2,3,2.895248,1,1,0,1787685039.22,1787685039.22,1787685039.33,1787685058.15,1787685059.36,1.209848,,,15,1.209848,0,True,True,False,0.6,1.4,3,15,False,24,24,5,5,15.19,485,235,11,1787684993.36,1787684993.36,/planning/trajectory_guard_recovery_active,2.5,0,False,False,99,49,4,4,49,90.295,266,162,213,125,56.118,34.177,1787684996.41,,,,,,,,,,,,,,,,,,,,,,,32447.22972972973,29.666587108108107,19.391036270270273,10.273612054054054,2.388297316216216,67.784,63.39217772342096,3.101923092516435,24.468674875248414,1,0,True,,0,3429.9609375,3406.1318359375,0.0,3701.19921875,2047.765625,10356.8046875,1556.7578125,0.0,0.0,../../tmp/reliable_link_repeated_3mode_seed6_10_n3_artifacts/seed10_run3_adaptive.attempt1.memory.csv,1,371,,
seed10,3,full,44,2,,strict-burst,direct,True,True,,,,,,,,,,,,,0,0,0,0,0,13,22,41,44,28,10,0,32,41,46.58701157569885,1.1362685750170451,6.60296106338501,,,,,,,,,,,,,,,,,,,,,,,,,,,,,,,95.79,5,5,0,0.384,True,1042220,0,0.458,0.258,,,,,,,0,,,,,,,,,,,../../tmp/reliable_link_repeated_3mode_seed6_10_n3_artifacts/seed10_run3_full.json,9578,8870,0.866,-1.137,1.756,-25.64,24.134,-26.477,27.482,241.064,6.998,1.429,,,,,,,0,,,,,,,,,,,,,,,,,,,,,,,,,,,,,,,,,,,,,,,,,,,,,,,,,,,,,,,,,,,,,,,,,,,,,,,,,,,,,,,,,,,,,,,,,,,,,,,,,,,,,,,,,,,,,,,,,,,,,,,,,,,,,,,,,,,,,,,,,,,,,,,,,,,,,,,,,,,,,,,,,,,,,,,,,,,,,,,,,,,,,,,,,,,,,,,,,,,,,,,,,,,,,,,,,,,,,41060.33482142857,33.98484084821428,22.880044419642857,11.102781004464285,2.227654578125,,73.09404561070517,,23.845270346994393,1,0,True,,0,3476.5,3453.521484375,0.0,3707.453125,2047.765625,10430.97265625,1556.7578125,0.0,0.0,../../tmp/reliable_link_repeated_3mode_seed6_10_n3_artifacts/seed10_run3_full.attempt1.memory.csv,3,451,,
seed10,3,sector,45,3,,strict-burst,cpp,True,True,,,,,,,,,,,,,0,0,0,0,0,8,14,19,56,7,12,0,13,18,22.024422645568848,1.2235790358649359,8.096248865127563,,,,,,,,,,,,,,,,,,,,,,,,,,,,,,,73.81,5,5,0,0.363,True,1042220,0,0.435,0.235,,,,,,,0,,,,,,,,,,,../../tmp/reliable_link_repeated_3mode_seed6_10_n3_artifacts/seed10_run3_sector.json,7380,6910,0.809,-1.256,1.956,-25.721,24.025,-24.842,27.077,236.791,7.0,1.494,,,,,,,0,,,,,,,,,,,,,,,,,,,,,,,,,,,,,,,,,,,,,,,,,,,,,,,,,,,,,,,,,,,,,,,,,,,,,,,,,,60,True,0.6,1.2,1.5,2,0.2,428,428,0,0,/rog_map/commit_version,0.12,0.1,0,0,False,/rog_map/cloud_process_ack,/sector/full_refresh_request,0,0,0,0,0,False,0,0,0,0,0,0,0,False,0,0,0,0,0,0,0,0,0,0,0,0,0,0,0,6000,0,0,100,18207156,10080751,55.367,False,0,False,0,0,False,0,0,1.5,0,1.5,1.5,0,0,0,,,,,,,,,0,0,,False,False,False,0,0,5,15,False,0,0,0,0,0,0,0,0,,,/planning/trajectory_guard_recovery_active,2.5,0,False,False,0,0,0,0,0,0,0,0,0,0,0,0,,,,,,,,,,,,,,,,,,,,,,,,23989.05035971223,14.550181558752998,9.907750023980816,4.640319784172662,1.401029045563549,55.367,89.55862538317864,3.1129285202845858,25.237151841114642,1,0,True,,0,3315.0234375,3290.6162109375,0.0,3879.578125,2047.765625,10251.2890625,1556.7578125,0.0,0.0,../../tmp/reliable_link_repeated_3mode_seed6_10_n3_artifacts/seed10_run3_sector.attempt1.memory.csv,3,420,,
